partition,source_split,source_row,content_sha256
train,4k,48186,129c412ad5f488846e4c5c825b3848e409f2ba947643c8b25a6fbd83710fec86
train,4k,166259,624093bfd2f9673f9e22cf025522ac2e430dbfce31b836ecb119562b6449a70a
train,8k,15337,b8cd5197d8b7f84c93d95d4fdefced099b6df8ee9046174dbffa296e9223efed
train,4k,69105,394a435ce50ae8ee3df1b70746b7fa4cf786caec0340a0e327a3be49fe3dbaca
train,8k,160966,f10cdc4cc9bc1625e12e13207c14a6d1be425c5382311e9a3d16245d427f35e2
train,8k,82711,39149eb3f303dadded255307085fb39b403ba38e238198d0c8c4b21d6f7e8b4d
train,4k,45215,17e20317a391ae6cbbb534e30c3df85f4d5382d211d4e642e7d66e65c548f787
train,8k,88419,740daa5bf505fa4413f198fb99b0aae67123d3bfec65e1549562c4fb44634be2
train,4k,137689,39679e5665b864fb854d565f0423897695c4743d3594db583600937dcfa1600c
train,4k,138190,63ee7e6439b6ca2415a685aa5eecdbf566aa4c299b8bc325d21931dead800907
train,4k,40120,293ec5a3068dcf3cfb071f39c05b3fbe5d899063c362e07978b9367980cb540e
train,4k,85175,b38df02a167336f46e77f04b2c7e2edee5b5c5295a1e211a0ca61fd205ee4940
train,8k,71299,e28e265142e9c4f3cc341800dd94105ffbbf27292b3c2a3282e82800a851f44f
train,4k,133531,9f555fd63d1334c15a8e2b4740037ecff8f6f1ff4d69d66201aebc7b83e0bd23
train,8k,55951,0a8db1e02631c502a4ddea94b6c61bd04874eb008d127d543af5cadeddfb8689
train,4k,1921,5083cc3a8631a561b1d28292071bbacae2c22ad47a46c7f45001694c8f825218
train,8k,61335,bde279fda79dd0341a04d9d881aed21ed8c90f73aac3e05ae7d87fdd7c1e6eca
train,8k,95076,17b7d33e7db374b416a44e1b575526bae214c76bf2a219a0230438f43a12a82c
train,4k,96306,c081edb478c49032b06ecfaa835267d2767ac311ccf98e4f97ff306561a1e0e6
train,4k,67274,7d34148117ebd6612355bbd198753f590fe123f2cc3555a001a44637aacee841
train,4k,60016,dc7e6e71b4d65f5241be574c6fb35abc156523379ad27a9640197e7a0a567974
train,4k,134668,8bf29e7e9429fd9456cf9520b5f815c63b458b0ae3a57c96c8341df646d31ee3
train,8k,24888,636bc8e28cfd77644955727d44ef2cab27bfb32bf9a6813397e21e1e5404a2ae
train,8k,52276,ee418934344817cee33d6e909ea912480f183c407fd89dba0b826aa3f77f284a
train,8k,1302,0758bbbe1335d181bbe88005f1f937b767439c1e9657e7feaf2d11deb0eeda89
train,4k,1290,6c2d69712867500f055cb3e0a12e8853792ef643c4585596df20a92d2c8aa484
train,4k,110236,3e25fba8f504eabeb6970c9ac8599f4a7a6b406b7d07cd2e9ed902d09ca7844f
train,8k,45329,5e464406263ef0d7a460e6d0b034a7174a6ef3ace4ec58ff27259f7dd76b6423
train,4k,181844,9a235bd8ea279cc62cc585fdf68fa59d225133b4ab483d5a411200b456ef65e7
train,8k,5595,16e121dd5204f103fa04fdf403dd4a373977813f365abd571fda2f4a41f02dba
train,8k,121996,454f47025b4649f054377394f016df0a9427bcee8d837dfe37a0256d2bc0c68d
train,8k,39360,15ffba00afae2ebfd9b7043b22c4e1df93128ac39c07b487bc3a938ee2305bf2
train,4k,170423,ff43472960c69633a0f29123e418717a1e02cff9a6dcf44a45a4e9aae14c1a87
train,8k,80989,2ddb0dc17313799572c634aab4270396b936a228c7f58a515b348420e26f50b8
train,8k,153902,f72492b91feee0b3a3dd8f94722c40ccbdc1c02657f00a8c98b2d2ab28cad0e2
train,8k,181272,ab045645db92f25600d7d73bac3518d8664a17d011bb6b4b8da7f673cbf07017
train,4k,145647,1b242715fde745137d710e73f2b73bdfb3ec8a6b7ca16f7234bb7b107263eef9
train,4k,22987,f06cb53b6bb708a80b49d039dbbb23ec25805c93e2f05963156a2dfdf8ab4d81
train,4k,141949,6c907b3bcf54fcb827b47d7434140eaac3ed9ab7e7df12e586e20f4cff210d40
train,8k,128403,1ef925b96492a097beeb41e7b195f7b4bc92686c11a096d37aba57a3f3391452
train,8k,35192,a87812bd37e8aa94465612bfd3c91d51ee5e2845b7cc6c5a55566b5e3cd39674
train,4k,18813,485930553ee01c19eb433305e078855bc292738a42a6b6d0942c6bccdb529212
train,8k,71606,2ca523e1d24d4289fdab0b961687fb1bedf59cbc9d68d673526694e21c2d0505
train,4k,102054,43f3c09c617ddb6275d770e68bf44e9a082789c6d9816b51f55c5ec285dcc0eb
train,4k,81986,67cc46960aab43b4cc4411b025434b9e4acfa755d8c8ec08d5bc00a2f6a25456
train,4k,143604,95ef9923d7a3cde31889327c5708163770dbaf970c8113eeebf5a07fcb49be9f
train,4k,54133,00b0a4b4ae43e8adae5008a70956c1a10a9e6290d2974f49593864af17255554
train,4k,160390,7b37e99530036844935936ed4b2ec33678c043378bf5ea49bceaf9137d4f12fc
train,4k,135264,9a37895e76fe51c11c62564847a623b94799c66f551afbe73a0a80dd9e42bb44
train,8k,63116,ca3036a85803ac27bc8b667e11ff0e1074b42305a048bfb4e208e0f8c986b168
train,8k,181514,a31a9b9bef7a5f72a9bb31e593f8b5f85a3b96eeb1e99fff18116e7061ce8a91
train,4k,189213,3a8c5659bf27c9c3213c099dfb94dfe18eebf89c60c1b900e71c67c9275de7ae
train,4k,47,1c94b77a8dac6997a6e6e17d00cc470a234d9230686da4b46fa33c2fa5b1ef33
train,8k,116963,729988be7854ec14379eb23133b049d1880cdfa3fb0db0054c1b77af69a812c2
train,4k,158137,dea546fe954ffabd9f242e61d07126a9407b129645be752b776e01ea4ff88b87
train,8k,55141,f02cb8db5ce1e63dbe39a00b4f61d10d68310bf1a56b928afd0c882b039c0ced
train,8k,42536,e52ffc4698112f7987e2e085295b4ffba03fc64b06d2282bb0dcb3b899ea5fff
train,8k,20940,bb27314be46a896e93b2f576b3397477f9d45c5018ac556b9420cd5126fc4c7a
train,8k,92504,67f2ece3bb69410d5405cc94536cda79c6a14a83e765a69ae8d3545375034fd3
train,8k,60795,441cecc096fa0def4be565e11f0c347fa4abb68f2067827277cd731a051f0127
train,8k,105016,c5f1743ac6f9ddfaf4ee37aedbd13279dd7bbcdfefea8a4a48f7b9eec7ea02c6
train,8k,82115,2f34bfd3dfb43621f9494b64c22d6823facadd9fd1405a69cc749aeaa6ffb359
train,4k,119397,27bd6bd0331274b1c52cb3a319b15fbb00d13e6de929f885eb2d443d5253e054
train,8k,113861,c329cad1e378049a8b051cad88f69f3992f6c89ec307106525a80b408e5a1cfd
train,8k,68129,41f446d972b1c3ef3460b71d54de7f7329312f526e09f8b16a2b2c49115df14c
train,4k,1183,f73b13b48a04b30876003782faba02210dfcd9498c5805b69486e0c783f37f9c
train,8k,45429,67affc945378e93419ee55400b1474409a7ff3cc6ab135a08edb3acd9a1be524
train,8k,52051,7edd217887af3f54cbc9d445f33e4137b2bc1c8aa9b693ecb2087e713ff73c35
train,8k,82917,ad16f867280853fbcdd04e1d2fb74767ca6d1fd856bacb59ca70c46578c58e5f
train,4k,145087,36ee19add7c8c63db97d3fa171368f2896dd6f33bc7824b4a7648faf51eae466
train,8k,71154,e6722068157641190aa42ac3801d774468ba4b60e11bac305829c6b6764fcac9
train,4k,72119,03a2b334555741511bec399dd120dd9ba6e709eff455f93a0460153dabc88878
train,4k,109687,4e150e791b12993a2cca88ff4b65de0c1a617806e78e0632e76480dcf3a98b89
train,8k,29183,858ab4f39563f088ac1ad364c42f14eee90846a165e2fce75926a9eadec8e820
train,8k,174064,9d39a91755aed2fefb28136001f39d8b6b42075887392834c36cc90198a3d738
train,4k,170319,5dd86ec872f94b2765c96ccbed7e44f887e7f45080d06d1052dc6216b903209b
train,8k,169084,3b01c11567f90067f3a6133abd230d223b25512da2b9a8adb11eee2f1d67bfd7
train,8k,136485,7652afb3c2004f6f82ab13d0df59258a4f295f5199d13b322be8261ac20e5631
train,4k,127118,06d35e90e079688adfa7eb5868a70aeeb394d50c030d5e0bb5af7c712c2d7ba1
train,8k,45687,9f6cbb6255669724e6d71f3762528a7e8ea51ca819ee40b87adc9bbc250681a0
train,8k,92100,fc88e9f337d5fc52d903c89d132b76e23a6ca1a811eaa39f49e69520fdc9f025
train,8k,110395,4f68311b8448f5b0bf743ff34ade46d8a242d3fa636c2b52c94fb08dd72db965
train,4k,105757,2e888a1166442b3d6f65e048bbab36fd53ec2b39fcafd8a7a518a88acfe71dfe
train,4k,108627,bf0706e0df1ffe424805ab3cf4b1c1662d8cae01acbbe3211b08e24884da9f94
train,8k,23669,cb029098d6061a081aa7d8487db0defa452f137dbe977161cf79215479c38c0e
train,4k,43469,39d022123d32003503d89d81815605013fedb22f25253ed5d88745ad42a9eb93
train,8k,65367,96ddea9333bf10bfd445ea5b3f6b79adffad92374874d9636fc41c9ec1803989
train,8k,5314,b0b3a8398e55abb55a4354cb4e0a6ade9859dd4dc407c51d4c78efeb03794b94
train,8k,131707,ea99343912efbf4b38b0c456fab5a921b3164fe6cdf092339bd4bf8e86d90674
train,4k,60947,4767465058f0569bac30127b2e3e019696a92fb52fbc1525c4e12ed1ad8c9ecb
train,8k,118789,ebc3ba31f324363f7dd84b479abb4298f4100e4faebeacf88b0f74182fa72029
train,4k,119661,bd07ccd990e6e9949b05abbf7843d53d1bb2ad6ed9ae0d483fbbd85a6bb5ca55
train,8k,111556,25f27b1b7ce75204cf41c16922720925fb6b9b886f79f9cb649b2240a4826562
train,8k,62783,b0c6e5e50f08ec8271cb8595412f66f2870de64f2967fb6b0956430b5933158e
train,8k,40654,838ea0c21401b80e9aca858a8a88cbd3668dfd25f6eff1062fc3f337db3136a1
train,4k,184201,a2843d4705792aa50cb57cd4567c4fb9b578377b9bfec2c350ed8820e294eaec
train,8k,74001,7bb5984b369655aa61f84de93116c0527c5f257df226d7bb120cea994eea7750
train,4k,155321,c68adaca04592805d82b4bc509c5828c254a801bedaa845831a3d95832745a4e
train,8k,104972,2db16c02ce6b969ca4b87ec27fa050eb1018f7e074a4738af7c80bfb50ef559a
train,4k,125768,b49c242c2271e162fc6f9f86fea7d868555cb638cee6484ac58eb306fa8f7e54
train,4k,50954,72dd742be91c547b70d9a4ee78ac29dde6b3d281beea4b5c553654529c41d09c
train,4k,94214,c02290c7bc23e9353601afdbcbaadcc28522b4a281351bc802374e1525d3570d
train,8k,44300,016e2f08338b92fa86ebd568c6ee2473053d305c2d437ec24a49481aed927199
train,4k,156764,2423660ea1b45a162aa1ec9fbfdd06613e455f09c179ab46c164a61a8a121fe7
train,8k,123232,d33d82445e831a803d1d37ecddd8c012357f102423d6684a0a9b5b4f9239a1e0
train,8k,132584,4e78ba0dc7b549d95b88f7ff735bd8ae0b99974b471f49143aabaa789c53dbb5
train,4k,114232,8e4d0e3e38a953b364f2b3b7ce67198a556990decfdd5e587c613cc945cde4b6
train,4k,179964,1c17b25ddc1f81ee11d18199fb95a7d3ff3fc2d653c9909243cb567c828fafe9
train,4k,124322,d4737a0ec78e098431d60502a205f25dafc81537c36ca9e2c04057bc795deedc
train,4k,152744,1df46386eb81407a7cb64a6eabb9c009df8aa56044a475002ab1b01da0f7d5a0
train,8k,63042,f771e8130dc6732aa7c7b7bf412b0f9e60056f7e33ed73f40b475605e524b892
train,4k,129872,83f0e93fc705b13a46e0f657aeece3ba37947ef719863c1a60b162fdf062b075
train,8k,28032,45ee5643c7233b196e443e8e84506e09bfa43d2db1cd2c36695d63daad2633f8
train,4k,55565,e2f402d272e5281d6a9c9a672cf24f54a778f23d4d683992869d7094118eae72
train,8k,102501,4c1a4891b0ddadf695bd1d291346a700df41ba10ebd8f7659dff1598dcb47ef5
train,8k,55597,d029ba005aeedb29cdc0cc921131ebf4d53e2cc29740e85a61fc5e6f8d2d69f1
train,4k,107914,73d13756b99fa100ca5f8f97b11808268024650a91b5515ec7227bd40a39dcc3
train,4k,37878,90c65b77337c14ca30f567b1041fc63a380f04bc8078c8abc23b06518e5ba04c
train,4k,71707,6f36f35f620da94c539e90c0e5a9e52291624d72fef01823da5ad9e9854abaca
train,8k,138176,564e45dee974a2a256fdfbbb51d31ea1f2d951222e354f1ddda4cd20fcde274d
train,8k,104768,ec387e6712391b5200c606496be30d3d3eeeb97359d8cad09c7d7493f7007104
train,4k,71713,1714eafc4aee97570c4e06b6723796c9e4a2293b78ed9048dd2f1696bcbacbe5
train,8k,134194,f76fc59d40820fd720f224c3047926408aaaced1e28587bdd15a1bc3d97af1e8
train,4k,133493,f30a81caf548d01bcec508454724b245d3c50f3ae5e9ac3880d806d5762ceba4
train,4k,100581,801d2ca6ebe22f7a09324ee15adf88528e1ca99459d5cc63cfc768af6b19ab66
train,4k,75710,41aa344c86fe151bc5db6a64c9d2d181979e23c08d85f212d07aec1fed1e6ef2
train,4k,84639,9ea8c59a8501cbe71fff443ce534c629d147f8d451fc8367bddce28bc227ecf9
train,8k,179028,fa956e147bfa3b13704d40b5d7275c2655372700f985e19c6c70db76cea22536
train,4k,94062,3f06f8d82ab49fa10af96478848409895a12e0acfedb55cb51c03ede6ae1aef4
train,4k,70973,a8130fbd4ca3b13c543b5f04b75cd99b97705166136d30ba50ef92995d3b5331
train,4k,22363,0acfdaa7d40793d024ed3082b82548de8b3f54088466b47c999ff7b0cb1e5d09
train,4k,84739,7f186f1b662dadb8d170e58d9982bd026056bda906fd2b0c91eac1d80831c1d3
train,4k,122434,00ee994c30a109e5483db24a4e531d2d1080ce26e9ad111bc3776efc9e5340b9
train,8k,22350,96f7efb4fccd9bb31874400d667bd428788be4046e433c6dc2b6c5e9bd2e249d
train,8k,104501,0abacc3544b61f238536dbba368487e1aa82dcdcb34ff49df132096ea40a4bc1
train,4k,182125,bcfdb5211b2ef8052c171b6ff725e5a0cdf2ff9d9c1c1ff9765c538a9723e901
train,4k,44547,052cd6e5f37daf5d3477ec689eb3d536b720dec66a03a36a21f061e7e8b04257
train,8k,1420,4c6f92fa1f72e4e3f9839edab0b4e9a60bafe87e092efa1f767fdf34287f18ab
train,8k,132301,6e0dfbafbabff678b429bf5159f4b13efd795fc5421f4aab6ad86661844b0632
train,4k,23039,5e8f521a7e13033ee4ccc6ef5fbe9c2ceaae2136a4ab5ed0f7857aaeec8261a4
train,4k,160471,603bf52bdfba9adb9122946a75c995d801ee565ccb131d01a52b86a3acbf7963
train,4k,122636,c0941b60c3b357537ba80ebf9baa0ad95a013f5696af3e6d277971f942fbd240
train,8k,126845,73e687081ec519bb6f78d31628702ff33d7167b1748562c9141622c6edb2c623
train,4k,96307,9a4ee2c15f32d22ff054563af640bcd4be447bd9170ac08bae67ea6385d1a85e
train,8k,46952,35ed84285888aea48dd698737f2f991f4259ffa6ad5e5538e7c93ea8f4df8b0a
train,4k,182165,7b05b534aedf0d94e7c972dc22e4d742536d8842427c03cf33ff9822c1d4a82b
train,4k,186143,3dc32e7478aef49e3ecd3df0351572cbb929ce69fad9b9e2560cab70226d8f02
train,4k,22794,f4768564219be00818eb5e28a9f394b5c3a6f7952b9b1ddcea47d5fe78a46e7b
train,4k,63603,11e3e199460a2f8f5355b810bc3c4578ad77be07859db41db68ed86fdb26937f
train,4k,13342,2a9b255ed7cd3160a8e63cf418bb3fc1c0fcd46faf597b32132f300ebf501d71
train,8k,80813,56e2ed712aceb001829b5bfe8622b41f0e973a3fbb197b65ea2552beaa4cf12d
train,4k,78080,44707961398922b6be6a6e47c4a8b70eb18c6d4f20b448154e4c188b8faf3d4c
train,8k,157863,b3d9e3cda6a57a74b1637bff3a9e47b7c61bf39af4c0203928fb87997cd69128
train,8k,135581,bca2e2149f281a775c9a0acaaed55ad9f216eaedd64760c8a6b1931e1fddec05
train,4k,35611,533ca56bd53e28016197bfc94c2825e0ddac93287fcd48f545d2cda537719ba5
train,4k,144255,5438388702494afe37734f683709a24f4263274e32ac9515b2b6b53f79a74860
train,8k,133836,65e800b8c24d985ad3f4e2bd6319e2d87de35c20ca1b7cc619a424ab4b02ef22
train,4k,33848,2d234aaf9037e5298067ea5fad408e9d81c0320d5ff05be025187c0d5173e2e5
train,4k,181183,b1cf278283188fabf11e89a98dd1e111090403de66ebf8f76f83a7da3b4078b5
train,4k,101088,61ec58818e3ef02122003f8653498c4352a851d77710f96be1476143f69839e8
train,8k,76,7aad1c2a1967b410b9987a80056522906790ee1d4f7081181c4be91a3b9db2bd
train,8k,56604,1acb99118d7e80805eb4e281aff6f58fbd193d1b06d10f9cb539f84acee2aaf4
train,4k,70015,a80d4f5f6dc3066b2e0dc5be55c3171f49fec282c53ce93ed4c4794c2ab49d0b
train,8k,167741,765fbb2c99cce113cdd7f107ba17ec7b2b48871309f5c6e34315b0e75b76a72d
train,8k,97183,341a5afafb446d7b8174ed08960f030e78fb1dea6236e24e62358c33a5f16f39
train,4k,71796,85b7526250939369a909b546fabf0174d0dd266e712e8d14e258fb73533c930b
train,4k,13747,812088673ca9c95d7255e55dfab15438113102bcee55299b59cc966af29338cc
train,4k,111843,ce97dc4c57d3bf450d9c062fd48557ce9dff7125fc302d693c9bed1a64189754
train,4k,175476,d1828a26436e7a7c1384c42f2b081bfd922e5fb9aed5478295e80f3a144b67db
train,8k,8207,549d11a37ff04545dc2e3a77489c83142d8126fa4109269c81bddc1af67503e8
train,8k,15936,f626d07d1f130696ed2d5437a7bf358884a09e44894ecf73f2645e7506f5ddd0
train,8k,46783,e48232956b6192617228332e4dea74911191c9a0ac45aefb7a72df59772d1c88
train,4k,171195,ab7901388a97a39e58ef586a6c4fedeae64591a66709389fa88098ed85363c3a
train,8k,139194,69ce951438afa7791ef530a97737ab224064c9d01a7e436a4b7adb29e75e0f8e
train,8k,124506,13049dac0baefb5315a7a5bd14e96c66c821cfe2caa044e38173b4e56cb6cabf
train,4k,106962,a797a2399f094b799c37fc999bce8b27028dbc93f9eb8cd1151449274a54d495
train,4k,12435,0c997b8a284ef4253ce93cd7d121720e47615c94a495298fb3a7009b75502dda
train,8k,1413,e5f4e4a8b082cbcec3cb3f1f6543d296692d41d7ab688a41fb860c87ca91de5c
train,4k,30217,a3d96753b537b947480b83320d3f7a76037146b79badf9fa5b2e3b3cb048a684
train,8k,133725,99ccc238eaa0864841f680b93e00f4346d5e9be9837c30b308188bda207d1c8d
train,4k,182843,a2e3e64a00f6c3b017b38fe798592be06a8f681a944b5acdf7da4695b2a8039e
train,8k,175069,6ee8a25367e8c4c44b4af6af167e0310fb33acf9ad29fcb652e954b3f57d8f79
train,8k,33816,1c335a929c6f361a091cd3c199b8930bcb9f6b12858dfed345a1abda616c9dd8
train,8k,111652,413eaf09ed2fb6d365dd7ed3f6eb5b57261783c566726758b05de07c8fa95219
train,4k,127831,88e86acb9b9795448dbd24fc774f26ea6753f28a5e5d241c85bc08fb584cf7a3
train,8k,119395,1862f16556f07cd090c50333f53359804ce53381c7e2f022d44f97d7e5ee0647
train,4k,113933,6a504ed41686e1e26379cebf87fb8eb76dff7d35b00d0ad54045207daf750016
train,4k,22501,a07b0c2fd898934c2bb7aba77a806257ce749f244b9fbc0bd7b8d0d365b3e6cb
train,4k,27536,d73e23d326f26a2e98d99b955aea034ff4057863b38953369c8660b994dc60f7
train,4k,174655,d38e5db5004392907da8d8161e021db43fe3d666bfe4efc3ac07a19edc68d40f
train,8k,61037,7750f940652bdd6649bc57f526e74f4feacd31683689500cb6f5b76605b85345
train,4k,137719,1441c548853839f6e366f24127ee3b5413674755f4d3b3716c972d8e443b9dce
train,8k,139193,d4743d74009ec5c36857fa68db3249d4d56a0376b710666d0fceea56d197e16b
train,4k,141248,45aefa8a569d709a1904ad39ddfeb1362c9f8b4e8ebe10f1d465049ca4a0501c
train,8k,173861,58f2d01d13dc8a2263039fc87a33023c5885e1ae9e2cc7ef448cfa25d6f65dff
train,4k,43878,cb8d778dc03be6f84911bae04b886f5de83d6a2a0cb09502920b1fdf750c2028
train,4k,181688,37108203a5271ee44aff4e8ba927006429107eef83ec2467e7ea36c599028580
train,4k,11768,81839505d4266ce4cc7c070e3402fde44fb2911e21925353ad4f796ab47db250
train,8k,150783,f8b273c5e839f0876710c4779e9788792d256fc303875a017a4bb84d4be4303c
train,4k,89992,07b582d13001bd9885f577a1fbfa7ae7caf594f416d68df0fc3c635e4f832b5b
train,8k,21603,3b1672079cbd3296feaf16aeaade0252f2ea5491518c2471d1ded3742635c1ad
train,4k,157114,61ef3b4a42e78fb4507f57c3188e8dd7ec14e86664de8fc94299f160547dbefe
train,4k,160719,4b629cc3ec04e7e8cea850c8e7f834d442bc62d5830015d5ed28fc06d8626290
train,8k,166365,052db2d597af5ede7a4a09633f10e7a786b23ebbf962081d78498d219bb88c86
train,4k,55287,19a44ca7fa85758685282ea3d498ba6e282021e9de187217234bb9b1c5489d53
train,4k,24842,2d3786cf073cd13eaeb30c24dd4fd02ecd141362bde17b7ded1c9740a6e42dde
train,8k,137569,a51a3f2bf60ece4e871045e051f25cbd096f3c73d2456113905d6b8818636be2
train,4k,52549,95a7b16e9cbc41411cc60d86aa321d1b3df736964eb0b4b7a925d35837636527
train,8k,60930,8e75b5df7514a0cd462580e8c7528d8439341d1e88830e8ecf358e2a6affca31
train,8k,110551,aea28854ec9b8e9d0905110e5b7543dbab342145b61c8f600fb797e8b469db06
train,4k,65696,489f7d087af8a9dbb3a9bbe023cb426b58ab7bc7f276ee90a1b4fee1a302898d
train,4k,40374,48ef029c4258d43e85898095a1d54f8da414857380fe0c8113e4a034ae7e295f
train,8k,83412,84083e5dbc65d3c597a08dbbb26e740ae59ed12291ef99af34474e70213bcb99
train,4k,62043,f60328b2c7d4cc258a81d53e187214a0bf7e479a9d5415ac18143bec8a847d7b
train,4k,174323,da297facdd04bcfdda8f7a965f19a0b45a5b278624ae68d468e568820f83cee4
train,4k,11268,71dd51cdcab3a1962b596bff5b013fae2b9ec5605f2c7660fb8c7b48d9becf5b
train,8k,121106,9179523504a4a054c71826bd9d6e211ca7d926ef20e1a5497ca34292fe5d2b3f
train,4k,91018,fe85a0eef91346114156aed2429ff895d548b882bb0c3421d6e5f1d4f9fe4b14
train,8k,3240,d50aa9bdc8abdb6d41275540ad169d51fd83f0821571230bc0d62816ddf00c0e
train,4k,154196,c8c2d1c31c47b3dd4ca64d6575bd5a9a952f76e23c7c008d7cb23f5ae91718dc
train,4k,113713,4badc3e2a58daf1947ed5f15a6998a09a6b200743cf8e0f00583ac35e031fa2f
train,8k,89520,b15e1b13811d5f04ab22090c4582bb7e431bf224bebc86f9ae063db1082efa36
train,4k,104062,c30eb9461b418028f01d06bbd83d1bf2a3de5c93a3c7c31753cd7b166ea03a6d
train,8k,72628,413428742c864345f6f62de01c83ca8625d6a461cb0d33e3c6d9b5d721b95d8c
train,4k,38015,3166703042fb833c68d4724d06cea72eda47d9ce4be95a27c2448ceb3bb5db01
train,4k,136932,560bfb6aec14cc63be1bf0ef772ff84a3d59d03344ccd01acdfad4e1d53409e4
train,8k,34484,affe2e33be30d3291e86bde705a1cb1363af2eec1553d48669859d97cfec08fb
train,8k,180225,6d7b89c0e3473a57a6f3752b27fac0a42a333aefe72ab672737b0e8edcfe3900
train,4k,36991,4e0879eb1cbbb8ac67f0976961613ce7bf27b391566d5c2e8492fccad7236eca
train,8k,86087,22527557ff2109ba8842d8ba880b74563479470a12e5e424479a7c6880feddef
train,4k,23513,01cc14c94d8b9d3181c9649ed089f64acf3aa6d50549a5c210ce7da76c56b9e6
train,8k,150864,9b10a0ec8552864adcddc0fb065000fcd989c8d06b961810dc4b329db29461c3
train,8k,20591,e5c40de5bf2c47a06a00eaa05a3d4fe263cce7898b94c73a4169b7934ae3d71b
train,4k,120643,1cf5bec1f90316497649823bde7818b8ded90f1529beab4b8b615cd6df54d156
train,4k,103418,72a6ec3c5a04d9e935f2543d3ed7b9d4e9aed9c4d5f56ef6d709ebe3a5a60fe8
train,4k,176154,c123f753a3313e23c99a4f80dc0a82b08f4743464e6d72826a4183f9d6e263d6
train,8k,105731,07b723dd5a68bad49475882af66e60224addb3880df164e2804061c8814a879e
train,8k,116442,23b5c9c3922344c1bc6a7d1cf3c6b8d6a3e4213ec52973d167286d958878a707
train,8k,130636,c9d5fe3bdb24239db5e02e94a1bbee24c088a87d42b56b14a84ba7352091d41a
train,8k,43732,b06a0ddc095fdf8a8ef60c103770216dde8991871d07a20dceb3e4cf32c64343
train,4k,7154,ce355193541768380136453662b653e0284c08d59bd3996c81936da7091162bb
train,4k,58184,bfd85219d9846ff319a4298ce0f441a1fdc872b83ffeb546f4ef306206fb4dd4
train,8k,91491,750e8fd237a45905d748e08b0cded5cc42b18f6a6168b710c25c5f746063a713
train,4k,147279,b22494ea881684c5f7c5eaf29cf9954aaf0dc50a17d25eaac2857165440ceeaa
train,4k,68105,cb9a128651710f991667be3d80f3ad972020b4c81d4823c6db4afa79fc0343d5
train,8k,126694,a4ae663d129e4a17d2ed760459cc3eb96f1daa875577341322f3cba612007090
train,8k,173824,eb3696153a1ac8f6ca1568a450460307e91fc72765734b6a12d8b3dc55b09883
train,8k,139295,5956a94e897041c04994b711c84bb38a1e8b36cce2466727574a2aafaa9fdeb5
train,4k,26978,38077a35cb760eb05d201cfdeeadbdd89482e5d5c040cfe1a6b567c3484b5cee
train,4k,43717,8b0766f2843614a3995e57ee1ace8e86d057b8f1081583f609e7effec1b06c65
train,4k,162134,06fa977420f1332a985c5b94cd71e082a5ca65fd0c5ba42df5607ef39c7db817
train,8k,109391,f0d9f17d812b7ade417c9934a10a488f8c4caf3bf01b7310686b87b6ff9fb8de
train,8k,1250,6fae0696cc2eee814932c7eabfaf47ae7754b8963a9b54a0cb7df227cba0b6d9
train,8k,140940,f7279b2b89cbdff5391579ec0554c6aea12abac86f0c236556b5b328ed62b7ea
train,8k,169235,9532d846f2a47734a65509e535ec5d8d9262debfec4a6efa752987ca9d993cb1
train,8k,98263,4d0a725ae1cb6edd145a6162c776328a8f7ed02277bc69734cafc09a44a9489b
train,4k,41545,9153ab3a3e137d2905b71190a3cf10cd3318bb4300390892db49358ef0a8d3f9
train,4k,109060,6f265e0cdd21fa8bea7e8e61d1932e69808aeb7f7203315b6eeb491e33412d73
train,4k,185808,efdaddf45d6e3482dbc08f1fc18875590f5046eb5b068f261ea4178434cee693
train,4k,176273,70ec30470974fa2c0084a4f74cc768d41a2dcff58b8077cd07e500f865734f38
train,4k,107132,4f7349881321fcb31330b6b64d844d1250c964ac996f7eb38f16304d6e9df3fa
train,4k,150239,c8edba253a904332562512f85ca2449c2d7857e0d332ebc2a34cd71dc9d3d151
train,4k,39896,e4d5d68f052fba6b7ed40aac21103d5ca11ba01e09dd53c0f3db4d8e78ee7aeb
train,4k,178518,da1c204ef4ce74faebc57a964ab828dcc93c9c2fd4c4695c471e4050cc49ff4c
train,4k,170081,5c6849732d7512da92b961f834763ab1c443fba829402523ce5c5ccd0de05b1b
train,4k,116407,e218984178f46314a372ef8c809ac1cf8676c0c873ecf885bb13bcb1bff87332
train,4k,71399,c6d04fdcb08b790254c26b4b0223562ab588057465d5277be38c97a7ade6a756
train,4k,26622,cc1cecfbe610ef742adf319998eb865760220999bc396f643a5e04cb447146b2
train,8k,158703,1549d4c77b1511ee3104c729b3eff4c353d974f418c96d3209b71555f2db42bc
train,4k,71372,fd6feac053f6e4ed04005bbb74195f39047c4e553910d0eb5e5fb621fdcc231d
train,4k,96326,a43aac4328a9b4d1fe4e6cffa9b7fdb7ecabe5b8d4ab028b428abdc38d85041c
train,8k,59305,7a4b6f4c99857d348b2310f4b8739d74b0cbc90d274ce61be80f5be7ebb2d306
train,8k,159980,12ab287c5f21133636ac2b0f617bfc1ba9a9d2bebcfe146d0a8bf27bfad3752f
train,4k,46301,b97f5217aa14b3e9797b9be77be3c9134a3cdff16905182c3148081fa9463cdd
train,8k,174385,8bfd7570a0801a98ab355e4617d943cbb6aaadb9963423c78efef20a03297d33
train,8k,52665,2b0f11cfa86a10050f234b9446a2a33a0cf1f3edf0a22e950fdb67742e49b0d3
train,4k,144109,868e8d8b8c5d2ff50814a2c72f3076e04f06a77c44d4e49ba6cae9e5143e37f1
train,4k,108955,63a9d3518597a507a7326ae21b5f640b28cbb7e32429daed4a82edf2bb0bb44d
train,4k,168439,39ca0231f4ef463fb652be928e81a6457c71bdb179867cb3c9d2ec84117b4115
train,8k,22741,6b132a0ecc42cb5b9e8f23414d8beb3fee5aada73d828e11bf18921dd221bcdc
train,4k,139780,415f16f70ae5eefc23101a3ba8d31fd2f1b04ded76f937e34d4e26000bb30082
train,4k,54398,e9fcde5e10be3a5bd3179a7680836d80d63bc69f1cfacdcb8c14bb1e111da3e5
train,4k,3651,f6f73ba34986bf6a70a9fe426acad242c9e2a5b78cd2be59fb481d9d8a21b57e
train,4k,134113,b33eaf595150ab803539f5df1cab24be628d3f37e0b8a3cbef12671e42a8c899
train,8k,117480,8a75c70cd1ff8a286f0ded7d3deb26772c24f7e662a9c4ceb29119052a77e10d
train,8k,124970,50707d4f3cf07e40a813211950608a7040cff4f51f12e0063ece23fd66151713
train,8k,115135,6eb36fe0c047e181c5a187dadcb7982dacf097a4fb6f7345b0c1448d8a8bb070
train,4k,152121,0ad36b4e74940a0556466bcbdd3ab4b19e58ee065037cf4f37fd3d5d001a718d
train,8k,56996,c1244e96b309fa1294cd8c963c4dad15bfa44b6621e24c7224b8fc40e7ebd930
train,4k,129114,a161bdaa59d0a99b91835f88dacb6c8e93d9d0603748feb80bc3f2e612c882a6
train,4k,149931,f69ca94aa78c15c81bbb6d159a96fd3ddac95c34d29f97b2310e6ae770286302
train,4k,136606,a05e1844c5d66740f4210cd5e4c946ba2b05da7a77dfbfe5eff6b9b6bbb637c7
train,8k,38938,35f8a9ecc3f6adbe6c1e13fa5a48129a44a723a11bfe064bfe9a459aac0d7a56
train,4k,91142,2d44f2d1ba3b538e63aea4f6b7e19b2a6f1d6f09579b25d0cafcfa70e6221a21
train,4k,64635,624c1fa4d409f76a508939775592299008f568f71ca98f7210afba3665922e11
train,4k,169388,4d3677d7ad7d15b2ba4c856e38e109434854fb4b737ef603f4f0bfc661ac6ebd
train,8k,129426,96aeff81546d1c876ab8981c266ebd27ae06a0af6cb28f747ae2ac66ef0b67b9
train,8k,53986,eb12c96e6f94d898d5b1a0aec237c4c3869d88f96e0849e7d5cfd9bd8133f9af
train,8k,69214,62576a035225d9629d99cbab09e2fdd99bed8df2956b94fd6982ac9fd337485e
train,8k,126171,d4760db2fec7c3aa581857fe815a4aeb5da79e44eb2813b70fd54fabd27e1657
train,8k,49435,ed67539799a610eb491b1308f933a97d4d58501a842461c59820c5d48706025c
train,4k,75340,92cbbe6ceade8a709c8011bd896351d2b234751f1d6f7f99bee156856708f25c
train,4k,80567,69a65d65a63cb3b68a3125c31d867978e2e6fa860821ee9a80f34cc3d5f4d34f
train,8k,39619,f9a784ec3bcdb96f2b95897cb04ea5f56e26c96604b096a6c725259b53c31d6a
train,4k,99007,6e2708bd54b043ab9461b26449fa90cd76f343cb6e874c5273bd95d9fdc29325
train,4k,65904,1d28a6457fbf89c16a091b820496f51e9d91c63c8f692e75865fee89ff51cf28
train,4k,168176,4cb5544623e1490adcefe02d20d444791d2eb25efc75bee8221c56bf9052da30
train,4k,10507,285a0297d62f32daf2d8b9e288748cf8ecb92edd695171cf3d3f2c865342c324
train,8k,10237,1838ef12c58205709901cd74969765eef418dad46fa1959ddb41f79429fbdb1d
train,4k,11882,3184d0f344d812c66a6c0cafbf7efbc394d1803ba407bc523051bc70e9fbc0a3
train,8k,262,a986211e7b1917d833058322dc427e34ef54d5fd3588da311f368ce23384c7d6
train,4k,1882,da67e3f04aa705f48430148506cc30d2b51848fc0c583130f796403d04641dcc
train,4k,13838,e77dcc87dcb259343a2683b3010067c0d37ddf92e0f71d12536a8e41a62fca7c
train,8k,161382,26543cecda9f55400a37545105471ec519f89f3615334ba89f69cff5acf14374
train,4k,145629,739fe82393de14b29262ced526d70d50be65943f7698f66088c539674157f508
train,4k,51009,0db85cc52d10e17d995fc533323d685d5331de8c3526861fc52cb0b5938a0cc4
train,4k,13069,e47102c5983107191fb5bd40cb06d597dc8d1007bcf3bccd75e8c9b7e4277f4f
train,4k,172133,5483a86cf065653accb711cc614941f9b07722ad51185d2fd5b7b0d5c1d3e9e9
train,8k,153789,1066e03352e0684244342ca0f3fa779255fd8e9796afaf980e934d0601784813
train,8k,115957,c28c14b8f51e099e145bb1e7e76c5f155b8fe696dad83a3974b34a812ffdc8c7
train,4k,119078,c0f3b113b4537870314ab9977dec49adfba2060b50472c52ffe15b3e60432737
train,8k,39064,5b5dd28eb79c86bad02d00a5c4cac46df282a039284d85c2bcaaed0ba931ec96
train,4k,186324,5d9501fc61c53cd5ba62a5f781a86a6597b87e91007885c8cdde87ede4ffd141
train,8k,76112,d44fd164240e48c443bb0840a8fe106c6329d73ce7fa3e11d3fe5bd77e6ffcbf
train,4k,120904,23ca1cc0e431033264be280a468527a231f43eddc39a3cf44302d3a099731656
train,4k,121200,7cc9eb3b53e4586248587645b2462b2a5a91296db29f755fab5b5b0144944bf3
train,8k,126812,87adb3026e88b26a49698667a3776c174e79aac7dc806c135f2288802534cffa
train,4k,144013,0206311f871a6a9e27b7c0ed4f65a9ef5476d6cfb4c069a4a3edfa130aa4a8bb
train,8k,80253,458aefb1e7d8a7407f5cf45a15948ab052db67ef44e2d1e24c7e113c282a8f84
train,4k,20356,b7503c857ee46d53fdbafb0b036a2d1b3d5a22acfca57650c16e23196e9400c5
train,8k,167982,a75cc96b77b79c3f70598075fa22428ebcd33510368301c416839b14b7d9f180
train,8k,28471,5dba0c4693ebf1959e296948a18e206e21546628838a51b2e93180a0b9d68278
train,4k,43626,b1e1b65cf3f63be20e4c0701c324bde8391a2d09d5238f2f3843460fe5de2874
train,8k,151707,732a58b836ef0b0b6829db99840893ea03a7809fca9ce631e9686e0e824dc9b6
train,8k,82964,6889ee62981b867464d6309094f70ae1f23fc3e72c9f13aed977ff92126ef252
train,4k,108240,21b58ae57ef96339199dbf30050c3ac4cf34333f0141e0fd914cb6e684892989
train,8k,118498,93a0d7492aefa339d994219f2435a973cf9513d047f99a289d0ffeecec1c89d9
train,4k,80987,a0ea760ba673e19d3be83b89754e9f25579aa58b19f69cf7bed26c8303d6e7b1
train,4k,154881,fcea393dffd39ba562e185ff3051d5dabbdea1783fe60b449a6fc522d96936b1
train,8k,44830,cb5e35f158d602992305f5aefd3037e26381e25b60d62ba95a893e93d56eb48f
train,4k,65271,1acd2a15fc78a75adf1226173dfdbdfc6dd3e26a7c94061948d5bf787da2b857
train,4k,53235,77aaa03fc1a5a5d752123903749642ed4e5e2748cac38f265ee8b9f00bffc582
train,4k,92931,9e879e64d84bf15cb95dc773661935ce83a2c502873d1bd03537920a99d5b7ba
train,8k,39436,a93609223d929c4e51451b05ad9bb58161e4153a761f0fefa8c1165fdf3fa3bc
train,8k,46762,63782cc325edce3141f019e8da264b08609b75604843c05e0589b423c650aecb
train,8k,77684,38badce12b47ecc3972eb630320a537ba9a126d2c9625de05ff7e8996939a85a
train,8k,66256,b769d248a0f4598af09aa279103a221138f5f666b575903e5ab1c28134e54f4d
train,8k,86981,bfc6397fe52057419d485f0709ff06bd0a884a23dec57ca8daa3c03f46df845a
train,8k,171597,30ef7f52bb664c2c4cc36e2457a189264781dc5c2e87b406cfeb858c67196263
train,4k,17600,fafa59e33e4291e3ab5505d3e0ff813ba0d61953ff96cf7a0f8f473aea70822b
train,8k,162673,6065ba16cd570dabdb0c8db139ff7ecfcfad5db4cba6e486f58fd04eda451b80
train,8k,11028,f678a44f83acb3a8577730f2598d414d30b26229561d85f78f756ebcf007ab36
train,4k,154267,d96ce4c08ddad0c0f74f5d5be1ecbd674ab0ef47c2d2a58bc9b7e44a44a72997
train,4k,103129,fb723d725088c1c50ebd0b28b42042acaf2f17a4c1974e54a36e7a2d3a61cd02
train,4k,53330,d75581e5e4785fba2f68d78ea91076c3139af3c8b089f008fb9768069f681f14
train,4k,67353,ec7776c9926d0e8791232c05dca25f1b38e3166820a1278bffd76081912c07ec
train,4k,55754,064c776eaed491a0561892aea2f507a830b338229423b1d51decdfedb2bbb1c9
train,4k,110069,e4a67df975d8345e368837aa5f501f9589677397dd34eff3e3e42d07881b83fa
train,4k,173844,205e0e30be17b18a7d3c1c1c4824c4f9586622d1ddc1d6adcdddfc40626456ac
train,4k,132637,bbe0923302545b5ed7241a66f5d08506c754a366096729c4986178cf79cc1319
train,8k,166250,bd6864d2f6091e0853af9dd0885075bd90f296ffc9f9d441312ab9356bf9affd
train,8k,153885,c31b67b65afb98087039271e0dd6f7fa2e0f9c36114cd9c28d87e12c49d0c7e5
train,8k,66434,8f98f101c54120f09bf643122003e5341021424a5a9c3a2f824470a198856766
train,8k,28945,a91c5fd7edced051a4454300570f8a51f888243f678850faf65668651b908369
train,8k,181943,b4d5bbd45378a79c3df94deda1f2607dbb8bc721ca74de0efd9db0dad679f8a9
train,4k,92492,797a4bb0e65e30bc8e352017fe68283b5cc98257babda4e97859a0208aa1ed17
train,4k,63267,53a0be2e706f4d078f82bc70e0785e76b9ff221b598c34993c81eb46fa85cfdd
train,4k,68068,a70db18915acbeebe2c78a447298b642204633af7bf5e000a5bee0c29b1fe792
train,4k,78048,cb11ddae3b174240a802fc4ab694b82a8090849ddc816f010ace68cbf172abbc
train,4k,28671,9bb74877781e5d7ca1e94039f71677fadbc9288a505f07efa855be070abf2480
train,4k,60163,8cd56bdad56a1cf87c9d1c9c928ce8b20aea54cc383000136472ba14b35b6a3a
train,8k,89559,119a9070fb2d9c3efe8fe80c06399f4d5036ddbbd8946c98bf432147b58ffc11
train,8k,92682,2ad437a0b09292c9c3068c749a1583a838bf192e0a81a13a9afd1984bb975f9c
train,8k,181283,4568a0f36da20d2f8e3ff9a5543830055fc37dac174ce3ccfc79d1ddd5bacfb5
train,8k,14755,21a8ca6fbb1b1f700f2c62a17941aab847633ff29f6306bdb74fc5ad02b16c16
train,4k,95395,8ee99f3fb58c2946332a6d44d75c38581b6fb8194c84350a78d54f2cd8323b6f
train,8k,28514,ce022ff49a56ca05273bb639af0879d4bfa110364f6660b0d4d08f98111a107c
train,8k,104332,d07b5bbc3e32ad88c347891d9ffe9c99c600605af68e749f63cd116482a77f48
train,4k,188463,c16843e9eedbe52bc8aff1b24bbc23f567e2a491f64af6bafa2c064c827f4998
train,4k,139925,d640a9e9b50cb7155c0c2cea5806e5f02bd4fc5ed2af7957e3e0df04292f570c
train,8k,49562,bda78b25cb1f36dc7e035dc85e894d72396328f8ed75c34d91904430cb5f50cd
train,4k,95755,afd07a12ca600b442a2b59acb5b35b5d85d8b623bcbf9fefe6157c674af98ffd
train,4k,20451,e3e12225bbdb3a1ca426a52f19e6825c5c29602beaa5642cd8442ee74c2ae337
train,8k,33012,1ecfc1ceb31c4b15a0987361f028204af4d5e96f6626624fde74fe4af230e1cd
train,8k,40871,a7df98f54488a3213ce33be1cb111a8355ddd9253bb736765046b9b4db7f9565
train,4k,16017,157a074c0ed37cab8ef1729a0ba5d0540876eed2ca6db376d315941dc0877cbf
train,8k,67857,a29bb514213c870254be2dd24a42a6fd1aedc37df80de1a849b920852df53472
train,4k,47633,7f64e4e58ef554866848a2266e106b43750b5621ba4ed70b0a5897bc45ed5876
train,4k,1719,b8c5a69c65ab0b53a140a554142c72aaecd4cc8c08e85e1f5e6d4b7b8603ef90
train,4k,45713,fc3b88e932e9b12f2ec9560ad320e69abc8551eccf4aa5d259a21f4a5b41529a
train,4k,53764,f93d8999f784575af94e6097fe2e0d0bce2555ec5df3fe5674ea3e5bcd5554b4
train,4k,51307,480e8ddf027ce9a7a80946976fe3bfb6928d65daa02023a5700ee9b2c42d9009
train,8k,49416,cb24fb273f371afff01c7cef1a1e2392a4c1e5804f1ed9d2685eebf0aec93058
train,4k,175082,fabd2c87b891d9ac0cdb0a31067c4129c2062d7374139f53d1c2be76c1c6b077
train,4k,166853,9cae968c506ca5d7dfcc2d3bbcb91bb0f7f4ac3c23a1ca0eb5e0e2aab9f460c8
train,4k,189039,dee6524b37a5c3f419467039130d30f68ff99c0a3204e51de5e61b88c7015493
train,4k,95505,9b9fcfefeed3169787d5fbb435df39616bbca281bed3343d5623ec9da300c1b3
train,8k,13139,64b95e2fb629a527d258662e07ff473aefbb3549a768477edc356b4791cd6579
train,4k,88891,eae442d58396cc13458b6b9ba6d6d41676f43b2c070a7f9e172a4b3d6ce9aea9
train,8k,99593,38bfc200631e2c617ee7b95ab955ee3a4cc63778bf8b54d4196bda42f588ce68
train,4k,115872,32125bb1a08243df385a85c41d614c6b3889fdfeed09b4ab47fe9f7ab966a91e
train,8k,104854,b31c5b20b4101bbc65b56650656461af744dd27cbcdd526d766b5cbec4b001cd
train,4k,168660,aefcae8e750708b5cd92c735c510bdbaaaa01c22f769d84397b641831acb72f2
train,8k,56844,63b29d1758403ac717fc7639f522fae60c049cb615e2d7ff51d3c82afadfe29c
train,4k,69,324ab3532a55a424ba85dabf61e91d13964a36b38e3eac9e621d95d7cb082004
train,8k,147228,37f5e0a628b6949ae069df53e0ee2fb3865ddd5606bb46b1b1fe8200dfc6ee8c
train,4k,82565,61e335586532ceca349781141c3144732c65f58a22947e6b42477f3d03af5e2a
train,8k,142854,c309dd604a5d3a6bbf39ee0594cbb03065822f1b110c4f96b52056034e05cd71
train,4k,62013,ec0e5b6e27d56446fe0c11a295c338dd2e747e73dab4beaa3154be2f430ef79d
train,4k,104015,6e83b55d558bf8a3c77f1212d8da0464466ba80942bf606b3f38d5d065583f26
train,4k,70838,e73a6e1c6d47afb1791f08b2620517e69c13f4ca4138189e5aab06ac429fff6e
train,4k,187067,0ca5847547891136c93398e38d2325755fb11f7a493f6a56abc42fd5c74e8cf6
train,8k,120322,ca1d92c4b21f2e97e1883502118c84e1477a8b01f40d3469e36fc366fb773fbe
train,4k,3282,4862e19f9fe962c87df1122407ff0aa7a7929f7e81ff919ebdb1cd75c8181d8c
train,8k,6756,027762489bc317864c25b013d2b99fe9eb1eda7b6e7e41a48d37a2dc301d75a6
train,8k,31256,1f0de77a2c0f62a3e8a5b155ca9f357fbfe3e6697bbbcbb0a972d335a39f9903
train,4k,80632,064e8d8c0421b637e9a7c1d476f899d6a0c5c986a84cf52e1755b9a587b7cf8c
train,4k,92174,96b89874fc6a85cdd2d0d27ed517076e5506076827d2bff6a7606a44d8ec184c
train,4k,186005,e2c103cf11c33f5fe17f0b6a137185ceac310c61835b593b9af8fce42d345204
train,4k,75722,682874d76726bb8dfb8a790b845a15a91acfe9f23ef9d675f99d0077e1fb28da
train,8k,169116,6d7c9cf3f226f2b245bd751e8ba3e512aa0f18eeb07b5cd579a4dbac595e0a0f
train,4k,123593,a89f8ad0efafe53ab7c37a23a458a13049d9b867f4952a27e2481a8f87ba28e4
train,8k,5274,3a06683546b136267e6822ce56306b4b4f2994908a6f4f52f7a63e60c482adf9
train,8k,41784,9b98f5f5f70ba1c4667260a0da9040470701f1823abf232331c2d3a43f56fdce
train,8k,34632,e2890a4d27c7c01d2be67ed3beba80b20551be43be752bb8fe2270a7b89677ce
train,4k,64518,12e81825aeaa01dc74e6e72d94978840c5cefd597d71831951bf3fa2ed437867
train,4k,101687,1ba46f67a328bdb1a1e1d29c480652e6a31506546390dc57cc25dff136a83a4d
train,8k,95826,28e120ca868cadf7af5cab3f942b766641733ab474b452be6592b0c345aeda23
train,4k,33561,e01f44b02c62f0002c56e76737bfae53c8718014c00f2d43d1090e3178f5c188
train,4k,45029,c924c5e80b4ac53cea7e2d8c1d4c288524df6dfd045a05f01c42ed014e2d782f
train,4k,11556,be15df97809a7269eb848475e38cf0886632994979fb9115946b383a2d0aec0a
train,4k,58926,3903d64830e7941dcad2c1cc248e32044a3b8842b3164bb53dee3efefbe6b83a
train,4k,96597,17a32e48e48683f513171bf5065b4cb26f70e965fbee51293a24cad48c1778f3
train,4k,157693,e991d3d2c861566611ad609b5947c5d55db7e240f24e1bfa39a33b878cff12f0
train,4k,171163,b8cc3bec70be116c14126777eaac6e16e614e77f0f2d19bf476958f1cd4204f7
train,4k,110593,751e76107786f59c4e8900045506b71f709b10691861f469b6dea42cf340e0f2
train,4k,102152,291aa41e3c4bb1162e6f8e56a033da5762fe8b9fed7a59c601ce0fac9a034fcb
train,4k,9230,35fe60188eb04a2187d24530aa36632485542f2e744dfa5e17af00136a4a9489
train,4k,101801,ada16e1a046da22def6acf72bac15f68914b5cf15ab3dddd16e0123fc9acc16b
train,8k,14897,e2784af3042f2255c269302f6ec68872d4c5705966d8d717c33c060d32d376ba
train,8k,178294,f807f5b6a7dcea1c018e0033469caaf601401455b222d04281a1d57f0c012661
train,4k,37931,dbc7e0d5f7889854860abf40208ed28604089566802f42a7cc88a48da22ef778
train,8k,157263,4c8e74d2d83045ee14c9af1d16650a98ebadc60d8ef575655d2672e27c4ee889
train,8k,34161,dd88b512240db11aa34ca9a74a97964d312ad50b7ff8044cf2ec813065c635cf
train,8k,59456,e32de2a87bb79001ac73a2b218cfa69587d98d72b87c58ff99b06ce94b0010fa
train,8k,87890,5f17007300ccc3e193d4ab9054ec27e4b6f0faafe438002a28d3c31b9fcfadf8
train,8k,149856,8294eaf61160b6ed175b1cbc842bb6a789ee4e10c4d39b452cc555aaed4ef8b7
train,4k,28207,4bd66e59e0d879ba4239b697578d7115d60afce3fbeb0e70cc3c4d6926c15b14
train,4k,51510,68504165fd45bc9782940d420da5029c920ead7564e88e3c4773a9fa8d82c668
train,4k,159274,1ec315af961cbec0262008d3f3acca0f0fa4eb2e5eb422262b32eb918df2e531
train,4k,44509,82d47a5db6e62fc2bf1498da694d7dc8638e3f1c4569cacf6d832aa6c94f1e55
train,8k,19312,285914b50be3308ce8c709cf4638e0a7e54b7684fbe6446816262bbbace70fff
train,4k,160508,d7de47ec504d4043667b4e4f9d9bdca64cbb661c2b8545eba07b4425dfd3f0aa
train,4k,189346,f84dfb3956513d32d6cd9844e8dd126fcd9c9502af4abb15362aa00811cfa7e1
train,8k,6842,606b59a7996e776817bd2654c133102922b02f68dbd1626487cc152a023d2ab1
train,8k,178202,f3d11bd89569083093ce3f6d4d904e6284ba1887d838d9e31215b2e380549b92
train,8k,75563,21e81f44a695219e12306b941a6162cde88e1fe296d7fb26538b769e44c555a1
train,8k,37180,296faa340c272d231e879e36e00e65d46be15968a3a2d256bd6b91bcb4e557ef
train,4k,15064,ff71a26b96ce8e55b71a9868cc409f4dabcd8c59fb78bf5086d0f15220b6ebce
train,8k,114551,f2a2f8f9feb13a867931b8fa410d096f627ffbedf775ebef618adeaba3e28b47
train,4k,114639,919d5cd69ec9d01200a949f45a4994efab112051173d5f39720215b844df8e9f
train,8k,24349,e7f8886efd7b98c992ab1a0a9e415de57cae95bf507c39b9fb5dfc9c04005fa3
train,4k,76235,eec3d92ae48feac40e6942c2bd816a16a3569d4341cb172b3b8a7f94dd398d74
train,4k,85617,59b194469dc7b57bba1565c596c06956561b06b3cedfd9b7542dc28d76ab5bb4
train,4k,33242,e13ab7e006d1b79d8fdc928e7b666a50fd48cc677ae191e651a3eea00318ba19
train,4k,179658,8125d67d9b45bbce787e7944655542f45b70afcecb2349449a1a48c93745f130
train,4k,120054,afc25bb655bd405ff6b8167fc7ff11db6bdb8cca10e6695c96cd1f3ded2a01ae
train,4k,35353,11b33113735cc1f4d1eebce9115e8f4378265d8777372f8a3da426a4a87b9b50
train,4k,52575,27df7854c2f975c1c088063dd7288bb567e6ddc4411b6c8d459a1b8024a0f9bd
train,8k,9013,cae6d7d92296d390613fa26598142d2c9592eadaf18e926783ea25b88725f80d
train,4k,152007,5404f7d824bd3eb7f5141e2dff84f6c592396b65edfe68a58b7cfa4f52e5dcc4
train,4k,155460,51cd1fda06403f2586b987a09c2eb9c3be40b6bb8bc3dfcd10b162da4b562339
train,4k,132433,f5ca894de45a685497e300981bce6fc4ba559718b21edd7f4f195ffaa4a57218
train,8k,1650,3dc9921bf83be9c79ea57d12a9b1bbbcc47d864664b5978b39fd25431557cc81
train,4k,162233,f3635574f554222d6e49ae59bf17fa3dba39f66651df1de71e4bb7da17d1f0cc
train,4k,71955,51b51aff9a2d15c34b62fa929f59c97e41c1c6956d2aa5a3009a919355ced474
train,4k,79194,d21da5a16f2a09add860695e98e74e6dc5742a151e62c09aff1d1f313c9465a9
train,4k,13195,c8ac80498dfdb8df5b8f0ca635e46360834ae216c43996520e4440ec3c4851ca
train,4k,168526,0c49143d56c24e71186d08aee3381dd4d65c6e922c74ff6251c96e6ad3abd8fc
train,8k,179589,b9f804604c789c8b7a09dc1168e6aea882b2c3becd2a55aabf8836b4876e850f
train,4k,141971,e9e2ac351412b23ebdec4dc87597de486392e71e8378aaff944e7f23fc4312ab
train,8k,160785,b8b4df8c0fbbf5dd9ac9cdbc0ef90ef367bbc940c082c8185cae0baef80f6b0f
train,4k,82943,2cd4482c21a6ac7c9495593beb4dfb9ccff5634c0b87f249f3ef08c4572b12c0
train,4k,104106,2a1ce1e9413048112e1cbb575a6814a64aed2d0af3eea5ca0d0906d6f50c5d60
train,4k,142198,2620eee4129b33a3e783ebacae3b31ee26ec01c7474a9dfa90c3171fa6ab950c
train,8k,17917,763958a499731dcae644def0311bd845482773b68db74d2e10210e1608002ae6
train,4k,83321,f4266a5530b7acdbd1483bcf211882a782c90ce560d0c1d9c1b71955aef2d798
train,4k,109314,ce8a76aade5f744afb1a4d952619fb5b7c515bad96574bdab2511227f8ef9154
train,8k,13981,061423da1bc00c17f283e3ab5c123d2864c86747450cf48dae42a09a71333a58
train,4k,126306,cc97918377b0f45d2fd0b81e3b8a9e6a30ff6f2d02adad9f0992e3b05c2c005d
train,4k,174451,743d8b2dc66aba62d2347f7e41cac7da84bb77e80c3cf0ea793eb0672b8ae514
train,4k,29218,b1b8e657c4ae3837934ddb1ddb6bf38f28e7abc0013e80bfd1e343cbcb6b7bcf
train,8k,30652,24d6661089a9fc790a0fa8351f730cc53c8cd900e786d329dd90a5d3daafb451
train,4k,162920,8db5f4e329787403bd04712db7ea2bcd8992f2cd9a3ef72054e06581afebbbd3
train,4k,57761,54bdfa69fef3fa5c50e2e85e7c4aa07ffef984825dc2b9d33d332255f7e3a468
train,8k,80198,d32562b2f495f6ceb8f62c0cc0b613753e28db8a9cb674de1a95fefeec45f0a3
train,4k,90447,6efad1736fd0716bf7ad2d6bedc122bf2306087001faa583ee2bb221e0c38637
train,4k,190448,b7668b8bf02c9451c88a69b7a9a80887e8e34f126df27fe4c4a83308bf158792
train,4k,71100,a42f549671a19d22f4919f62d7b49653ffc6fcdb7103401005941364a4e842f3
train,8k,82976,6e4104aac12ac7cb11d9e9c3e33ee6d3477b57d141ebb270590cd1cbbaa65dff
train,8k,119679,11dd934e5d7d4929565996f5777beb4b2be7522b6a521236584b2b9971e0878d
train,8k,129283,4b86debbc301623f0c0692baf7fcda4a07b00c150619cf6d8e9b94f766e2951c
train,4k,37596,d9a4b3ecbcd55f01652b8610f8226ee4a5b0c0f9c7a95cabc8a85c1d7d66a42a
train,8k,120514,b53186e28b9a67e761ba96f2ff0717ea74c9c06f97b5b14f9078485ff56585ad
train,8k,111865,fede6b298a9622c6a65e3139d15f71005b0c98598b2e207a695a75bf7bc857c7
train,8k,54719,523387ee00d0f0fec7726dbd49fb6f1f29cf191ad3ec1ea478c2b94cdf6a13e5
train,4k,61449,00d1dffb176847ce57aea7dc47956f9fca5852844704ffe3cb51d75363db9cac
train,4k,3961,92d08976d66774e08170bfe0366684633498c0099338a46803b822b8d98ba185
train,8k,84627,d7871c362c59a8a4aae8ed70f3b0e43795d278a107ccd562adc132714c369e29
train,8k,169049,8cb7404ec53707b01fafaf2b925e593d9da8a226c01043e6d696e76180ed8986
train,4k,77163,b2e48051bc9e13565bcb120ab7dc77f75c0f116766ca65627d2f8c5ad434d37e
train,8k,64194,6972f6bb5f507c1f471eae40d224e235b93b80e50d5e44b854abeb488856d0d7
train,8k,133125,db0ab1186488d6a3f58fabeb1b5b7a212071c0dd5604aac2b19f291d8d194e37
train,8k,163605,41592ba356abb64623658a5eb208c13e8329bd6a87fa647756869d80ba9d4863
train,4k,76294,2dd488a4ae431034eb102b78f8e62820479c6c2905266a15b23849f3f4f12761
train,8k,39551,4ca12a5abd637caa2ca68759c5d4c399a06cb7c955bd86dae767d63635cec8ea
train,8k,54596,828c8c2aa9c6438ffa1940d2f61496a2c0f3b41807f455e41a328d270840ed16
train,8k,166674,05dd307384b624eed788076a592c6176320ffaf6cdb797c19395ed884f71710b
train,4k,55554,e98586d2463d1fce06f5f648acc0d3b56b4fc6aab85a0bde332a6652f9ed8f9f
train,8k,176885,7a26d489fcdf9eff2602a447d8209e57946a6f42671d0daba65ab6fc01b95a80
train,4k,176760,64c967c7440502ae69d7291d6733bfa4d2310b89ace44f2c68e93a7d6e1e6f88
train,8k,40551,a1bd3ec1020d8c077a0334cd962ea20de7e141584f754b0eb03522f27c47625d
train,8k,159042,6b12fcb72da52a8d87203e5b526a3034b18cc95e749985c3cd306a3b25400797
train,8k,97757,fd819298510108e63dad7cc2f12ed5e3373732fc7fad90c1844859ddf8dd2466
train,4k,90507,0767e75155fd1413e9c490fa0360c3b3e33b76075dc2871b03f4ac83238f2f05
train,8k,156402,eafa38a52218013d97dcccd896245399ef0c0bac5f861ae619dedcd4f8060b1b
train,8k,91431,5723c9a7adcd0ccef1473d430d08fab930e4ac5b3f5954aafd0a32978700f441
train,8k,113571,7a3765d0ebaf86111c4924c9c34f9431167868ceb11da3aef009855993c5324d
train,4k,170806,37a5ec77148ba9d9950d8e8df96a06f6b0391e2fa7c769de8f3348ca8058607d
train,8k,173975,5b96a93260ca0c2c36bfbff2e7a15bcfa33c6652db197bc1cb2b830e5849c4dd
train,8k,169048,ccb37449f160e222d7cce5ab395b85dad4bd793f5ecdce31b2595bc1db9e0297
train,8k,115372,3774ca331f5d532aafbc2c218651a49269ccba31b7c4526d456f655fd6ec92ed
train,8k,12967,113227e0b937f7ee0b367c2952f0218f35d5680520fe062146a95956caa8fc44
train,4k,82264,869eace0057839cbe44a98e3cd1f28a2276c771c7904c7658f2c5c8f2bed64ce
train,8k,166983,9bde0b69e3d18e1876061e57aee3658ae41cf7603ca42b0c7eabf45035efad25
train,8k,105903,22804f2d04bcfd7cd16230710d0feecbc1b62467a31d96c84a19ba46044b1f67
train,8k,50292,5ab3440081187cee3b35cbc107d2b40233df097c446bdb541d1217755dd0d5e9
train,8k,14954,b1c6c93a98ee775a63c3ad29737dfa6c66a8206de87e83c46fa8dc01a53036e1
train,4k,3497,171862742b40b9b59166639ff57a46bc1ec7989d1ed809f166a0f6867e3b90d6
train,8k,116365,e3fdcdad4631a7d2c1f8a3976b2ffb8f71585dd0223340fe729c2bb838bb53c7
train,4k,36780,0fcaaec8f52f54f83818903cb5227cae522530b4676aff436ef0bc0f158ce23a
train,4k,91869,6286b77c0976fec2852c6f84df3ca4a9bcc85cf0180694becc3de4c4f1f26278
train,8k,61571,b9b3fa6f3602cdf11b03147012b1e5712d16d404f66178c563f078597e1e699f
train,4k,56317,0a77d24ed1e1de6484a4316d0ed965ab5c469c82a60de9b55bf7eeaef36de2dd
train,8k,33665,f0c090715f08656cda3a4b058036e44f2a95e20145654c26d1c2e3fbcc9cfc48
train,8k,22597,734395dc3c5dc24f64d0fee941f661eb1cd232d1327361b580eea812555ff40b
train,8k,3796,c18e5c91096d2c9b7b7ee75800d70a8da921542ff31606176c83998270d8ac42
train,4k,135997,2efbcfb4e00bd38c466a17edd1ef4454c09e21e47e288ebee13a03b17b35c318
train,8k,116687,d305c4a3b9a1a304082dfcce90c9d456e9b9de694693594418a7ff4732dcd1f9
train,8k,16618,40d6611588d8d5170d893a446c44c38cdb0ed345a38ab78630c5d8001ff9c4fb
train,4k,79631,2f093ddb182410f67c66161eefaa5762870c81325c9750179919aed65e33e8e7
train,4k,15751,649a16cb524ad8d44893b01d4b5b5d7a295c2389888ef83e4e31cb08f2c032e8
train,8k,83217,8b506725973c93d2e5dde880fa559f936ea5069fe3524bb6eca3f89b063200e3
train,4k,88684,bef27ffa39cde287fa28a2f04d7e8f83efbf414b2fca05d63cc4d37c40dd138c
train,8k,83284,4b0c6c93a3d7df88d8d4038e431862d7f6430c09b35381dbd52ccb2b8fb09853
train,8k,75172,ad98b105b7bcf1e69806cab93e2f3751b667ea38f172d3cbb842c17ec8e6967b
train,4k,128566,c65b9d8fd809a2501f2570ff814d740667e5005da3e39b6fdea3c0d287d407d8
train,8k,130955,0be66279dc017a9785e3549a0edefa62b6e193a54c4b1dc6ac79d7add739f00a
train,4k,162314,b0d8c6862358c7ea6fbd9a6d3b80add7dc28472a062d5aefbf632f07bacd16ea
train,4k,1923,f26326bea5ccd32861f6d99a2efd8ea326c9f52ecd352d7eb17a369d4564406a
train,8k,23397,eb9046c089876a1f1d74ff2a63fcb6128df5ba10d71bd91ba2fe09376460037a
train,8k,103344,137827959d533c88af27b7233dcf1f163b6f0051d117ee66a4651c42e152ec61
train,8k,81896,7a4e48791c1b72323e442b3e40d20a7ec2560403c372d706063f961926630628
train,8k,45505,2bf6b87241b33178dc437ffaf3bdf343fe46065d2e44f066de8e426489cd4b8c
train,8k,89181,08ee24ba27acac65b37d4184a3b036ceb55c5124c23f0975203b2fa651cc75fd
train,4k,105413,f1a20b630666b1c80f51bfad6a245ff5ed872b026f4d01469bbd688c7920dd87
train,4k,151116,b784feb7d63d92111e725e1b5f7fe51ea56b6490c3b5d83871cfea79f2780236
train,4k,23382,91d7cb6575c4d371c68f964920314c7591efad6428bec801702e57e3569afa2a
train,8k,111322,8ec73dbdb404e9773c1f0ca6368a8220076956d8cd49d89864ebd35662624165
train,8k,103332,570867450ce64be9b4de2ccb126c95d7cd79a9dc665ae8b8bee65cb3fbfbda1c
train,4k,191889,4307c4ed70b7e5beefefde23a6dacdc1026d90310355e65cd180ac8e6a947ddb
train,4k,78444,9146218d4314acb9c3937c319483d1cb0dd973c1b307c35cf524735eb95f0f6b
train,8k,110765,2c265de823605b93f80f6834662c124a527a2afa7c3600bc1f8de88cd06bc65d
train,4k,21932,c530f6e926dc7df13b1e12c0698619810fa77a6de0a7476051d900e86bd61645
train,4k,82175,8935ca4c01239dae0d79feeead105c2a346015bad5daf713074b87a5c2305efd
train,4k,181155,84b5c8cf21995375fc3583962cd43b11fc58ee3353fbac947b886a741fc0a1c3
train,4k,62595,ebbaf4894a03d75baaf19a80535c8eaf37ac09c8bf4c5545bbe082939d2a602c
train,4k,6979,ac3e5db62691941db43df73a8b5bf3ab1feed93b3bea1453a48e35231c8224ac
train,4k,36927,ae874ca6898624018fb23bbad20dd620ced53ffddd56f54ad7457c41f891a5f5
train,8k,52876,40fc1a1ffadd857b1212e32520621ebc4a54cf84db2ade8430b1715fd3dd4602
train,4k,74916,bff6bfa3e295a7d4104a5e16181c4520cb857dc432f9270cd6aeebbb469a8674
train,8k,32604,360af0f8d8d59a27eafc783f687850a1a976995821adede12329c033c322f9a3
train,4k,143167,36422c0fcfd0bda5700cef7a64000af623b61c9b49ec2457a9e52bac074a192f
train,4k,31748,08af198cd8d49d55f33b83724a74833a485154ed207a29d219ba609e6443d2ca
train,8k,160788,281476f59e49f9f6b0b513e496327f3ddbaad5bfaf1d813aa752a3466e670b7b
train,4k,164177,3da1cce8a9077311727d7e5a9cb2347f9065664ec3184b8804a1d27cc44c3f32
train,4k,42008,d5edbe9d568ed81a15118cd2e507535974c797bf68b2abf7d3534653f8eadf72
train,4k,87080,92ff00b0656b05dafd7294f2539a616e7561bcb59f579a93b08317e02f5a35c1
train,4k,54956,9a252f24b696e2889b6b0a3a7da392597bc158e635254ccb8990a06ee0e96128
train,4k,166683,01088b219ddc15497d5816c36bc9dcb30f6cea5f6ee36d1821394f58eecb1dd8
train,4k,91862,6384888088b40a13d9b670f73195d648a741524f4c0ca6c5191f683249bd028c
train,4k,166659,479f8ec20f5919c1e623465f1c5ab7bbadb8aeaf4b7a6c5d039eba2b57a75746
train,4k,156395,f406de79bae9db2462df32ffd1f25ffd8110892177c6eb54aa1641ed897ca11d
train,4k,112650,85026d3995d3abbe36247d075ea943c5236020fd542b9c731ac54c9241df6264
train,4k,79462,39027d6ebdc308d0d43f48e88656fdb8e39aaa5679b91189ee097207c024734f
train,4k,41247,b0eddb028d6f4fee759f093451d4d7b682716954fd96cc2659500b0e363deb91
train,8k,143056,2d57501e339bfce6f77d7f3d1bc56e9439e41190eafaf4fd5c16ff43d996c7d6
train,8k,54062,593f31f6f6581a8101c9f69d4c187ea8f76ec3ae70a995cf987a954368771d39
train,8k,110846,a8107c2e22108bcdce3981425b3915ea1095285264dd9a01fac68f1e574b3888
train,4k,31902,58bf88041ec953546a6a67f3318fb2ed383ed17c359700d7417d7301c5c26cc0
train,8k,42964,5fb3bbe1bb5a05323615ea14e2de3950de0cca1f6ccaf226d87e9fcd3a420713
train,8k,82224,7d03faa2b030156ca6d2db166708d115f18256c8c160aaa0d4335f4b5f5b73b3
train,8k,114189,15167d5caefcb553e40f845b214dcaff066cd770c36505b2ebe392a72cf4ad79
train,4k,115854,0a28f31903e25a22be45414c89f43d5a9128fa43b2e281977d6cb90e22392862
train,8k,46865,371e22e4b0224df29653d63b5797e77e873b74b237d7be92780ad61ca1c23217
train,4k,83376,79d8cda66ed93b7e41434601541564872f0d3386d7619204c91ba3886aae0b8e
train,4k,159439,56162c7e065737a13bcc3f268ea7b76318bf9133b009378cbfbae14f7581b380
train,4k,177226,d9d71b1d1aea0eebe2998cc4e389e3581e4614314c5ecfe6b1881540c1c75002
train,8k,103900,443f6c2c35434faedf848b711e39c84bb99fc3a08db5a9344027e8cf77a95934
train,8k,49763,e49c732b7714abedcd9b8d2c984dd3fc6798bb39d678537cfa78a6d8f137321d
train,8k,73803,35599a5b2c85457457360975266124f2ce649a411912311a4ca7ef89a0564b28
train,4k,59399,37304b254cbfffbb06f1bafaf40e1efff52f8be2d59e1f5ddb7872cc0f3168e3
train,4k,98676,ca6a51772acbb7fbd79a5d03dabb5f209048291a5aff6a35216cc20ad99729d7
train,4k,142149,098ecf14454f7f8e054e2a18371aca645f6ffbcfc3feda2eb39b3460c00bcca5
train,4k,70840,c9f8176d541fd19816cbaee5d7fbc710bba63fed9157a58a374d230e95b89eca
train,8k,35690,cfe43e7a4da5f8dcf41eefaffe8d4a173ead8a92691c04d1cf129f13c23d278d
train,4k,150894,3d0287212c10f4a4ad7d37973ea6941fcf52d389f6ea2779028895e332afe3eb
train,4k,141262,5557b898ac29b2015a55d38e753140fc00dd8f5771587a9eb54d2e354a6957a4
train,4k,176564,ed0c0a82c9a28621f2e30bb21f3a01fb9fc293e4ff93b0654cde0b1c7c1b8a5a
train,8k,32821,1d18a32cef68104e19600996c184e5f972b59db722600b185203de2391f1f69a
train,8k,146628,e0293e93433c14d9da3a1746cb292b6367838b834e2cb6c7e3c7034d44ce0ff7
train,4k,51539,a789c4cfa9912368fe41602371cea20baf63106c9af2c535d628f505673b68f3
train,4k,26195,f278c50f414873bb0d5a01b39e584eecea4411f0e3456fd4d52a0534c5398aa6
train,8k,44103,12b74d3458cdf5b5530e1dca5e4a63264b39f2b1e7b831a21088a4944c99772e
train,8k,44711,bdc94b4432b593364ac04a971f95d2119564ca4022f7c51246cb9d19cae88393
train,8k,176310,0d6d474be610f3daa80f6c88be8088a57fd1c4730005825e408bfe3d2f0f618b
train,4k,104510,bb49b1bd6e491d58087d3e3c582a19860e217bbcb2745e11e3dcf6543cab84bc
train,8k,84401,493c6507c07c854df3f15d388aec5591104c972b09b33306052dcbeb6f7f4976
train,8k,172134,353686ca565ef21ea4e65d9b0f09a3926d5b9d4b155806a7206cd29b9384d341
train,4k,62466,0e19e61e468aa994ed0e2e69835fba89f23a59c059d9aa98cca3062a9be7010e
train,4k,41414,f8739531791e8fe21bc97a43e4f18cbf51ecfb4493c5355acbcf8d968b9a7494
train,8k,24156,2f344e968a9b13508649a8bb45c315c9989758b0abe9255f4a619dc165c67e08
train,4k,129356,2214e7949a2208ca7aa5f33fc1113648adb962f09d8f8a3c80ac087dc3f91b19
train,4k,69046,a4af1520cdb85908ef498de7e3e3e8136bfc5ee2b9395d9a8f9c24b86f1c462e
train,8k,138564,f2bb31a561df91a160310bc6349c987edf58ca9ec6430742d69556faa029432b
train,4k,56438,90b18bb673629723f1cb0536f9834edb782ec4c4269ef64276ac0956ffcfc181
train,8k,145316,4cdcb54075c31523ce0a79467698de144b9b16c7fb9aba7e1467111520ed6748
train,4k,91262,4a33f093f8e4a690c3afe7347f8172fbaac426522437e1c76fc3b8aed7f26343
train,8k,33863,4835b7bd7fcd3b30db9ed771c619c188af543ebc464598f7e016c02e062433ff
train,8k,96794,d635389383934afdf7d591f62e4485ae2aed1185c514ffbdb88b856982543967
train,8k,8388,8bf881d9f773ed7eb03c69e3dc9da66e2f944a43c64a2a04695b07e54d515ccd
train,4k,79556,8a99af15903893e7c2c060f8cf20c12c33adf5d473a585edec11e7d53614e096
train,4k,14483,216e5bb905ce4f1f637289314e9b4a1f863c02244a839514c28ad806929b7e3a
train,8k,92315,adfa1c05db2b5b2bfa7b0ce072addeb2ac527db9a0c21f5b4921912622fba65f
train,4k,104048,f707a6fb870ef8bc367a91b8900104aff88dd970e61c5c119bfef28feba875b3
train,8k,90477,8bb40342135af5e52b5213bc2c29563e55d5c0fc04baeb31e8048272ad26503a
train,8k,122360,1179b1ac7a51af68e5fcdcbe4f3eade54bf2969a751e48c7dae408b82f8a18e0
train,8k,48074,aefea31e8f23862e92293c34382cdab152ae7a9228d59be94a7aa949c12d09fb
train,4k,94227,a0e0298ddc47314702ec9a243374596274533b5f0ca32b1cc6809d217d84d2d6
train,4k,66288,f01cdb5cebf4ccd22d9fe3711fdfefb2eecf1d7c9353a5835102570c95188ab1
train,8k,162048,f87f9cd77cb2a3fed4b22a37381b184cc952fe6e4be3d8d1d9ff7391c6c0f3bf
train,4k,110032,31dd90eba158680e4684e58966ad1b3d8681163a262bdf58ba1e988d305b5fa1
train,8k,106477,6d92a696f68ed0226ca5ac655ae1638886d5caf2f4af7ef056201c07b703791b
train,4k,91449,5376540a7a0e23d101e508f9c24cf087c5521ea900d9f916ad9b0111d8b2daba
train,4k,137271,db806d936780a6c1abae851bf6bc8dac4a8c93ae133ff271c92d92e0ad81bfc3
train,4k,84100,3349b6b3cdb571e420cf1a7ac716eb7f3043a9e605035b4ba3b1979ebd849af2
train,4k,21134,f1170c3d98082f3aae8e337061cb750cca974390e68a660cd4e187e91b4a00cd
train,4k,151,417b65618a4d06ae4244da1525fd1631b0aaa83afa05d70ce90cc5c37876d2aa
train,4k,128715,01df05219b4923a0cdceddd1f5665e3b9ad596e3af07a6069999a1ea836cccfd
train,4k,138474,15916d23ca3e48824e5ff916e1ba33e93deb44d1bed139c4e5e73910b4760715
train,8k,24903,8e669fe57886ca68333951fee3146dc3aceb4f726784ee319b2b35fcfcb6087f
train,8k,127186,17f02424135e304b8a2a81af45eae63223ecc1c162991993a66d0eaa1583b9cf
train,4k,169403,96114441a4d1d445de455a9b24971ff3260b21fb79d3f680012244f879bdd468
train,8k,11179,8f56c1f2eb6dcb8f169553708b4c5afb4bbd6727e48af954ea4946215463dd97
train,4k,40224,1893351ccd09f5cf1c18030c48beaad0bbbbe7c4789188cb64282c7917174ce0
train,4k,121132,1cdf688a8379e254e04ba2f15ef7135b469740da57ecec438ed15f68ab4ea64d
train,8k,136362,1fd406e0af54e7fc8f41e9e07544b9827efec231bb3586b705bb293753bd8411
train,4k,93059,6cd16398a7d08775121ef10e57b67767e708a9b5446123c05e64de7d724a1a30
train,4k,36137,d8c4eca8149782d159d42fd4c74b6af8e2df216b525497e6c3e00546a39c954b
train,4k,169610,c30417fccafa1809c9e1aae112550e8d5f408b82242f97addd4ffe3028b6dff3
train,4k,141822,6d74815709587c39a848b5dec45abe58f924070abe46e5eede0a73f768b6c57d
train,8k,133216,24ee56508a19c94a7c0743ee36e557ec7a0af8a45d2058fb2bc39fa44575d977
train,4k,44945,273eb703164c784033b0976a361340b24be10e3fed64764b9e4e245dfbdff20c
train,4k,156937,8c94c9a321d4983c0e676c7da32deb4261fa718ed6074173183114ea44329743
train,8k,50826,678d1eb79b60b52076e31e392206c797a99ab70d2c1fda1002ce72815168a892
train,8k,150039,a3f3eea343fe9ea68c04e34dd29330465fff4dbad5f6b7b9551f6d2bd9f98ed1
train,8k,149023,039817aab2747113b0e25fa968686c2abd168e0c493ba76eb2e1af33d373e96a
train,8k,95680,3f102ebc4676959b035e0acaf4cb6da936b0e980432979bd92b0693473a216bc
train,4k,129850,6fa619dc448f25bddf912050589f47bc19e792617522138df9d8f1508ca26acb
train,8k,170631,556b69913acfb0c468a87d35eefdd76d52da24abde471f9e2579d1c1f76aeeb9
train,4k,64856,7ace41b4d56a56c8eaf9854ce8f8b3f554ca060531dfdd232456c0e26e927ad7
train,8k,100522,106a8a93f5dd0b9e35a8105d94293cc41dbc3c68e5b593b93d69d21890cee7bf
train,8k,152665,be8a8b16cec9c9b8c9f5cd6925a01910a4afc9cd9cf0285e45c4ce7f4fd4de7c
train,8k,119198,fe19b8fb4285e59b696bdf59c6e8f9eb8d154379afd7e97e3aa4e043ecff6619
train,4k,27653,bc36091c1aaf5a98369a7cfb0a7a2e448a15c6b895c54d90f261562bdf9a2b73
train,4k,54758,e535d0fe04eb441c75ffacefd97ae3d0fa5b3ea6ba73223f7fe6b434d80f4325
train,4k,103062,f943c70045a87fbfd0871ed6bed7c840efb294bb9294407e3e6c48cde6293e05
train,4k,166340,e89edd26862b7ff46c0795a99b83e6b5c79885d3ed192448a1af29097cd3910b
train,8k,115202,5b7fde20d18eb7e166bbd02fa2a66416fbf3c38632b2656fc2b30e8defea8604
train,4k,135196,e664b5698c25d2e708cd64bbdd1bd5e63570664c5eaeb47bf295c2a2c1228dcc
train,4k,95508,7383ced4da16250b68178e4b23342b8f70fce53237fd1878dc905f8c8d1b8ca3
train,4k,18989,86213524aff5f869fde24d4c1957aea5e01851ca070460a739ead398fc5744c1
train,4k,45534,b2d2403bb2e00b5071b92ef9a5c8ca3b33acec1958de990dafe60fa214e03318
train,8k,50277,ab5b2322612c926275574123e65d97382b47080545995a21da19e3b07995e5ce
train,8k,110897,794f46520197c406b82247ec2af6054273bd0face7761146e63a097b268800f0
train,8k,56205,5e5539b0f3d1bcd3c9b80bf6d0eb29bfb3bc9eb5237c11521c12bd02e16339a7
train,4k,106657,3b26fdf300d0020c0aa2d9c70afc52760b2c0bc0602f8d9bba28f89b9f39b8cf
train,4k,118924,a1f237f634b26f7c19e124e36fd81ce5a89b81ef91d7b9b9aa81886e5b761147
train,8k,112509,3f43b42c82d9b2dd06083aa7f9f6ed1efddf0e1713e128709c675282e5ed1107
train,8k,13926,37f5386b7ae7111dfb09b591665f70441fc2e9bfe6b0d54f15b3dfb05f01dacf
train,8k,29558,4119ee88e9b819d77429abfa34782663d30b98121e0619549d87d0b745128892
train,8k,40360,f75aab6ef7f99b8c6d27aae4c860859d8fd34cfada3d772d91eb7ec7b1f23391
train,4k,123171,bdac854c215a2ff71443ff40ff0b031d06aefb07412e695421cb6929e80663d2
train,4k,107759,13943c0eae02c3d4b8565512ab0aed9df24f71db9c52f34d1f4f458c93082849
train,4k,75204,d22ea37537687851802c9c023e97ce13676d7d3c43535384fb780dbe661b5cf2
train,8k,126138,6779c97973a6e4040d1f55f9a47ad6001115dca976487baba14c0bc2cf898fec
train,4k,70441,8b78fb541d9edee0d242f57c5d9e57d79b61d623fe6b6993af1fe1d63194e2e4
train,4k,46841,5d211b9ea99102cd8bc8026f4ba9a4543223894778f3b97ce213e2ba06582567
train,4k,45235,a9b8c4aa03a5f9dc4eb995b01e22574d728b442fcaf4d61bb10ae44604b6698f
train,4k,70330,91a37e0b123f89f12f1ab713ce653baa9fffc93059c5a5a1bdc7ce057334012e
train,4k,164476,54721555247bfb7fecb91d22a56b541b2951b165be7fbdd5fc6a6a6e2ba3872c
train,4k,139316,5e1c44e7290f3cac427773e5f37a42e41dfad5152dbf51ca3c53cd1fdb4906cf
train,8k,139279,9165f2c797fee9bc8fc99ae601962c1874284af491847c8cf4647f0f01e34937
train,8k,15279,699e2283f73eabb5b197a3c5c336c9254ad8c422a1a9d66648c0199f29a7ae0b
train,8k,96975,2959035f76dfd33055278f37afae1075ec98bb0a0c1e29f8c94fbf1fdd3a7873
train,4k,108624,824d204d3a96262123cb5e6bd18833a618fd55373f25f4e95a11e1f9ee3f0f88
train,4k,105160,0c33cd4672b8bc786afb0b8da6810eb297a05a1d9d14f20d4f3213f376daa06a
train,8k,147048,18f47b7587e6e786e4308f993bcf869eea6f1eba0aa38bf1d042d691738c089f
train,4k,114181,bb704f041de5f9136dceabda0955bca8fa6ed859c3416f64926b24de450cc074
train,4k,123982,554441157c38d349cc4f9b91fa71f2e109de361690f30cb8fb18fdbcee34057e
train,8k,72652,fa63b665fcca86cd3ba0599ae6bc2fa14d1c26b9e8117747f4a0ba2bf5aaf458
train,8k,109680,6bdc3a0552b2166146fd5553ac6554e21b918027f64a93089852332982a6eb2e
train,8k,20408,e31c817ccefeb1af664a5607b723d35cdce6f05cacaa92e804ef0c36804cda9e
train,4k,128888,7fe035b09c8280b43c35888bcc31afcfeea9f2921a95f0ad575800adb84e0f0b
train,4k,61869,77bbe04d22f5091c889aa848449a3e8b8b15810fdf0c5d2c0f523b20d27cf80b
train,8k,141189,1f2a4bab719d4dbcfce4fb5b3d17f5eb00d10996b29645f2c1e6c791fac12983
train,4k,86390,4333111c006c19433c389fd085d462eba8a7c131cb4ec4273554a07bcc90427d
train,4k,140117,b846e9ef01e46d5c46b3d08c62a472e80267296947775d99d693812f0af06c7b
train,4k,181094,54302820dba33ab33ba4b0649ea2903ad1b13776d138e8692f7e8d513e27c1c6
train,8k,8638,3fa6b31b9488e20c18e3521487d2a254dbdae58fdb789596e9b53abce4f8cc99
train,4k,6879,b9ab8f88ef309be64605e48feb7be75bcca24a1c6732f88843c98dbe57d95134
train,8k,14991,257456dab87129a2c13308c5813960e952cb86ea34a00ac52f6376d749c078ee
train,4k,56494,e86d24eb35b7946a3478e27ce6cc35e95aebabc63d1b609d7199d74e6fefc107
train,4k,66855,64042b0470ff6e848b374fd1d691bd2a99f3062b906bd6baa4342f340ac979b7
train,8k,35417,e9d3f1c0bd293a0b6484490aa9bd749d99799ed5a328ff0b4b0b7d4c303bd228
train,4k,123485,71fd84025b3531f6a01f2cf8aeaf1c081b62f4bbfa4e34094277afe17f208f99
train,4k,118204,32ab146707b94c0a490df714433d410b971bc3cd7f6881cf7dfdde6872c52565
train,8k,102292,91f525331c46535cf8937336a38f142d08bd41e538803721e17430e9ae83bae6
train,8k,15704,cfc7d82525d70f11bf226661fb7ea2005096764d092965cdc782ef79956805c1
train,4k,93736,946d7fffbeb3b9484b60b71d2469ae76e556a26899de9c95ec97f8c6c449c9eb
train,8k,5627,86ac8660657da9bc982e96b4fef7ff5c506551429fe4d630b484b5d21c46c410
train,8k,164393,27cc12296784e9fcac3bcb90e7c04bc563f7a86fb6bcd570218da4ae460918ac
train,8k,77884,ecd4bf03d83abbca58cd44de281345b9ba3a75a9abb5896fe7ea545a2190705e
train,8k,9552,ecae23855413b37d9407914bb8589ce87831a155786674681b51c89252f862f0
train,8k,7255,d217d8093e02b161f885c7d2f434911aebde87968ae911f05a885840cc9693a9
train,4k,124850,3505ff283322666f705861105b53fdaf8569f6e0d1431e1332079e7ca2ab9a7c
train,4k,41220,30a5514d3ce6d6cfe3a58aafde59904175b30a20b72cb2f5d6510e663c4c1d0f
train,8k,43967,96f4fbb5af55888e41a62c5c83b4e3870c87c991cc1f49949768a947b7828106
train,8k,119029,5a53e700d225c4ad777eabf06d52a63e42bdafe9cadb0bd3fedec9d19cd2356f
train,4k,127924,d970fd48f95383378427d18212d92a2c33eae5ac09a8e78dfd6d308469cf7b7c
train,8k,31412,5a45280b6a28f73af4ad428897e36806ca26c64cae5b5ab805f1a05892069970
train,8k,22855,150e1df11ad94e8c913e5c8a6ffe75d696a6ba10c80033eb01cb8af7a3e7137d
train,8k,17942,333895108b0e296b47ee9a7916e837e731af0003c4543d3c1b2dcc4d823cadad
train,8k,152933,15f234900055c12a6d1e080648b745c7bca8303b277897a2400462f4e2ac3810
train,4k,179047,8198e76ba754b001190a71447291ebe9bfcf5958d15b01f42ccbaa8d067988af
train,8k,101464,b0c53d95545098e714bde397d1f8bc6e052c9c51e3e95d7ac66e3f2fd8f36fdd
train,4k,72436,cfc4e8cbea77f877c5f2e4f1307ca349208fedc52848a1b4fb4c40c7f673830a
train,4k,126399,eae21f30c982216191cba94b178b79d56ff5ede5f2b2b15d08cc5b60b10b0d50
train,8k,113896,0cda361a82a0fff7dbb21a333b9805ac347d3dc543cd04f7db587697f7fb1afb
train,4k,149271,a47328dcef4d65d47cbea50086d8e730f67edc69626831fbaaeb80ded632110f
train,4k,109476,428513eb0be4085a8ba42aeade1fabb674e1dec7a876196cc3059069e5e2cb73
train,8k,111633,a293089a945feae5a2df5916a65e0ab669023e4e5801c9b967d4b375aa0575f5
train,8k,23140,cf54f4fdd89e5abb25dcc0c97ecb4a23e9af1e5847edb57c27105aec0ae64545
train,4k,56638,284aa7888ac918f6de8ca88089e663458f4e7a92bbd203a2af7ada7a642393d3
train,4k,4893,ab20082d518e04a00869f0a796ba9cf438b5ca9d4cbcd4422e405b07bb89fa8b
train,8k,118273,ab8bc1552573b696537a3e9ccd33260db763d39e29b898c27e4841041b03e378
train,8k,137316,d7a8be84c5cbd0a951b3266552e4b794b73989644b9b7fffe31e673b2cea6cc8
train,8k,118531,9a54045109b7580d0e3f918f5d6305c690605bf78ec1609c8e1a2db476531cf6
train,8k,159550,e86a171bf894a0a4d381f20e3f4c18217cdd2bdfeebc226de74fa97aa0649848
train,8k,80275,e2fceed5aaeb21f7265eb8e3c82109f32fee829848d3877887b3c0845c52daa4
train,8k,92686,f388ea62dc68844eb6ea38d7a65b6fb64d036a2bd3cf847109198d4147f8ac46
train,8k,9582,c8f2e6f38c1ab9afb4192538095d8f88f4f8859ed805b20cb43abbcba8f44aa9
train,8k,18810,6e11031953b4e8aa00aaae97336d1897b68d0dcc4503c502989de50a689ac358
train,8k,17207,1b7e1130062852f2f2cf930d6a2b0af99e04c9e3cac9124c2609201b7c362575
train,4k,186988,470330940037b102daf7e1909d81c4b7747678949f87efe3c9bf549765ef24ae
train,4k,32724,7ddae0fb92bffcb5c2e7c508c7f5e13a4542b84d3f0ab79d60a1775b6c35f648
train,8k,67629,7ff6faab45ff40bd4edaeab4d464c61533512ffa3a6ec5fff44d6ebb767b0e7e
train,8k,132043,f20000d82891ff1c891106476448ddb8b3a26858b7780127118e53709c30b750
train,8k,139823,4fbd29e0f509fec01e293a1367ceae2cb48529ef3768e081524f49aa12816232
train,4k,110215,a59ade83469fe0a6255beda1dc092663ae3a9af04d19adaed1978c6974d81d6b
train,8k,61957,47d54bc5c97e8570a8e21c777b50a0c19fabd7b3cd52e1b70a98bdde44ba678f
train,8k,127643,f15285b0863416481334eb47ddef263b9c632f232adfaa9a0728998411a2df61
train,8k,51893,bd89de5b86a16f1407367ff8675ff6feae8149fe288125c9e3d2566a6923db5f
train,8k,180608,1d8e0f948afbd270796e36a51cdfaf8e6f244304a4b5116dd4805b4ed33bbd37
train,8k,154836,ec69c7eedbea458aed77655819f210c073043b10cd00a7e07c17b24033573857
train,4k,63420,863e1d093a9fa7e22a060968fd3fd16faabe7f062eadba0e8f5eb9d51cd9b4ba
train,8k,98526,ea87c7bd49cf386334598540b203defd88823f23f2906b96f77f03169f8c76ac
train,4k,61608,6e25952297d234044d9d1157f1ba701505993b700f310674a163ca4751e1a082
train,8k,102066,5dcd3e377618a0af16a46da1612fce0a1e015f04ab183c55813360183c16e9dc
train,8k,145994,5ebfbf151686d679757fa2e334df2a88ed8d70c075d5adc7a590a44e8c149903
train,8k,131755,79e88a74a22c01eee9e83443fdf6c976a80866c7d27319832a698aeb02536685
train,8k,255,0c2632e8d6c22faced01c9799ff280a4b71f3ec23af8a681dd904dcd0b0f61e1
train,4k,3561,bf48cbb7c2dffca1b3fb05de3b557c8c88b841757e5f75d1aeae9490184e1db2
train,8k,150855,ce798e95607e4fc0718c05ed98b754465276bde12854fbe9903b57d60ccc2bf0
train,8k,174999,f48a03b3be9ec69858f9fb8c72b265527ccc018257cefe1bb16faad6e0593982
train,4k,37757,f2433b73d6b1849845b6c6af0384b54fac4ac42b212aadc4472829e5215b48e5
train,4k,130727,82f0a69448ba29310ed0ffd2d3655a69807ba7084310573c889678c3c8a0751c
train,8k,37814,fc61d04a159f68a82bc2fe649e308408dfb83280d6d0a3f863e43375f2b9d0dc
train,4k,125543,9346fa4fec8dcb9c3389a6f3fa886d9881205188547ace17f7dc082ff8897622
train,4k,49418,114fea51306441d3e449d6249f41718a5e59a1fca67c382b2cbc8e1d9e93d9ed
train,8k,121581,b25e9608a53ab2c34bcef410738c9f1b61582bca3c6851b833a102ee96ec1397
train,4k,112433,80b4679d80c64a2ffd1bbdf03a56fa6a3b73813b4cdfded944989040665002fc
train,8k,39991,ee89ebdfed127eaaac2866a47a48473709cb43327486ac4432f887cad9a8996a
train,8k,140191,3ad187b1fc790708a9b904ca33b8d2e6547d8154c6b12de888ab9baa17447fad
train,4k,88959,f2a1b8dbc7ce95cd3e938d1d4867548b8c730be53d86d7f66fd68dfc1e382cfc
train,8k,45445,7ad85cf0bf0dee922fc6b9b908ab699da9140161f0d5773d7eace4f6d40735e1
train,8k,170394,88a794a556a7be3d227b1f6378001af27a81a75dfa3b5bae2331c1dd6752e8a2
train,4k,179174,0fc796b06f492379711230235e7f3c5251e1e1f6d5263ec8d1af40314f74cb6b
train,4k,141799,c9602da76020399cbe7d928a09c88abfd076930a7c9bcd922b72f15ed9857e09
train,4k,96558,8de9ed57ddec2ff0e41b9e15fe733289edd3ccfc7eeb48b67614247623ea082b
train,4k,37198,c0f3cb2ac030c8b2e03c784c9fe233b67ce91fa9139054495cae480e131470e8
train,4k,3171,c01f4c8c6c26dea2052603849206d845b6de33a0a400d80900bead34169e3594
train,4k,187356,2887ae1b6ef4558c2c45df6b15110f4c42f7b6a34185fb27c937aaac19b8da10
train,8k,38175,58fcf4cb8ec3f5a18e5c7c5ba82b70ce50b557c12323d17f69f7d193e8780bb1
train,8k,161113,fa573df024e6d01107dfceedb1237b8991aa1f599a7f84e7b90c0b79ca0ba609
train,8k,95417,63ab2a710ec3c68f9c0a533c916ef86c344dfb3948973231c0733584a9be86b0
train,8k,145525,a0d2e37fc49b44726a59a5c5f0c5f507811b779c41097e7fa7c82f6ecaa90e83
train,8k,122954,02b82fc8fa5b8856380f15b5fb44232a8d43cc6ae9ae66ced369624d075c63e1
train,8k,101292,8f326345e9ffe38d8a27038b70490b6616bd04ec69eff8d8b057ae4cced32b9d
train,4k,106233,e51852138bd1bc1887eec145069f7107b84f2378f588c4912aa7ea57dabf986a
train,4k,142577,5fec01a05fb4a54113c9771f37c7d682264aaf7091710d185b670dcab146a32f
train,4k,150369,a47dd02c220e96c6ff807b995bd835a80e0980c81830a37620fd148d956f1ba5
train,8k,118760,3f544fa36ff0572859013b43dd5ba7ed1d002c4cbd3ab52ba1a623db14c0ffe6
train,8k,16647,9fcd0f0a6f74a58782ed281e88557237b127a5264bb31ce5d07c77fb830ceda6
train,8k,93691,594e448625cf3429ebcf1b89052bcea4a1dc8e05dc990b5689f2ba3573e675db
train,8k,96818,f2aef77920693b201f55f10f6c2088170992aa36ee0899c493d210f22ca7adfb
train,4k,51467,2dd3aa33eb4bd69d5fc4244d835b7900573dbd90287696ffd2d7bc2b4c25c77a
train,8k,101750,8fb2615d2479218202019a7fc3b221acbb6817acfb81d11c415f79505cdd22fb
train,8k,181942,b3e7f7de8dfb3e5e419c5498e767d4be7f159c3c0e5adb2d048f293d00b67416
train,4k,135411,79a97a63a92f752da8e82018e37ad5b11454defb69226bbdde1aef5b56919c0d
train,4k,70159,fed6c62864d7ae48d6c316cbd367c54e90a2fec6927f342a393c8e7e5c4bfe67
train,8k,13172,1fba3b05bcfad6c9609bfaccb8bd603fa7be49d149f334cdd5e7515f826fc7e7
train,8k,101609,4004337e85436f0d9c407d575f6f2791ce4a5e80a8126dcbea1b2566aeb7d985
train,4k,26787,e3f5f82f7d0c70d52914db9edacb88b39a620ff15ae1476d978ad884dbae4d20
train,4k,136659,95baac3cb8fbb4c6c3bc1bd05739b66b0e81a35899f702de37182cd6556228b7
train,8k,59157,8c282ff6b757bff41f16ece5de50fd6959a4633c0f9cc6ae9151cd489a96a744
train,4k,151923,e9c4e554c3760bcdd921009441a613236c5d8a81d8b2514ed6da33be443205c8
train,4k,27229,786f8acdd3f29c631964a25816807a0b4eaa6465de5729597617ffb421acbbb5
train,4k,19834,f58af66d6fb171959d94a88e99e71f4d38352f5b94607c4d586328f08168bc2b
train,8k,35729,48d6b27e1bb023851318d06b806874cce8c59bd6c2bce862b06d5eb8992587fa
train,4k,44430,3dda54dff761f000f72e971bc3ddab91fd8f87b0ec400ae7e4c9cb301ad599cc
train,4k,117077,f9c0a5c5262b55e7d546bed2dcba5bc640684d20cbfc8709bcc019cb3c7c7352
train,4k,95892,bdfcebcec47a75b4a94942690875b77f29326b14490949e0d2d72750d0aa5fa8
train,8k,102323,383bfdf646d520c05258156d9327061da1d016dede170b272d4bd1f70bd7a597
train,8k,44022,339808c5a81d883aed26e1422bbd14d8cf616214284e3cc937faa4d431a2fc5c
train,4k,151481,cb163edc42edc1d788a4bacbcbf8385898c7f95ac7e6436099209f1ff5a308ef
train,4k,14403,b0ca9c2343813ea7836359a02dcb72baf80518f5d104d60a626a178b3f821567
train,4k,2186,c8567fa1e85fc305e279d8732aa95a5407e772f40d94ca76b8489f3b7c74637a
train,4k,34489,e1522c4e2eb15f71f4befad43e7aaa6d4de47ea4e0b1aacd6cc4b72bebf3385b
train,8k,14681,fb37ece680b92ebf5f2a4c7996bc8707b5d85cd20d2fb8a6185eafda44b1ef0e
train,4k,126401,262218767c0fbc4c18fc623f986fa7697d49391bf6b6a3b917aa59c63e493597
train,4k,72221,cdc727e981779d65deedae91c8552a7f0eb1d178ad23887cc1cc7d68a8e7b6e0
train,8k,109655,85abd3a6df529c98daa729463ee119c5c5ba37f57a91840a035fcb8580a1e5ac
train,4k,88457,c26065ac0dbc3b33f680b83c004edf45d3ef502ad8204ea9c8233ed3b2b45bab
train,4k,123082,904d3f0465f50d6b7fa8594ee5c7ee31887320b4e304809ee5d9562ff6e42480
train,8k,123358,60990611ccbf3989fdf3471616127a2b106165ad0144b26584c5220ff13fb426
train,4k,1998,04467bf0aae9a04d4d45315208f48b908ee85fb4553ef8f47f7389a89b1aeb7e
train,4k,119186,c20303ef0e2ed94f365d9a3cb3f7b44bc82389e31fac8277a18f34221fae1847
train,4k,75301,f644b2a057bffceb94cf57524ba1ad6dd6f270a9aaac6b7a7f1bb1127660fedd
train,8k,176494,68f7be857084987a51e54ab87e3554b2a0ba846352ead56e57bf3e87b141ec8e
train,8k,97359,53036f04753623fe21d8d6cd89e9d154c2eba7c39e83fdab974b4fc9e71b09e7
train,4k,107778,6e9bd4773142267ac3fea498b850cd7f6e28786ec04f66f50af4c9ed30e635dc
train,8k,42974,df95b6c063c3df6e46f4b999cb2083dac52609617d4f609d7c2c08affc8c345f
train,4k,117159,9c87b4fd528894d9d581afa06bf07232d1d812c828cc3da8f4afb4479b4de450
train,8k,90802,f047d9f43a0a1ea7190c5dd331eade4739587b4cd6e129f0510fc937e8e4d7a7
train,4k,116099,d3e7a48900e449a7307f6ce0353ada690956e22fd6b0b59d9b60210c44b0bdaa
train,8k,28286,bcf22704aeb1fc04c30af3214a38100f0a4f21c49a11e23140a0e6cdb5ce68d8
train,8k,165279,08aba2714d42636b150aecd9780a051b767c6f170b9bd4d856ac6f2abcdde780
train,4k,172300,e5d963d6693b5179bf5cd8992594299ebfdab88b3ae447295d97ef170d8efdba
train,4k,116628,ef616d4903110ac21e6d905f8547d1cb804ca09a69fd69b68e24a111c7936c3c
train,8k,173572,12ea9768f024347fe29e8e57fcbda888ab4cfa207727cbc680d8ce90dc7ba14c
train,4k,48806,d561f60c5ee581796cf4fd050b4e6cc2d9dedeb60a23daa6c85c32b2288922f1
train,8k,10969,4f1c576a525d367aba3fb8164ce9cf243add41d37f1d5a8cad8098827dc3046c
train,4k,149809,a6f470781f18d1e455296cf22994f72299845d621565e3dd57f5d8dd5ee6a149
train,4k,10846,06013d3b378ca35eb4a33e33009c402208323862a4d9fa5802201021774666b0
train,4k,72258,631f371cf01e52e4f13d5102a4adbaff87906095a1e34e05355c1ec89e46876b
train,4k,29750,6c98b7405741bd795b2e6ca5754e072509f1a143882ca190aea415fa12e70990
train,4k,103470,e665c7fbe8f02833d95faf02c0bd05362da82989522b42f5026558d5770ca194
train,8k,112461,e535f0c53dfe104000137fa974fc7396ab1f8b8f7f7ac70956cd29f5823213b3
train,8k,601,b7acaf3ce1114e94e374b41cd622a764b8b3901c959e717e2c99d9d90c36c2a9
train,8k,99051,ca8d04f11c2360e8aef5956eddc998b99a8e89c3c22434e3696da3ffa1563215
train,4k,137771,d2c7a9dbbad7b174966693e3de8d9d55f9d06a5cff3e60aa263afb67e7194c58
train,4k,64337,c4220533420008bca3e48a0e1abdcbaac93c22b2a39a0e1dbb338511b7a2cd99
train,8k,146575,f225f9aeb4e79375a27527947b3eae4cd4b3fbae232d2b5e880c63b06193747a
train,4k,61575,a0e3586d60b2b2db2d7577c81c2d62413fea0cc1ef585648d6c651d72e5f2221
train,4k,115022,afec8684dc9183c33ecb1982fb2be633ff6eb80945a5725155c0ef75593bee7c
train,4k,54144,9840ca5ddfc2bd6bf774fef06309461af210f070d4f6c1e0340a9c789151bbff
train,8k,64839,eea00e23693157d4b87bb55749f3158f63718c788c3f6a99c8ec7d6f3d37d347
train,4k,49877,38945aafe4da426c9bcbbfb216e6b896c9ce47cb56eafc1be969e01c899b2f34
train,4k,54821,648bc30e059414df638f47559bf6821ab8efbc5341ce023e5d9c4e6243659069
train,4k,145280,1ec4781f5b00d348651626e19a3941aebb23d6a5bc7b77befa0a1c194df9ed19
train,8k,90260,46fbf74c2d2c05bebdddb68557b9ffef027787cf58dac19528d80d1648f550ab
train,4k,190685,311044eeff0667af8a657a9e8fbceaac968b28b0fa6a196a77fdcb2a0c709f9d
train,4k,10462,0f698de8c37622884b0ffcbe83742a85fe3ba74e1aeb86b5ec69b1660e9a8e37
train,4k,173948,1550b8793590994543110e413cef70df8588132ead591753082279089c7b8bb6
train,4k,33334,b9f631eb90422fc95656e20680a39409bb15c23fbb1103f6771d69f56915121a
train,8k,141498,5e1cdd0670bd318dd5859611b488ffd93847706c822d58ae8dbf5b1cb52ecb34
train,8k,84660,72c7867f527abc45b3eb17fb4b4d8d5847680fa41f149649bacf54b4b462dfb8
train,4k,187403,00a762fa1254ca9a1f62be6e2481ea9c7067d4950b0a7b4de482e61df5167668
train,4k,187043,1589c6a499224ded4630edb35a08ae4774ab45ba0d259675e2fef96df5782940
train,8k,12747,cb21e949a146994c84421f46bfccc885126b847e98e2c73b872ee0a1c1862537
train,8k,37164,4b44d73f5777992619c70f319fbbed9284212035d6b554f46dbebd04fb653f48
train,8k,12088,9231a998bde43688815bb3be7240b49fb4db8738f8f11a3913c1c350faa53693
train,4k,136892,06fec759bfe8c353b1fef45b5571957972cfa8ba4cc6dda644a367f1a2e655a4
train,4k,190946,c2ca035ac782a10ad1188ba7ef92dc1a2655223d0b89253e036cc94090d1bef9
train,8k,52150,805fd80caab4fc8cb507b9a2f4986264013673ed63ae392345c8d4ebc4097fc3
train,8k,39636,39b124b00764f438e2d450e7c2213c2f93da787633642ad0aef5232be7870bce
train,4k,143809,a01c77cf8fdaded322890ec1d2b8486e5fcc95363ea76a14f74e62de3595cf43
train,8k,117038,238d4ef4acf783a2d29990242a9825391d68bbe045a43094e1e654290c815b36
train,8k,174618,446b68539def2eae24fd20ceaa538c6528052a552faea8882e2373a212bdd8da
train,8k,130259,70f1f5829e8ccd899892ca13d0b14c7f1fda5530acd141cb64efe0d58a0ec840
train,8k,65335,eb806ddd054f9b6df7046416b4214e80bf59bfc3149cdb76d55faf57c0954e2e
train,8k,108613,31dda061f9736d499d64ba28a97f0e4c5f8f856ae2faccade791c01c26fc1881
train,8k,57537,74f560934831f305b5b7a834be7e6ab8d9806312db808d10b092fe6b5ff21c03
train,4k,144670,ce693d1a0ece89b716a8b814c1b97466f086a7b7b5c102b26cd8a8a122d35bdb
train,4k,102547,4deb648cf1a887f2c403061be9c0131c4af18479b40beeb3d6b1eea521f86452
train,4k,169164,93677954ab101658ae73ea9778368905df624e5ba4cbca3eedb326a62f34040f
train,4k,179519,45aecbf4a536694784c563d77e8947ef9bad2f454477193726b03fe16a8c0d41
train,8k,169653,343c535fcb96b3eaba5cc0160e3d58b68469b63c904d2370ec2637325ef696a0
train,4k,114065,77f28a280e6089a53576cd62e5af9ff596306f821319a7ca0d75f6dabe3ae128
train,8k,102700,2b7bf3aabcb9be01230fca1bb65c7d73b4259ec665dc352019846a4465b96b6e
train,4k,178792,be7d627c56c101c2fbc8e89505e606f7eacee755e06e45ef0f298c5ddb769ab1
train,8k,164979,02baa20040d76a8607794e33784e4bc881d2d36d33795dd8509f44aaa3176ad0
train,4k,83319,df5e6bcfc20774d37ea154f7349a167b41f175b1e524aad54032169f7dc19cbe
train,4k,80389,9f9e0e55e04570dacb1e0f63d9402d57dea4ad13143338c6b3b9d68dc04c4912
train,4k,152202,381418aa9e8d703654edcd9b572b1a9ff517f81488756252f2c35a2fc1d2e9ed
train,4k,144015,da35e9d340acbb740cc1b742968d5e77ae3582a3594946c8d521e9c6622acc41
train,4k,56940,52c10e7320dc4dea180865cbef96161d2c7336d2ee22321daa94c6bd34a44867
train,4k,58250,5409abd854cd7f392a40b05c70c31daa959dc34510bf11e025e1ec546819cda3
train,8k,133674,7feae8481eb7ee0b12bfe8c5b98c38a2f4cff7f429dcbe1cc3311c1104ef91b5
train,4k,47980,a16be4457626c80938a5dceb3899d95c3c2e86c4fe911e178422311ea58e05e5
train,4k,141532,98e4aed097d4013cd76dcea3ee600438eb61f42bb33b39aafd4af3bb73607d7a
train,4k,63504,0aac3afcb26cc006dd80ffd965e440c05a94ae7a8f6aa05cf0d0ba4cc8792c31
train,8k,54479,909e3d178f0dd008e4543db2ea93ee43e27a81c869a3d919e1875fe223c75b88
train,8k,114015,a5fa8a599669dcdc515ee71e9b60e6117df3953d3b48adff3391382179e3cbd0
train,4k,68897,28391e0ea8d16155addbf033a40d40623f17b12aa43e6c2fe5850dff19b97e7d
train,4k,7820,f33ae1f18de752c443a70f59612eabc4b52c49d43b2f69180a5bae232fa3f6dd
train,8k,156471,af8f19bac76a50913625e3d26f087ea22cf3aa3796290677ab48180521b7c0f0
train,8k,63628,bedfc0a070bab2a445a760081690eb81d8040ec5baff429b40e70c17a91d02ab
train,8k,67567,4a309288b74e6411aa2e6855f8a5dd2930d165d461e7828b97f7e34007f1f050
train,4k,115645,97ddaa3e3d814a08523d250920192bd73da17a8b13a08229b62788ca0768d036
train,8k,120547,42b538df1dbe84cf2215198ed72c75472d3aeeb8ecd32733677eaaad6364d127
train,4k,35791,fdebfc9c83472812bee0e0f8353f32e0651208c4b9db2211d97bf725d864ef91
train,4k,37599,79ebf4fb27b0053ad043edc6ed0d20aecf9da00821dbcdf098dfecaba39a06ff
train,8k,124192,9e72310739c3e9634e9fbf4f819fc392cfb49f1894a629f71b12c403137e369c
train,4k,29638,bab6ec6a511a658d490510a401ee189dac231d7f7c194f6f778e018a3bad2b3f
train,4k,26776,471124d2d679605cf81f2c91afd4ff7010fe05ef5d582676492519d8ee7d2a21
train,4k,185493,15e99d1ea040432e38970ec61f48cc166134f0e770bef9fd60b4aaa3dfdb6b4f
train,8k,67513,218765227615709c75ffc80fd53a2226aa94a19258df822d1792cb0500b9715d
train,4k,130300,3dba4e91ecc76082301cd5d28a141ca69f9807c5595652eaf63bcd647e00e6ce
train,8k,147488,bacc64532695183c1ac3fa1b6608f4cc8adf1f01a3c34cffbace8300385c0028
train,8k,104377,b62879b39ec97c92f0cb5588ef19e11dd2ac1e1d25c174f8e803b70f8e1de3e2
train,4k,130985,6b5618c7689f536deb56646899264840b1a79f5b7a353bd792bcdb3db87c3beb
train,8k,16129,7bdadb4a2dcb214a80d8d429a5da1aae88d063d52c77ca2d998ef8b1dd9e49b1
train,8k,175810,37560fabdb336e5027b427b2b7dfd3d7d7fde154c8ca4c9fb292ba5ff2cd189d
train,8k,139438,4a73a536b76813873c69e435d5472443df4cc8a9a8d6b70f18268201ca43d329
train,4k,162050,32c125514668cf8939e28f4817c8b8d00a87470077d309b572ade15e6453dbec
train,4k,151526,0044431c29e2388444e4c6ba1e24f4607ab9262801e9aca67ecdb5cb4bad1486
train,8k,53443,85f7904665adcd570f31b702d36eca0b425602d946f46b557154dcec8a3ac662
train,8k,153613,651501cd3ccb2a6781e3429bbb57012b9054f52dd100fd924ffc6e2de5a45f34
train,8k,14387,4b2a35f0d3c33a8c7a51860822605487b792f20724251f378eba4323c0ad3367
train,8k,93860,212331a322a447c36c3789e26dc8b99ac837e2681c386e037c9daac8ee1c9352
train,8k,98604,434347e0352c5e946b17f9feef6ce466ccca9d4d11eb136f1789046a77ec0410
train,8k,74184,abbdaaafedf39460046235eefff8b533f2672e18bf2875164fb0288fd6fd0e13
train,4k,110799,449a0403d513eefb0a88ce6e0890711d83542b94910ab16f135c3e1282fee0a4
train,4k,68790,2b8786ed04343cbd4773dcc33168c0b77875fc7ade9f7f0ee11fe3dbd5580b3a
train,4k,158078,2c768940b1d5bfededb9a1835d3652147f226e4ed77bdbcae84dd9b76798d6dd
train,4k,8484,85965efbc938041dbcc8795ee7038b1e7026c853fc728ed88b2330be2b552f5e
train,4k,66334,da41f04c8c094a8b120e3803d8155c690cb3efaf6e794ec36e321a8cad25e681
train,4k,124274,2a52d008f1cfd25b5dca87c14a3abbcc2c19fdb2ae6010ef43592a6ae0ec2f1e
train,4k,37699,9a6cad4d5cc86b7c48d1ec455a80dfe33cf4e9ab8429fb379d55640e1ca9a2cc
train,8k,70216,0bfea6ebd9fff4d830022942556547711e1bc1ffb25ba6f2912d02ed3b37d3b0
train,4k,69807,6210d0eee584fc69fd9d39a6d5933ad1428fc3a9e3bed7a934cd99d055bd9ceb
train,8k,104116,45d2df11122251a65c043a2a5b484959e06f6ef0a1301d079b78e5445b7c8495
train,8k,144244,8ef445a9d5c14fbf6f54caea5803ae69a03bbe49824696f56431fc9d2d09756f
train,8k,60919,0a29c1a30c93a48ce705f28d224d4e228306c705dd2ec3f9a53a8bf29bd97b8e
train,4k,65422,d4a781dc51fde3107ea06f75045f5faf864636363c45a575d643e8b2ac3beebb
train,4k,113524,9f7f974c270b46dcb67af04545e215521220afd771c4c3d9d6d7cdefe1a8595e
train,8k,8236,332845248b5316bed42eb3adf288c1d21034aced08928989d2b1a506926e73b2
train,8k,125338,57350c1d4428d88551624bda1ef6a277d043aae28f7939f2d0a768b8d101687d
train,4k,90301,0dec2e127b236c0d8f714c09ded8e23e2ef2b3a97491fa5f9dbecac52f87c4bb
train,8k,83499,9129a81d2f91989384d4db169d0d09660f16ffe86b04287dee3b2695e08da4a5
train,4k,25167,23bc1a1d6dc59bacafa52a2a5557d5da7f9ffd6a6b8337d14ba8500767b49874
train,4k,63253,f22826c7e79f389a8cf1858d0afefae9de0bf79f2f8693a829fea3dc59948b8c
train,8k,164666,19a588dafe53ba8895d8219c06b5106a4f2461981d9b73430319b560cf53337a
train,4k,88366,73e1e5a25fba9a2064638d155f50fdbad6b383d91bd384f9b9969283367923c1
train,8k,75024,841b0ab01c3e07a87ad03395b71b4d07cd8c2279151072164a7a8103bbb1d826
train,8k,142627,465a99427fd50cd65615b2edda94841a091beb4727d488e2d8ae7f09d96e2d55
train,4k,33413,c38ceae2eac83e12685908ce5617741165046663b5ec6b4226727a2e21df7c90
train,4k,154872,8a86fe76e7ffe34bb9caf0959aadee368ddbc70cc0a4644d98cc2eb479a56649
train,4k,75355,c1bf60373091512d5f10dd15f9d0295b4c6bbe0e97a313532d6cca2608170ad6
train,4k,188887,efb294261429a5d15c90d559f31876ecbf5acad05d4b5126e253dbb0827b36a2
train,4k,61332,fe71f8974f708c7517487a79e204a42cf613d450b3899d1e1d6b0ce5b77df4e9
train,4k,156858,e5ef9e06376796a7233babf25ad427ac5f4b658da238ed6280fbd77f55ead77d
train,4k,51049,c3b631c7ca40543d2f69fd467af832f4d17d302056c83665c088671ac671db6a
train,4k,121024,7f6411d957c376eeecdc50fec3fc3a0ad93b6ccb9f47e6c1094bd846f04af690
train,8k,161061,90d112ce72608fccba06b13f610e5ab5d7f56f79cc5a767598edf5e39d5857ad
train,4k,154445,b931d2a77d94c84924bcc96cc580d7c60fea2aedb1e2b56af04f52f15ebbc8db
train,4k,87890,495bb76099dd46b1197166bee5036f706bb28d36a4beccf20d09c14cccc2df6c
train,8k,16846,5a7afc946d522b0b575a5842e46d7934f1fc0e89751fad84230cf42a2cde00ac
train,4k,88501,5557a9d405ea147c0251b34eb59f11b4450af8783f2f43c2e0603899011d662e
train,8k,95445,10297c1ae2ea373f04e1cc40195476ef0a40c1258383089ac6d38d67537aba1f
train,8k,70892,e3562f993da2d82eda64c25c66065069eb48a33f1445cf2ea4ac3a397e3fb5b1
train,4k,84683,e31d71b9ad87462e8eaf57c414eea35f7e291f86ab40895f664c65d2f3b17c80
train,4k,48524,2f25c4c0761f59a7779156409e74acf8bf8e1a220c9cea430666ff255d6b65b8
train,4k,134743,26c673b4a85e359cacd46ffdbfb2bbee093978a3446d9e7721bc95e9c1d6ae20
train,4k,85519,82fd42f209f2935f48838b87a8dd43d89a7e90774e3ca4ad6b0534a0848ce2f4
train,4k,36207,856e75773822b9cd2bcc67c89419c9f64bdce09bc8dc55d0dc1086250f2211ca
train,4k,126953,31b00911fa677eea76049d85bc90f560985375b9e9883708ba523e1cc8aae32c
train,8k,107976,77ad850f21a8ca4f13f28003f51974f9959244efb596ee69d87a8c71d134bd49
train,4k,185203,5f09f0688b04569a3ef19eb858a58b7ae1443784293113d4a6b46c505fc0822e
train,8k,113890,487dfb1c2d4ecf095c1c35bfc191775a77a77ec4ec28d214f964d0d7176504c4
train,4k,155393,611710bd40007403a31023e274862e05acdc81d5cc3e01b4dc7fbc7f77d660c5
train,8k,67769,648f788604a5f0e800d27f896d1b08bd9c25b7dac763b40a29c2ba472fde7fa0
train,4k,142600,4aec581f75466e9e68f9ffdcbddf35a5013b702b7447a770fccda348f31bdf32
train,4k,55093,a517890bf3f6ac9f3ef45f9899476a2dcd802c36a1e86e48977833f4646daf83
train,4k,78415,70ea1dd2da8fdce4a7695d900fe9ceadc2f5f767e7cbbfcb757fb93d409208b2
train,4k,102370,f952f714663bf6676c83add449e8f15a64f87f238171e46448dc5ea0296a0478
train,8k,15692,a70501be88efb70ecb5e8dde1130c2a98622b991205cc868bfa3666f317fddb8
train,8k,138657,bcb3e3d801e33bbd134223350c69719acaaa1ecd0976c20c0383b1292dd20d5c
train,8k,35376,4689ce73abf2038630e851fcb7b29401eea9fba65580e4fc5b570bc2c815c524
train,4k,89371,3ced247274ceccd7deb871fbe1ad932efea58b21165cf9fc8b914f5563a5e2d8
train,8k,124835,cb0fc5a168f97c5176b5c18effe3fa760d901725e9a6f5e83056253222a41a99
train,4k,3410,cb7f414f2fc2d93b4438d4bb4cf5bd104c42e2e5138de11ce3f41761bd1c9110
train,4k,167117,83f5d90c20801ec50e44ae4758d22cf23e47fc9da0beba5d4bf871b67a5c82da
train,8k,117221,ccc3618fb28183957916e48f7d8b4f422f356316459c19b8418905709d720693
train,8k,167694,1d4091f9df7881ac111b6ae196c721e27356f7dfee842b37282e47ae269f0765
train,4k,31195,000692a48233b32fe7695b6b7b40dccbb65f00c6efb0b7f2025a3a339a1eeed0
train,8k,18333,59fb6ba2d97603337e01f31789e9e611d297a583eeabe763e3c66a0b8b7b65ba
train,8k,80200,55020e576225455877073f5719fbd10a856008c3abe3f63d9b2c9e8e69c8a588
train,4k,45525,fd8d3a367b35211c370e0c30d4716cbe03788a10b9db1fd1d5cb249d1a5d7491
train,4k,17761,399b622a32aa231555e88b72da979599cd0b93405aceda6c1fb65a8ab092a31d
train,4k,175090,920cc9d4f21bc62d88874ecd3fe0fede58ad63bdb5e878aaff0609435139b562
train,4k,97454,e12f1815e4f4c3d5f1e8b5db282eaeb67b57345e4b90e84edcc09243d3d730b3
train,4k,9207,1920539a34ae59e2f2fba35874ac03914ed17f82b2c9044ba4dba645b3c925a4
train,4k,84867,c439b9e26cfb314c1559828c21cd23d59fd18e553252f1e77c1aa2886e419572
train,8k,87972,16da7c54744456e592c478ff595b85791243ded6700de1010b28a5911499c45a
train,4k,107421,f0653d23806b90db5be7cfccb4dd68404bbc73ed16b140bec4ed9064d6111ebc
train,8k,76036,91f07c4b17c943cc26e320638661b0e872fb3f3797b2fadaee12c06b9e50e281
train,4k,81856,317ccbfa91a483c854591988713846b5b6cd075709eb02798391c099f23ea7ae
train,4k,150806,ab6190e5abc9822a81df6ca70ec59d4557d3d327db862d1184373f64944c4669
train,8k,124349,ad80703c7738c871b05c60bc6011dec29e29d6a2fe70814b39c83174e24ad4c1
train,8k,159119,78811ecce9acca9ea63334ea3278c75351e15abb42135b471b2ab92bdcf19806
train,8k,4035,44c304634636c8592308ab803b3f6cfe7827a4b7870bc3979cadb06be2ad81d9
train,4k,69468,38daa28ceacb4c0b2959c8cb7569077ea3472f353e7ac2a67f8fbca3e34409fb
train,8k,12935,ae04804cb6d0f34052697f5a1399884fcab9337b3f079336784100cd5312192f
train,4k,20543,d04f0dc2e960e269902dae3142f2b3ab586f5dba2f63c1e324cb9bde310e2f8f
train,4k,176807,fedddf5bf908890698ae56ed1277ab80c3aef0f32c82f403b433dd09473f8918
train,8k,127361,3ccb4b647a0289e33f891f3d4d804ab5a9c9c946f3f9546d3f519a296361be70
train,4k,106180,f1551481deaca390acd9c1c8895a18da5381888481452275e6c7b1c951c6f43d
train,4k,150171,d680b1991330371f932dbaf0af5ef5f7e5635d78706c9342d04fd6b5a8c86acf
train,4k,97759,142223e006dbe88e46872e2d518516e2056aa255d31544e96cc6d6c702d3a7eb
train,4k,105059,d6e4c6c4ce4885c27a26827abd88d36fa0f82f7a6398ee692197beb26deb4a63
train,4k,169283,02c7876c9694687858fb329100fba45ccf9e2d0836323f86748202ebc58002bd
train,8k,56571,bc50063a700c5e2db872bd54ddd9969fb97ba81236b2f0732e28e4e1fe7dc43a
train,4k,25547,86953e6c416160c7fb86785947f733bb9b0dc2f2bc0d0d09054bfaa3f4e6aaa7
train,4k,171006,49579bb9fbfae2e53e3aa30ede26bf7b9b0d6dcb069be85f6726bb2ad6daab4d
train,4k,89816,52337713371c246d38e46d28bb912e76f70ccf602323adf4bf61992d685c4035
train,4k,21001,c0c90e8f0e3e34d2b91295f2d4914f286e7781dc80e4c325aa01f874a9ea3923
train,8k,112308,fb2d143e83041ae58e0d56e757b64baa6ca5ac3434b628f8210c0a9914faa7fe
train,8k,55083,02c2e0b989bb1472ffa3190832240f3a5f314cbe95092d3cd7a6d7420873e91e
train,8k,51413,0459e0a2317acd790d4da36aafbe6261181b01775ff51fd833d2c8e0ec7e5ff3
train,8k,75711,fa72cdab09b8b9da33a45e1a4442aa05b1f82bdef23184e0490ca186d0c8053a
train,8k,98786,9315e98a9df7624aa6437ed5470375513266ec2a6655f906a5d08bb66ec62a97
train,8k,169111,00980ac6f9838e7f4d1a9c942a34efd470c6761002444cd4ff6ce2ef17a10e7b
train,4k,58866,9b096ec34d4c5c6963f8f6bdcdc5187ba8803408714725cc153f96dbaddcb97b
train,4k,51946,a55355bf0b72bd1ea6c2291b6cfcfd0846669f8c792e26e6e63886324dae01c5
train,8k,164188,1090800e4abf240118989091f2ada43c14e01dfc2c7da89f373792a36996b1f8
train,8k,179718,5ce498aa4260479660dffb6c26988ed2ae9a15e0d6d9690d7e18bf7fc99fa418
train,4k,27334,a000936a16b316a98f794feabfe946a988e0bfabe007db0f06aea2435029b21d
train,8k,73807,e37eb5562ce292d63d8a8d30c175cc56cfc82e758df868fea41ffbe89b03f670
train,8k,16024,c6047df9732cce677c69e78eab3ce83aa1acfad3276b3e04308bd59da081bc59
train,4k,131509,c8510f6f575eab3a87a94d65305a6ca3fe87f0276a7c3428e414c71bd07a173a
train,4k,159000,97a72322dc127418618cba4a5cd646dc3a732b6acd063159f6a6f5f7e52775a1
train,8k,81557,6cf078db22dabd5257286f74b0b560808688bf7d8beb2edb2c628e6640f13c6a
train,4k,94041,76b078341f5afc7fdba98d65a8b502342441945f9e3013c066339fe594a73693
train,4k,93293,8fd31cf1fda87c38fd284f786afd39a7b9529fa694b2e303b30d25ebc2463f94
train,4k,9281,eea7946128289e3347740ce7cf646fdb5e497412c5156fce887641d7de961cc8
train,8k,82837,6dd8339bb70d1ea26eb1180eac6f5ce2bb83e6a8110bae1b353e90db4f17665f
train,4k,100851,eb98a6b6cbfa1aa8f08d8ef5947a927d6b662ee0169a03d26ea29fe434429971
train,8k,145574,929790e92c42f8926f5e3f143d6743a68d39a0c79e7600b0af1cd7edba9108d9
train,4k,1950,74fcd8aaca91888fff1fa37b8bea2c1320e8a0cf7783198437ec9755a3e79cf3
train,8k,156905,032c225a8e7c25d6a59d9db21728d5366818a72825512d445e03642cfec2bb9c
train,4k,110145,48a8b7bcf1030f8e80dc55d89fa40240d1ac975c12e54861c52bc6dce0f2fb76
train,8k,66130,ccc0a0e9434dd3702ccfd9dd850a8b8e6594eb6306aaabf30432274395be9e37
train,4k,169583,6fcff760b0edd4c2a4b4f8ff439eb55c671ce80ce6e0bcc0ea2dfe6fc72ccc88
train,8k,93841,a3176452332ca58fe93655cbc89a6bcd2ddeba6a484b5b9f4888ff7cfc2a8c0a
train,4k,86449,bf2d6addf7787340bdaea7caf7f49a1c9891ebb68b477dfcf50bf0f1639734ae
train,8k,43573,ca7afe2846e97792bad0317c7fc4890257f3bfb19e8651f78118f13263247c77
train,4k,156871,6e53cce570ff0672c00f5a02ed551c931ec68c407c39c368280a252820a0aa6f
train,4k,58405,7c836471314a1396e476ce1ef8be0b11a0809f7a3d87b848caa9f40fccd474bf
train,4k,100194,61c714a4a7280238d73a64f1a071cc6f7ba23492647c4f345db8fbf7739583d1
train,8k,31708,60e99d5fc76527ddcbd781d27c4eef66b4fec85f0d72864429af1b47f62662dd
train,8k,119344,5f16e39727cdbb18d597b5706a91ffbb1ca3a204a4fdf2d79e16832dc270180f
train,8k,111453,b00b43774ed8897177729c1f2c44f649eb52c2b1eb30f9a34ae995eedd8ec98a
train,8k,135419,f3970c9ef9f3cce1c84973ca1f6faf98b3240a54f1439a9503fd48fbe62ecffa
train,4k,173868,5782d4bb9fb50ae7fec144d82f91541178e6f12e53343bc429f2ccf3840b6358
train,4k,117218,bacc43acd18ffcffc4bcfb0b3d3c36840086434e03ce68188f2743ded99e1a65
train,4k,112489,d02a088c2fc2e3afc80d77864d1d7a4eaa4919449c67b461c025a8314b69e435
train,4k,74499,ab1ab2975311b6957fbd4664abaf629f8abc08ffa1b3c51a7f23cf2bfc17b70c
train,8k,63273,3f620dcf9837e462c9b8b5e5212b5e77b9cc9ab9f58fb34c7cb2d342d82a5707
train,4k,13548,376924a6bc27b63997f91bb98d176de98da77bddb9c43ebf6ca984576defb706
train,8k,130272,6e40cb74f379d33b5d8bd2b5bc5a6bf6416d277ea941a0d29c3553ed2b9c77df
train,8k,28503,c3cd0d67a0cf7ee3c9cf68e2a8877f149b092b49e89b18bfdb05ccc502dfd950
train,4k,171135,2dd901ae769d1d6275c65fd2e71c9fc783df1ccc5911d4a71aae574356b43714
train,4k,145523,1edffc059ffbf57656208286047cb1867bfc0e8a0d9f5586016158bc8dd0943a
train,4k,120885,a428c5edf354adcf590bc43b276329941a753b3fd4fbccd61ef3b770a63b39a9
train,4k,23242,3fc57e6d844c3c1aec435fe85bc6eac5ffdf6cda5fad626504a001c59cf7510c
train,8k,66753,466c98114fd9f16140d82302bf23daef4182a7c9689ceaf80788471b73b9bef3
train,4k,49386,1c2abcddcaff5eaa27c3d98d0a17b93288311595794fce177488249745147555
train,8k,47532,4306068e44ba2a7ec9f590d767d912b2db9af41826a1adcd1dc5c662cf182ced
train,4k,67354,2f3ba03f31a376122b109fc784ea22d55107ef6612df1506d21178a5376f5c8e
train,4k,47252,4868b6564ab9492342abfbb1288f0cade6b2587803deb6c69df813e2c3ed0f71
train,8k,153235,daf8279ab90e3bacca843e5e538697673f544c32c502c1837ad07e48b96d2526
train,4k,148067,4ae71badd61440e80c7fb4c92443a1f1940b8aac8c82e5e16e040933f8de109f
train,4k,174184,ae6fa64591dc89b2aa150d7e319aee6ecc6229d3b4dedf0779ad29c6c696bf9e
train,4k,164032,bc0df5d11f6fc0ffafd0a952165b10914b3478cf1499a4e62b8b32aa7dfddadf
train,4k,52390,68a3f872f00bfa6d9d75c23d665dde949d25b587b74c7c2f807d039758ed2eab
train,4k,182739,c43b2d06b3663f1be8f2275fded9c05c0377cfab187ea34c8af216918c630e01
train,4k,170155,5b211fead755ad633fc383c3ae4a39283892f8707e9ba38c87673b4f187f5c39
train,8k,104737,d49931b377c933ca5166e1e8a89bd9c24e7096f92c619d5aa65a17020389313d
train,8k,36817,f0b69e0895c7bab6e7d85641c425c27ae055bbd725da2f2c870d73f0f74cdd9e
train,8k,181101,797d431ffafbba92856be41d32253fb8dfbb7a112a5940eab38f56bdb73f46ac
train,4k,137073,dbc8c9861603e74add0baaf6a4695ec11b8106ee66ba394406d1bc7e92444afa
train,8k,70205,44a2dc377fca7abfadb230ef06d0c8184f752721fbe82c82bedb5d016915d68c
train,8k,51946,23932e8d7204fdb9558405de270e85515c610c8f0ed58b0277b287076fff91b2
train,4k,70253,2534950e788dfaf882ad26fe8e2e7f2c58c8aa13b1b4a964fbe038cf0156be9c
train,4k,36571,b46646ec3f716015855d12839aac01cb813fd5333a458508f0d8ab4c3d690069
train,4k,153263,e00b7677e28870340176164ede44e4b51870885f1e76f5ac51768880d72dcbc2
train,8k,21653,cb8cca0355623b5e15c96a641fdb24d7810c041622f4c3195d35ff5dbd3963e0
train,8k,109227,b05dc47298fdbd134ef618e0e66f8e530db867174d9a23edf2d7393cc2901a92
train,8k,147340,f946d0f04851bbe8903b95f01d0a8a2315289122f510112a0cf2791e614b57cf
train,4k,116515,42f0881a415718fbbacdbca5a50ea35fddb3d7a471d545b6e05956c6f6971c21
train,4k,148783,20c11317e649bd66bd0e65432ab23a0ca7fe2c0ea22e0b5329a1cd8d0658d353
train,4k,134925,e5e63b50a8f32de9a4c6c0b9b3dc6ab2256b673e2f5483172ec1e63b49019fd3
train,4k,154542,19952f3c26eb75b40a95464a0ab5d3eb742de94748edf67290f4e0f753138919
train,4k,45300,7517c89a9b6d6da8adcac976ea9abbe5cad686bbb57205b15ae220b25b450a14
train,4k,108808,24127609dfdabd2c62f186832189403bbacf0a2dfc577aedaea9f800e8f74bbb
train,8k,131835,6454e0019d101208e7c15bafb1c0e6d51410982490f1414ce5223a8ae6099123
train,8k,33772,c4a60789bf19adf2e8b381db6667cb72d26171375cb474a6ec641fe13c308619
train,8k,178073,add8f07ec800a49affe6210cf2070a6861fef496519b990ba9b94698bd815e30
train,8k,69315,e2de1f1865a9c9e9d7695926146d9eecb2e7bf577b186e75599db860d70d2223
train,4k,169500,5ab5d2b062559ac8703761638ee6f80c9ea10895c609b6c4b6b3b359d76a4c23
train,8k,114322,176f59ab6bb167c0120c4e8d450d8b7490b0097b30295ad3fc3b047458aeab37
train,4k,100669,35c1eee7e164da6ae8ebf299475baf0fe6359e2d04a2899d5ea97fe6b8e76488
train,8k,132025,ef98fd36a35a4ef9457a585e5ae1c20dd6d2473a718f35ecc183fed908f2bfef
train,4k,120100,beab3c84b7cc4476552aaf4c1a2571892aa717171e7d66327b80f49c1c7ffa9b
train,4k,96684,c0b8e7a03f4f50eab0a2e1d532faa9de471f724df61dbe0a37c726f95e5fad9b
train,8k,7397,8a1edd37733dffe78aae3d66417a475ccfc9ee96e41fe249cd96bf2d5723fbbc
train,8k,54907,955b32886e8954fcc457cf48c68b8020107cc3d0f3ae87401bb8bd074a59b87f
train,8k,6434,9b53d124339efc1f9be64fc591b45efe566e1e7d39ed16183c6bf7a7383ec6e7
train,4k,122556,357a709e298e8120f5a77855903a4c2ca8b27f65a9e435a9140022369c120db6
train,8k,133433,7610547cb18d8f27ea39ea392bbf659d452c05166893b4da7542e2c6092092dc
train,8k,14793,d7fbbc4a758565f92e9b841eb4f37ce4df85a4bfd6fa37dcebb34126f3ae5d80
train,8k,118874,00c7dd6f2100dc97d1cb9175e4fda86617b94c919f6490df0a5738c3a97102ae
train,4k,76110,4242a00d10258d67aa9846998725daaa43fbebf06e62b2ca0db8f3f61dabca4e
train,8k,172973,b6e1777e5aa848e46701d0430600428a2434cd5c6ba0c2b03c05279e5f1b2ce0
train,8k,32089,4553a11778362873eeefb28d5091dd3990fce87165f83f2456f0e1a35c67daf1
train,4k,80202,3a5dc633ad79b3298d15c496aa8dd01c56142181c6cb4361b807a9bdbd77bf93
train,4k,38199,b90de63cf7bb2f87348ae27849c565de083343f264ee61b0247178832dbc5e1f
train,4k,182713,11bf7dcd1c552fdb7e307efac6de86522c260521be7d1d1cf6005343e5778927
train,4k,38192,88cb90067c93669386c4adaa9d5a25c660d0e7525b2cfd2b9545c58945a64651
train,8k,37463,0d4d0b2c199e5c4e9bfff68c17b317f660fa29509792a6bd5cf7eab35e1acfba
train,8k,42499,e157048c8e40a5bb6cc5bf75d41dd49e96ee4db2fa5cb90b981b9646596ecfd8
train,4k,41918,c75ad41a5c737e25fb2d9ca618b31171c3d199f1a5d85ff63402731bed86c37b
train,8k,39295,0509d16c738c6340e905c85c203511111987fc8172480ce35178ddb3bd17959f
train,4k,164405,2c9f3ba52588e9330d34221d931bdc94339155f2858b52880b9f24b41cd3ce41
train,8k,15160,77c89dcd6b773b890b0662aca0cc41182bc4a20946366e36659d100e83c4eee4
train,4k,185226,12d07219e278c19d7806c5fa7fd517090d4841141cc00756de9493c7f28479fb
train,8k,99442,4f8e60230695e055b5f4755eaf240381751c1a9f8f36cae31953e73d613aed8d
train,8k,124266,562f88144642188938b2fd1bd1394339569d9b50f5529975591e7f2c00268812
train,4k,54083,fe07bb0af554b8c836ec6cd6de22d33f77be9f48e8a2aa0aeb71f302dda46930
train,4k,135009,9976968a2602983b5ebd444ee1f542029893e637f765918c4b66b1fc55502d31
train,4k,146717,76d2549011d76fab30ab04ee7160b2d5e5af99520e7bd6dcf2150dee41358b19
train,8k,159536,2f7cdc13e77f4e0b1fcbfbc09623e1dadeb758f4d5d64f99565d7992408dec6e
train,8k,127541,c094232a60b099b8d3ea923dda472f27d37cc61d9033887f2eda74889c49db4c
train,8k,178588,aca623b5d416fcf6fe6c271d88919654b6ff5d7bb2ac04149db9f117509d2adf
train,4k,81886,a437934bdf4d4e474b3acd624ef96f8f2c8ee64cde3eec257fab3a1aa17a0184
train,8k,93095,2411f13fc6cdcdabc6ecf3d55745e348464e886e5f7c3418d3054b70acd87cdc
train,8k,26357,cb081e04e6c0425c441b4a20caced436fde864639b61a5d304fd40b5e3cc7b0d
train,4k,6728,752399677c20edad6317be85e6662429d9b1b48adab29992be6555222619158a
train,4k,5076,ff8f3e27379f38db180d373ebae42e4ec54c4b9135b388d576386238160176b8
train,4k,84393,3b6f34d57de983fc30328b5c04e6b0f1e0af92e58367199667209af723d68f20
train,4k,136746,351db3563543e5d5f35fc52f6681bda5094f9f17cc6bcb124ca4b12f440d5fbc
train,8k,109135,21b206684e6e9360db9b14e131bb6edd078d64f0b43e19baf70120cf7c18b973
train,4k,38956,f3c3ba1ee8ac12ce8b8add8b03fce6c7079800bf7d4cd425b125d72106e9b08f
train,4k,147628,c48d48c61c274886d4723c4a0ee9349abbc661825becaa83146721d05aad634f
train,4k,21404,b0220902f18aff5f53598b14cd3478140ec73aa65d172e1baa6a5de8583a58cf
train,8k,151630,643330450f332bd080fd00ac8660ace8bd7ed6ebe34a629f99ee481e649d590e
train,8k,25050,8b9ce855e9f479062862996b4f3f08a352e5cdc409e4c271440c7c9c5dc5b3c4
train,4k,49649,943a346f5cd0a254d945c07e68f2414cc7d2ea6f30d0eb2d4b22cd9131817db5
train,4k,42033,44f1f2f93629d04537e88a5cc87a9bce26d9e1d22e56638da42e6a1dfb01e63a
train,4k,46665,e21962a35618613c2e99b9ff4f2c0c86c2181b972c9cb8d1d4035154d59489b1
train,4k,118821,3b3efc3340e29facfb6cb6d3db27f54b3aa400d46fcc4337eddaec2126b4f942
train,4k,146373,abbcd7441cae8951613a809dad0e6da06609fcb3baa9fdf35c9d46b33b880a54
train,4k,59633,589f7266652982ede75fd5a665c941c802988eb7467b68662e4b928b182944dd
train,4k,120950,dd89b1e79ba91f29ab094ac3c91b7d9246509b76e8b7f4d5ac64536682e7faeb
train,4k,130721,c0b612ba94c73c891a375f87550d6c2517f80ff5a52e1f07a7db2ef8a6fbfe86
train,8k,16829,dc4c428b8bd8d594c64334c8c560ce3d45e238e1b12c0d6b1d45193abfee76d9
train,8k,39159,6b156e2cbe18e7d7f60f29dae613c57bbe252c902fc873ed6f1b021170cfd88d
train,8k,47020,7469658784b24dd66cdef9285e74f668f961717214cdc863374a65e1e3691a0c
train,8k,92939,63ec0df50fd3938161fe3418d4214fd2038e881870be17b6824c6d1e4a41a9bd
train,8k,1739,728e5bd88f53a831bead0d5d3f1cd448669c90e8775dfc05285cca3ad9e05425
train,8k,132344,39df53f6d1c374a8004cd3e4326196ed1c6e1aafd4965411a9eebcfd90635472
train,4k,175851,dd425453fa07d0b34c25641c857fd7b9ee62a33f67ccf1082f158eca49a728d1
train,4k,179432,ae92d2d13a8895dd2ac5245ed915b51e5da957a1c39e253fd58f9338e140ecb6
train,8k,89974,3e9951c09eadecdc953b463563093ffff440d6da5da5c41d6ee496ed70472c6e
train,8k,76505,be61ae60650b707dd6de5d0f5b3d0fe1d4fa4e67ee5e01302621506547968ed2
train,4k,12114,b25d6e95ff531a07acaa7558bbb2e4df4289b3617543f748e6d2fdd586ee7c40
train,4k,147349,9ccda9595dab781778aa3061af02fc062905e0a73fafb3744576b8a8261b67bc
train,8k,168161,79b1c2c7c23dbff22891f287831bb9adffeab14e0d83c92a98347b78d9fcd4c6
train,8k,144200,6bc1cd64d0c37dce26f39a71520fcbb9196cf77c3917ae488dbb98b5e639f19d
train,4k,16418,98edf39350b58ed57dd626872fb83511f4c9d29fd40ccc520c6319695c7ef7fb
train,8k,157164,ceeaf5c3865a9606eb01797f9d245bca5ebab1cc1a99b127c503512b6d353342
train,8k,139139,1af285820a2ce0e4eada27b77566cce6580e0e4e8382f5d7e41f72bedf42ae4e
train,8k,148518,f29f9ee7659c6d18da9a949e76bf38bb47ec59ae076f5c90cdee53f88a7e3b34
train,8k,98575,af42d3db423f3cfbf905da7320de91498217b35c560529147100e57cd55ccb64
train,8k,106504,c0ae4ff9fb63ea769a99c468a6f386866af7341560a5377a4ca397a61ef3ff27
train,8k,55546,fbe2853415392edafab54a2bb002ddee93101ef6f7dc3cff62c4d5f9c4652551
train,4k,22880,5e8fa03ece538b831e68967462b49ddd596a6f292d9760eefd53bd0531bfeab5
train,8k,40424,b869eedebf29cce83574a8d74584998c4893a8e61e799c9c651babd1a4f6ce49
train,8k,181227,cc44a875bc49c3fe3e565c37d7040f4cabdbf3547c5e26e0c9276f11f191f6f6
train,8k,155986,12c4e575647e08faec9f1ab27635c573f1357a0ab0e72a5052805c0ef3ab39d6
train,8k,120749,1ad9ed87ee3cf30afc12c590304658fbecba69d5c4ef77b81340f1a3c9bdc693
train,8k,51835,eaa04bbc9541c04a40b3230751ef390f671b7cdac066d7caf1174a511954b7c1
train,4k,81003,174f55ca30d9e772d9d3dacafb93cb42157a9e5c093fc503dca1d59784624947
train,4k,162255,fb5584fbda1856de4948db59809acf6113a9af6c8381edd781197f6d24fcb26a
train,4k,97427,2890e6273209abf5f92892b5aad1e88b5e5c89f5f90eda3058de30582c3e3e34
train,4k,9616,9c477492ffb0f13720f5e29827bd54fd3c4a36e83aa8b25db6952a83340d4de9
train,8k,176482,98ba8b91266c8a14ff0325012c7871feb2f999c5d4136a481ee9f01ca223c0cc
train,4k,165578,dcf896f7a99847dff0c7664ce05c486696c14f706f93671e5c842108dd16f12d
train,4k,31466,71c91bf096c92f9f522a9bd94c16f2ff4978e62a4529a734b1acccdafe29b55d
train,4k,117658,474a7d124d6de78af870acce2cc38786bb8e6705a6ac13cfe6e93da1b1a597bf
train,4k,30635,0acdc4e62317d8c20bbd60aede911236cc6f3e6fce4f551901c707274c37acb9
train,4k,95927,0e8e87cd04ea0caa90d7ab6c023724044d4de5305c04e081441a1c7f40594365
train,8k,43255,590809f00dba10caba067400dfbd13f8615e8c13e0652ac686087169992b9790
train,4k,117611,c6f64158255f21928cdc6f2aba11052ab510bea03747e776d533df27355f9649
train,8k,22246,cebc693d6597f4afde8125b47499c3fa4a64527fe1f16294478d4533425c0e4d
train,8k,84911,3b396cae4df82d431af29ff863cca7771144d86408d058fc519a003ad439408b
train,8k,42302,2eb73dfefbe1a8725281c47526ce6dc1d18e53194fdcb98ede6ed0345e503e3d
train,4k,170737,d1d6075194e0cf45380afbbfa8e95de959b499d0bbfe8d5dc4105095d7344ed9
train,4k,96539,d0b74514bbca7fc0c72ccd6cdb06b80d83cdd5ed12d3891ef6e28dafde7ba5e4
train,8k,166986,7606b1b7a45c88fee49901f102454dede9ed9f63bc86b496217bb23d664e93c4
train,4k,50458,b317ac165b27eab3f65dc5bd94dbdfd268008d9a681b10dc147dd22d92a335a5
train,8k,168830,9bb9a029975bb1cd7c9256031388f6fda007d188ddba60ef1456d48b409142e1
train,4k,17862,b71d1efc0c8925adac9f58ddd287b8c034fdfe97ccec0febd6dc7915c61184a3
train,4k,14317,3cd68acc2279bd81c0948c7be70642623ae4be9110fa3dfccd9fd9235649af89
train,4k,58512,f17df98b69f0364266a37fb9f8cdfe364c8b6234df7fcab4675b77362153a048
train,8k,13606,195ccf849d2787af306c6906a755410208105b522b6eca3e75388bf421966b39
train,8k,123724,f186b80a81d0e3e8e917582c68a84b213da07014dc605825ddd20db7d610d310
train,4k,155577,62569d848ea28dc75a8e5225d80da399f37002e54433cb6319c387a024e78761
train,4k,128271,e60c1e57a68c73b97a8a6fd1604d5b0d3ae43a61f0b1309ecb7761693196d08e
train,4k,31194,26844ad6a8134c9bb3fc76a9c4b7cc495531f1da34c6a70750d1f47908c0c8d8
train,4k,8998,6be520f670610809da8ff1ba46f2a7682d83b6baa97d9b4c4631c9b922e428d9
train,8k,155401,63e34a40151c2c57339210e504320da62202f2d9d48408faee07e01b36e54b2c
train,4k,135625,cba6e6e4ea75128923dbb9be64aa37760dde3db6fba8b163c1fa5529f4747f6d
train,4k,187404,9c7374f2085e4ca4abbb6774c30c92ab3a14e18577197a0a193712f12695c036
train,4k,177811,89403568a80b989376fa8fdbbfcf10fcc32239fe5ea5253f74407fbdb823b5e7
train,4k,44339,03edb626c96cee332b1553551f95af391c411df37a6a213eac63690186a6df26
train,4k,33695,e1da0e37af9c2a83f1fadfa3fee5dea26dfbe89bb0f40fd934b1fe422be2c094
train,8k,124656,af2c13ef238284c2f9706b14265c171ca63056cdf59b05174ebe6f36077cca1f
train,8k,34367,4407b07924c230c885a4b6455816f91f979c5a18074780d55f49c77dcd0c6383
train,4k,20040,2d60a59ef80ad15ac1bfdee058bd373a8a177a9671479ed2b439364d828b0032
train,4k,45438,b815a65efabb14a35d658ae3453cf04d7173d9ff0f3f693b320df64ecac75915
train,8k,40925,e7a2c8a59a077c45b9e72efb1d5aede43c050f2cbac674b290c7097a168d1629
train,4k,86722,f1258c5ca7cba1cb1f2bb889ffcd2a39011640e1184348ebf7ecdefe4764c3c8
train,4k,161445,3c0285a7e15edae399beae344f6184dc88901e7d1bcb50c478fa15aed9265734
train,8k,151244,d3500e3138bf27c46721c41fce47ee4922b4e756d89ce70b1867e88139feffa9
train,4k,169415,e79115ff7b3ee8096cc8edc11d963508b0fa9ff54d3a21e9a40a73cffb1318c0
train,8k,170522,b6749cd97fb6b0dae7a3af72901d824e674530c551fe21887900e36cbe7ab562
train,8k,37213,9ee887bdbbc74cf619053177fbf7d5e97c7e298f28715eaf0e4ab3aa1020613d
train,4k,116096,943bfbbcfc30ed262defc86b4411be26fc56c7fb66d857fb86008a46a78053ce
train,8k,89100,0100b7974f1f026b70b170a333bd08c3ba90fab5bdceba45359ed32e3606753c
train,4k,177148,73b7670b94797c0a012f2d0e07e56cab9a48cdde9abfe9248ac9e10d3cf5038b
train,8k,84417,2251d99c98a730efa6a5afa6134e18dd9c7c69b4ffe74fd94bcfa4d1d623b273
train,8k,129480,357f2ca0133e73ca533842bc3df4d9e8af2b7b8cf4832d7e4c6ea7e32e5b8e5f
train,4k,8075,ce7ea5a61df03057a9cb18757d5e210ab33b7263df8928dd59546c1526ff2c95
train,8k,52049,6f72945ee2e3bcb066d5da69c1429056f72f3261a574893a073f001d24f52626
train,8k,166578,a4b5ca7b826dba356a1bdb10743a5e56f8b9ac315955806d56ceb5f5c31f624f
train,4k,46963,d89575331d46abde0d85716f8e2312ded80c9fc02ab3854e111e0174177dbbeb
train,8k,173493,20aaf9cda63ef301ddf36ac741ec469fd705de3fb92932bce574fdaaa6d1592f
train,4k,80087,8397ce8dad11e16a2a88b32d745681b8fd3173c21cc29995f9c493077ef66d60
train,8k,131139,ac0ec05a561e73b0f1c182aa6fd9802fe052aeefd0a75242d35110f4dacbdacc
train,8k,119667,c9fa017d0cc54c875f6b98602def3341d02749501fb41097ade905c5ed3bc02d
train,8k,40795,78a8048d7f0fdb0086c57af4de6ebd7a95fca469f128ec14b20db092ea7097b3
train,4k,50693,e0be0a1dcda759d878036aff62e89e3ac970cd8e88ef35fdbef9e8fc2a3c5429
train,4k,104757,eddad32d4784c6ed584e9ebe8e6c6b6fd6d74a84fcdfefe3dcda865528cdd58d
train,4k,115538,977573c789cc4b87c69d92eae34c7804e14d3d54649d3be4a4294306e536e35f
train,4k,77140,86d3eaa755d71f5adce1c493c25f4a6e7940decb2c505105f923aa13eea740ee
train,4k,41684,920c1745bb8ef5d1af5a90e57a2d0c5c48aa78fe4301697f2f2fd73a23785d2e
train,8k,15581,40159a56bb7c76cc1331352b599dc40b30f82d5c6a83e37b33feec97cc1b1f7d
train,8k,72427,a6352b0f0ddea7e8e23ba168023ecf94d25eee626852993869931740ecd445f2
train,4k,189283,90c6fa6c52387098b0dac10cee88b5db73e477fd8b620918adc315f9a20dbf14
train,8k,46306,af707c20ce4be138aa96f5de9b26de8f112152945a84fb101036315446bcc8ad
train,8k,32934,7936f2bd177f06bc7f408191487d909412032d5f2a1854aabf9d5dc5e87a767c
train,8k,51482,d77eb7cab6b4ff07c60af134060ab4bdd6f975c0c121008b2e2d099acb6f2323
train,8k,32944,f4bb988f6ced942efebfb4a0afbdc9bebe1299db96a65c438418ede229bbb9ba
train,4k,90309,98918b2757014b4e67fb4853728c1724f864c125123bf812e51440434465073b
train,8k,29408,7d1f61d02b49e46f57e4410c2d13f7b07e7f4990b4daaacc9d5fb726769d7958
train,4k,88048,f641591a0ca66b8f7e5da779b75fff97b41fb643c82e8b03a7ac6269e2d1e186
train,8k,128929,5711a06ab0937ffdf212ee6ddb1df45e43cc6022cd45304046fba6d70b7749b7
train,4k,48617,c8c556260c12fe1255cbc55a20f38fbf24585e4ba9812373f5a0853219f61a38
train,4k,122170,b165b60423f041ce0030a6c472fa3e06c2684ec2fe14fb99ffc3491619bab6cc
train,4k,155663,3320d81dad904f3df9abdcb2651f469516b4b1044a979b209fb90806ccb9f085
train,8k,133570,50fa6ba5c56b1a84c9e3dbd2984612f0a7eba49ec78644d123018c6b77731892
train,4k,48720,7144186bc2127866084acb8263bbbecc54db13e6e6cf66b2a6e0ec48e27493e9
train,4k,114870,ffcda60b947edd39a6ebc877b7650729323d6e94680fe5833aa82a4a89be50d2
train,8k,81690,270dfc0de6b09a325d894a9c6b7494d4d6f2455a60026801811e9c6c331b7d8e
train,8k,16048,67081cf78f0dd26cf1216a529d56475f6cc4a188781a7f9739834e93b39464c6
train,8k,77501,a183ee3d26ad19fb11109248fbecb1a94e95cab80c3656d9136dcd4bb08efe75
train,8k,92483,77ba51a0817d4b1249478284b50758b372a25373c25e4e724937fc3ad1c3b6fe
train,8k,36155,8cd1947419e7bf870ed116cec5e10ff79288b27b6621816e38fcef10568d53dd
train,4k,188927,b9a5494921cfb208331b9ddc3de9c14759e36d08d1757cba5eddad33a86c4820
train,4k,161342,569c93666c2b6c996bab2b1a291a6322d2542e25b8f85e8a36bf0d7f74dd0fb7
train,4k,135689,95e0b3a6c806f84f4c9801006a270090009d49d45d3fc2c3d01de27330271bd6
train,4k,108375,1b293c58ea45601f943733226786cc5675b8e191eba6720ce43b593e8913e0df
train,4k,30664,aff92d8d6799fa4e4a44cd1a8f3b4723811c24f826eaf1654ea8a849ef539ffc
train,8k,49803,31f36545af81170f240a44be9a7dace515503b6074d2438ad878b514e67c8c44
train,4k,103597,d7f8b551e0595b62cd25939a1326218634da00723590a8fb9b49fe155f758d38
train,8k,95657,7ed8dbd07ef8fb81c55161c90bcf2e68f4ceb7aaf566f5977939c0daf46e69ad
train,4k,160150,cac069c1906ca8359500c27cd86c8e0b720c6d16e8ae5e17964afbe2db6b97cb
train,4k,99790,e9482c76f62a291ebd506e63b0806f94d40b99ba2e11db21e077fa87cc88fd3c
train,4k,41136,00d96be488b62a5a9aa2bc0ff3d467e37cef0d220e3d48c38870c86e3802d4b5
train,4k,37984,6fbdfd823e2c25a5780997687c69a92bfefe3d2f6637c81f2513712a9d64e879
train,8k,149273,09d2b62fead14aa9d214ecc278fdf625ba80951d7175b3193b335e383d970652
train,8k,167226,e6389a00352efbdc48dabd99d1c973f395612c5d4c1acfe79ce630ae5cd46cd9
train,8k,93817,68bc9d611d0cdb6d15036cee683b56ebfe572147c360a9b7a942507284df80e0
train,4k,95235,25e6d1b3627ae2d61a4710408f8441b858e271a37087efb43dc384ea5be8343a
train,8k,164914,b38958cd958a3ec80681638da44f213373c3acf3694d82ca6e08e9ea25f7cbab
train,8k,3201,488c8705c331bbb3b85b5acbcce9b3360fc464deb56217c009a7a8b8ecc9a325
train,8k,92046,182c924d740ea3b3eaea19d70f6f8e8d23cd52dd87c02534c56004ff0655b049
train,8k,76757,a0f0c2d07c38252e46e25b6f5f4d7dd2a514207caf43a6f64d3f7a8525a73e10
train,8k,22315,11d64efb37f71f77dd139bda52b4079ac1a3afe4be407290d44dd5f0b694a8fc
train,4k,161021,295c1686ba62be9acac5282bb7eb40f058f5c2771e444dad6cdf26547297f445
train,8k,24763,a8b3638fd7e6c45673d55336891fd2d250424648f1143715e8d018aa5feb73df
train,8k,10707,89c6e6dc525364d057a0f0a5ffb7882c3515c4cdf8e61d821d9fae3cc10be1d2
train,4k,167033,b63d1a649188790f10e4a6664249678c5ab886cd8ae1a2cd1a1522b6acefe255
train,8k,37569,f75257dd87f0e907c55ab198386d7cec72004fdf16f696da480ff71d2aa62ddd
train,8k,172444,237f8d36aed5b936fb627035c3492b902f8c0bfd88f8bd3d5e8c041b03f51269
train,8k,152339,e1190d0fe28dd1c3af6b24d07d557120f02786bc494d22887b1556a2efebb4c0
train,8k,53085,8e2923ceb899933fcf2d268e79f4d94705a1b6e3f065b3e5d3b582179c764f48
train,4k,160244,7c5c7de734469971c3ebb52c6dd1b5bdd9241fb238efb420fd49be6524e56c79
train,4k,71886,2936d5a7d31ab357f0e2f654dfc321f5b940068c004b119b75b96a895c359233
train,4k,70223,031f5dde9fa000fc8661ea89e65b7647105c5abae079e45ba51234454317205c
train,8k,75060,cfb3766067e0619d755762a6846f33684a92d2e79a7f3f4de6a54273202d5f67
train,4k,174051,67c00a20641567322b14078e5ca2187dd38e3584aa4e8fb1fc7349c36bf14dc3
train,8k,27975,d314182e9ebbec92b6c9b341e06fa09a6a236cbc7081c215abdb487db3309a8d
train,8k,98264,12685c3834a77766ae973f2f13b4b7ed75b74ece7bfd5d6feb7fe10f2d472f19
train,8k,72659,2e8d2d9d8f5a1d3f017fe2c4bf80dbbbcbc0b2045afa42e00fa2f315db838dc3
train,8k,85081,b20b9358aa036b29af7f0aa250baa7d89782c9bf66d3b91110ee8fa34536c591
train,8k,101937,9a3191be2ce45c1e4b6b6bb53e4657ba8d690393a400173f3469a351a3be7948
train,4k,31444,d52df79c0a79b56dc019cdf7fc9e60e9a5ad8273a919184de28c30147f79502c
train,4k,137345,c4d2c2ac72f17290366fcf651122dfd5616eb7bdd05eee5ab5c0fe5b2c30dbf3
train,8k,133503,ad7d2436e127e6a8cf2c50e0acb68c0f1a96e4919de89d3a451560855ff1a7de
train,4k,67639,059fe8f2854b75d85df8f5f2e780b087f83bcea7aa3b57ff601c630f741dc92e
train,8k,77904,4cc2b2544b5ed0db85649a607893d59dab4b8698e634437cea8e37ef7af24a6a
train,4k,117138,f5387f834e4c4aa4bc70c2a5a4851e9e81b60dccedb6b222cbe0428776c8f294
train,8k,162768,ff350f29ddf9e80a6e91efa9fba7e569b8d9e0118e0e1b9800e2e52e9dfbb7cc
train,4k,105809,c4ce3632fc8ffe7648fa675ae19303817f552910872be755e91d25cd1e4be6d3
train,8k,161835,c1c102e8b395cf38b8504ae4f07ec4e8798c7f95eb9a2a2a70d69d8a42abcab9
train,4k,109429,fe42c42cb753e3b57f75a2076cccc710b709264ff26dfd69719639e9ecc54782
train,8k,105383,96d6a45d590cdce43d72cba878a2937b59ae20ccd2b6018a15d1e27f32593086
train,4k,30648,08d3a4cd60d17b1ce7a943a6f169a754b696aeeceb7a2831b18f96429e0d5f14
train,8k,5221,043d0915266a2f3dbe887788d34d9e970685d761071a97387226c8a99aa9715c
train,4k,1176,e39a9a842be8f2d07e37915a45a5df7379fdf6aec41060ab3c2e5b3b6df79ae4
train,4k,8805,61ee77f225ee7fe41863e9ac5be9ccd07ac6959e094fa6ab1ab225b645b67db7
train,8k,51063,58f57b331714de448bafe10304e4853e53a270cd117bd5adfb2fe6a248962b11
train,8k,59418,9871b59c3215bc0206dd7d75c7021359edd9d29e3a21e809c18ed20e3237448a
train,4k,132986,4e4087a497858d5053f507d5e312be589b123999a134568f5747686548e70273
train,8k,751,b7a5ab1e48e7d982a722f9a62671e6de2bf7f1ea24a7e076cc1d7c0e061ede4e
train,4k,93576,efba2b94662d65c652aee200ff9ea0d23bdcacc805396f98a226d303ca123700
train,8k,21670,2d0bcb22234a149c5f227b4deca60171da47ffb0a54fab8a0907beaa2f3fec36
train,4k,65773,c1d1d88a4dfa29f2c8c39a1bb7a82f21d2cff3c5d4e977b5463e2ea195a0db09
train,4k,20121,46173a380f325f5c7481b4e5ff8f6f48149f9ac393b82140acb1ad933c26081f
train,4k,45799,093bf1120089e268e165dbbd81a2256056244fc4fa6cfc094385c0c8543e8044
train,4k,162587,0d1626c4bc7e4ed3f874f55295966cd13c9bf2123a3c929bd71bee609c44a38a
train,4k,76752,035ee6bf8bf1b9326092b534cf8a813b8937487d1bc4cddc81fd2d5a325342f2
train,4k,108569,2bff9545b8e42ed3cd62b6f66ac2cd3c8907ade02ad63f565bcd13d44e80bc53
train,4k,186900,55f903ab1f0c8fa2fee1b12243751ef76a6fb5dc09e51e19a974219f3b2dd45d
train,4k,145289,082f57df4de644f20d896244c2fad3385060dd810f273ae59e92ed009e0908d3
train,8k,159898,1f393885b3b9d9158e26a426653cc5442de2d475d967ffd4d1e456cce440fa28
train,8k,181949,b664e912510f0b3c842c6602be5b1e116292c9a7ce145530c0c22deae6828d23
train,8k,45737,743ae1a1f161ad3dfbd57b3aacbaa6c902ce3e6ae3ca57d0217f1dd236835817
train,8k,116301,88d24c593c5fa7ad16e65a4bae1fc710224f6687bf3efae320434a8c2b6337d1
train,4k,58991,2ca63b6b13cf298c89038cce2427deefec3ca7b488dbcd64b8110d6a95ac0786
train,4k,158986,f14ad46d82b846de3016a88ec29a5206e5734122499166c17fb7d18d77fca23f
train,4k,59871,c0657a9434b191b383a2695f22d2084a3b77c842cf61f8cb8ebbacdcb2fe02d3
train,8k,30354,9998f624e1a734818d2a2f8f1b6763e41f4bf3e1b05bbc780c236befd4e95305
train,4k,112002,f7302fcfdc714881de800c4a136a57309402837b7841fbfe4bf72d8c3fb86252
train,8k,103040,fe3b2ebc0dc20bb9ac1d36f5f737e3f45835dc95f182b8a6a723c29a67f7cd0a
train,8k,64593,460bbefa76373f1a2c707862ef22fd4391fbe42faaafc370edf431f270b48a0c
train,4k,52117,7d3fbc5893d16dea2c749b9cf463aa31ce96e316b345928c0001229d0d2845ab
train,8k,131712,686a61bb55f105afff176c60d276e9fdbb8a8a1736088e18dfd511556b7ecda4
train,8k,46809,795524c3fc4b4ca19b92e0b062b042f2aaf65779ea4bdfb67c554dc124eb8700
train,8k,156056,e93646faae63d2c2dc2fa56bfe59291706d30edb2c4a0531d1366b3f12fdab83
train,4k,55652,15e4abc279b072ac025e9d06fe4464169ae318b72c4221a686e472a6ce721a99
train,8k,155030,3dc9e9051e53d5bea684a0a248d086b2766b27cc365a11485b0051180bb4dab2
train,4k,139989,f2bc4bc411b805d5433d847e1790ccf0ef03035ed569688154c464a653e4452c
train,4k,21006,c6a642c46405e8f834308905e94ae4c325fb7310fa21cb4a3eb1e54ea715d42b
train,4k,77398,cb27bec8525b0bd6ba244567365b9549fb024a200c8d307b985ae3e6f40b52c2
train,8k,117452,e3c77a4f6862219ae314186997de5c1419e91fb11d323d8f623a861bd60eb4b6
train,4k,98601,7d9bc76e46c21866b3ae1aca64c58f009822d17aca60fb7f99f16718e29852cb
train,4k,11977,6981b630042d9bb3a2583c961eb843c7400562cbb5f5bcccbbc531f85b16d986
train,8k,78094,1f00bb7f313025076786846f14e5ace9b9a2a9eed1fbb60bec58eebdc5fbe5b0
train,8k,140738,47d17e95c9f969ef3f188c90de33ce071c353c6aab97c62418e79ab37b006817
train,8k,164374,330cd5d332a29337f7d4d604c12e7ef7dea7bb208b14c08b73d4f48667d3f97f
train,8k,74816,ba5cd5881d99a1e1e8e4e33e8b54c2465778cc0811fc32cc46bfae00afeedf67
train,8k,13200,bcc2b201ee73a994224c9408a3bf5d7c1e70bfd4f5193d82a2308745cb8a3dd4
train,4k,24934,78380293ded65cfe553943c731fcab68fe95d3bf0f34ac8f096a938ca99bc192
train,8k,78826,6de0f245231d2d9edf61d9e5395ccb906ea87ea0c14a0d2c4a28b13f23c10660
train,4k,59057,a467aca54a3632032a278ec6c4e82a9b23446c63aa0fd03170b75e7ba31d1142
train,4k,95333,5c3b218d8688869bc690f883ac1d3c6c18e0b5ee11b0361db555028418bc9a07
train,8k,98443,0a49c26d79e2fa166ad7afe325d9fea4e3c19cf470f57a906f33547dfc393e8a
train,4k,3207,17020baf311710478dff7eca6a3824213339de77e978c947fc6f1098e3da5e92
train,8k,69219,e57f8819c175d8bcf0a6a9620a000d5bfb096cad3696e75b47969f2dff949d01
train,8k,4070,dd8df17e0081fdb8fb26783d5248a8f70db4b5f381cdf34b58a77c7543c0a3b3
train,8k,43320,a2955a1fbd89533febf376aff5868fd6dc2ca103ee8acf414f93ecd05432b115
train,4k,86673,f3760ce8842feec3a7ecce3b715d38f5efd786b8a074e2c85d58be13bed26585
train,8k,49986,3d16eb86e5a09c1b411ef4f84ba252047b9527b45dcc84206dea40503d9116a4
train,8k,56469,4bf3b61dbafccdc28275182fb40900724bbf3b551129ea0a07e1dd35deb28750
train,8k,65279,0f28134ee5d99ec8673792582ade460f7d441b55ce14dd6e6518673ad63fcc11
train,4k,49471,71adec59f05977246c3cf317e49f6e937fa98c09ed9dda9c55d180a651a59147
train,8k,66889,b7397e8635e2f041cd24a31ecaae8ea083e96b64ac85e603535b0fba09ebebd6
train,4k,28666,46846591127c5272bc0294c7b6ced474e4f52996af93cbf43150ead38cf21da4
train,8k,179404,22ad4e1207322d5ef04b96f42a853c6bdf6d2e27905069e8aa77aec562da0b9b
train,8k,142994,1b57a45cfaf70bbf39a3979f4cd84a49ecddfc9dbca15ed8744fca6f4b9b3e18
train,8k,48030,6bb968b26e7cd7fe16cba9cd3d6399be2284fcb351e7e39f3cbcdfd6b32f7735
train,8k,121199,ca6bc8a3ef659864fa611a5c7d706d3614b070b9dcaf07599979279935c8e92d
train,4k,156467,5716dfa82940806d1d6ff0e9b98d23cdd88ff3bcba084001a4353b91fb654cf9
train,4k,91075,2f54b208c004d2ac25acd83684cff8ffe5db41f6a4c110244bfc6f985af56fca
train,4k,13108,c4b8b31ed5a7e96cad7c338f055246215203e0f8b7489cf5b14dff90c4f0d3c9
train,4k,110671,d0589c3b22925f1693fa94755d89db4ad61c495fbc14aff9e00f4736ef8b4311
train,4k,144971,bd5c93afe655fef42e3933b8d401d2ce37cb92ba48b3a3659636e4b6d6d8dab0
train,8k,63205,1cd7058b9f10109c41465e23fd5940c01a17c8b7c9caca6e17c95da19a6d412f
train,8k,71992,e315bcf0dea06de4e771359ecd32b9c41787f306a4aac67be2149e8b519bcd41
train,4k,6729,3ffd843e28c5592f8e39adbbd23b215dd3fcf445658b1105ec4b2b8604f0858c
train,8k,104801,b648c7088a060d622f5876a3a8e64bb62dd9d1f228eceabcd745c8d0f19ad591
train,4k,72995,ee6bdba990de08a3a6ef6cb75d11dc45d6a9c9e95d0fc2a9ea69ca7652fd3ce0
train,8k,136502,4a382899a137cfe1529c79dee639987d385d13f264933b546c44ed92c960ca46
train,8k,172770,17a78c24fa7faf35dd5f0ad577555fee00abb873f338ca95572bcf6735c0f375
train,4k,138056,8bfe9fa505403f6512002633821596c06c7d580c8219f137a46a36e0570a1e9b
train,4k,91960,f390e0124ac61be3a3c95b46d8c9384e51169ec2aa9e6b7184de03f8281f3aa0
train,8k,13188,ff0ee5490e4200c7e02cfcbc67d87722fa209dc29a6e22e6a9f05828c8f5b3d2
train,4k,167717,3dc34d4860acae0e5eccea376ed764dfca8f0340588dcedaa56ce3e158787f02
train,8k,47819,14e21bf2df4e4626b5859c96e25193d65121065f817c2bc643378ddcc7cd736e
train,4k,15949,e1252027b80595398ced7a17b4a4db863a30c297e3aaabe5285d89c6b5429e48
train,8k,34296,ab45408e7c20e2a80fb162bb1a9aff110837b09cbd6a53b5a8745a6a2e2e80fc
train,4k,171376,3d92eea1829fee5b0d50bd752f8f9712651a1397d302ab233b202c012ddee2db
train,8k,175417,8ba51c286ce6e4020f78c0173adc4d505251e3ed5a174613c4d51c7449442e47
train,4k,57400,c81e5fcd64a310c30ff23637b3cbaefac407b61281f66cfc4af14f8d8582c994
train,4k,66739,87279a3f8f071114009dc091be58427aa371f5b200ea4f7e8c21581707951094
train,4k,92840,6e5d5e4da7437c59cb3553a292d345235d6e57596304e4a37b9a55575a0ac43d
train,8k,62764,81983fadacd64bde6f07b6c36eccbc7d1e583c30c1d76810b54afa288ca932bb
train,4k,126064,d3321804fcf7f3c4b46c2ae1ee90e8732aa49ab2c956d6341b9a79ece020821e
train,4k,177892,96cd2b362f273539b44bd1280c80b44bb8179e8eccdae58ccf0052ddc050675b
train,8k,156047,d5849a9900fdb13aeb7423a02373373259279f5d51ff7f20c68b872cc6bbfe95
train,8k,23292,9f1eca1b6657b5729b7c1148ef4d47ea203bb5c2268b5c1c3296495008aedcf0
train,8k,81041,ec31323dd9898fd88b9a72ea608ca7608ce650640b6c9960b6b860b4e83880fa
train,4k,54408,61fdff63d303af9cd267b6129d2c1fef7375111ac834bd93c05b54943e378c71
train,4k,129397,3ba6f7eeba8159f002a2723db1400479adc320958f182a02bd0862552e6b4922
train,4k,130627,90ce3039240165e62f002a1ef3a58230b361f66aee770ed186efccafc1bf2aaa
train,8k,131678,af86c4c27827eb1727ec2d28e8e0f4d819b17fc8b2d7cce12f1fbcfc1c75036c
train,4k,64431,3b0dc17ba22e4d4d2db0864abcb59b14e31ff52824032fb2ddef415a7f6ec126
train,4k,182317,b813e358da8e029d19f0bb85c8f2b70991909ec5207866957a49c10794ff3cad
train,8k,160307,e2f1c7424276097dcd3ebf0ed79808be553977c645d4d0f0ef856343e711a2ae
train,4k,168313,368d70d1907eba86852ff9252c3a6487ae2489b03c3215d6c241f54ddac0dd3a
train,4k,153640,0529c2e6bd5c049eb43d9a0e616a1dcd742bc32350b929b9ee2f4eaa31fecad2
train,4k,110969,7b1c8f5bba28d596d951f01ded8e914f822f0d7e6478ac92f10529c98ba7f258
train,4k,51447,57723ffaa80f6ac057fc61691987199f6cf5692e08730f14f86edb0d7c4665b0
train,8k,139508,8676bd6de2f09a6a32764c250abbd30dfe3861123475f16d1ec0784420969f05
train,4k,94954,1ac07b518e94cfed3300abef569c2fa403b8f03322fa86916a7ba40337d8906c
train,4k,50669,797b1d7c0fd33adfc0a8205ac7186c076c04c88b3e0fa85c6a8ebcdca4b96378
train,8k,121182,447be0805100630b4c3caaa1e0b4bece076eaa96eda07ce11dcd2cdce6d89191
train,4k,6287,d80b515d2659ded4d48efbd8747c547fc089de0bae4bbe762e2034844bb77cbf
train,4k,42768,5b6657a1caef7c2e217fcaf48234a15011bdcda9ea4fd43787d2d5e9264c0ae9
train,8k,23886,29731fdb5c022b4ea6146b7d3d937fb6e4ff28d141a69b253718b03fbee8c650
train,4k,162373,e0e786771b31599bf48f9aa14ec039a70bc15d39a6041f0b802dd604e338bff2
train,8k,95604,c69c8985a1d970e8f4bf528ff904c54a64f062cb4f4798b25727116249f04f20
train,8k,177162,383d808ddf4577f9c84036c71f5c8678d9e99042fcca7256551e5272a55caa19
train,8k,49330,75e7c45c638ebfef79f8f770daa0999f114f33b016dda3da2d8b318cd49b0dcf
train,4k,142043,0a16da140e08bae89196a5a7f27633096935ef3782e072ce35a798b05cf93ff1
train,4k,18949,96cedf5516c345141826611a9428da838323d4a3f8a2c65c377f52b6e953f07b
train,8k,173844,1c62190cdd3fbd09c20395160c661fe8e1ae527840c78f4bed65658eb19b48e3
train,8k,142144,91194f86aa2d24fe02dd55d0eafab0ca7cfce4b322a80119ed40e45c7ffa5c5e
train,4k,103430,32f8753c3794f469d9128afbc9ad9554d086dcacd0ddfc83bc716689b6be2d60
train,4k,85419,edd9cb58297d2aaf46d8666746612a5dcde0edcc64e7ee8e6098cfa9dadcf420
train,4k,139172,526407d0b8265ff066e53f0c52796117d4937b75f64b15ff7d01d67c3af35fa8
train,4k,135576,c7ee8401e6e37b953766a9b1a3a954a96a67e88a9c1da1953dd58c6c91fae784
train,4k,53398,4aba0df24b483f57bd000bc08c56772646f44b0e4d8cc793a3095127de91ef8b
train,4k,70402,0ba3407ebc72292012bfc3674d2e4a97caf82586ee7075aba686998a99e8d902
train,8k,28147,f849e6574ca43c50d80259a79bc796852630048b7d4806d58fd7137da0bd2154
train,8k,108380,4113e32d2c51db9b9c09faf4113ad3f2737deae8b3afeafe8fcf9988bbe0cf80
train,4k,165628,3bd8341bbfe8700c2ada94f79fc2b78a80a3181ca014c5f438c67973f712fe03
train,4k,192001,6d321316502affb2fb2895dd49f3baa49554b5eec14169d7071b5e00440aae76
train,4k,168626,4153eef5d1befe46295cf362e9c76b44458e3ba9aaa65e1bf158e54d6e045dc2
train,4k,142706,4901a23d4af08094e3ab56418b35c07e7caa90552b189481fe264657045f23ac
train,4k,155774,be506aaff458b56565dd5b652d3664e73d9eb4f06714d3d7b1445c1a55b2f7d9
train,4k,52854,962d14303113a77d078ce919d7a59b2e1a4d459dc117999b415eddced64afbbd
train,8k,146406,27d540e68b77186fcb8030a7217766c958b2cc3fa6ea7588c25e77a46b5bf7e0
train,4k,64487,5139b1c067313665db00778040f29726334dc1c316b959f7f0fe0d0b2b9570b4
train,4k,177035,c13859589c23bfa3957d0c0df7fff3e35631ee27a0671b78328b8fbd93e40660
train,4k,130674,94fe75bd7a61f5c16dd12bd6e4f42aa7bd866e4c45018cd5ffff7f658d92010f
train,4k,98433,fff458feda3a2a60452647ad8a26a9e772bdf353436204eb3b4f76ddab218c5e
train,8k,181645,6a222cb1fa2b3824551b1c54698d470d5a15ac6004186e41b104988264c89ef9
train,8k,178244,c09818dd00f6edfbd368858ee8ac90dd7a3cc6c9ce5cc55c5f9a3d945473e736
train,4k,75575,973798338e1ade509858b2ea1fefa2f3f8d3732965d7804900dfaf390cd8eb13
train,4k,147802,d7edacbf81d95f22aa7c8068030d88a7498253ab6ee5c69d6df125658fe472ba
train,8k,60541,92c2a139678072c5fb4f800c2f0aecf5712253d80ca8434a5ad9dd6df82d47f4
train,8k,172562,e8a6f1ed1000ef432be3e16b811e02c3f25a4555e47c2bfa63938da85d7272e8
train,4k,172841,130a2b23ef4fdaf86146b92665c7e9ec954b7ed2c79c550ecc5d5623ed35779c
train,4k,56604,c1bf6dfb776d10a322d2c51e10e02811d5377a97d77fdca4230801f0d9a6cc16
train,8k,5177,56951a9eff948cdabfe01080113330ff0b778d0bef830d39e587390acfb544ce
train,4k,186012,de79079e7f30ab05054061f70531ef4c69fc0db6fc4744b1a1862e82a5e9e3e8
train,8k,98452,2b3a22831008eb9fca526ce54f1ae5c43b5f17084162982143c3fdf3d97f2f1e
train,8k,137699,afb1c8cab8bcfd16eea3876ebfbaa3a965cf0fe30ca17d87f290ce1839ce1db9
train,4k,162953,2e921419ec9ccd12d7164527f2ad33ba121bd52a56b41b3f04ab556fc5b5c1f3
train,8k,45395,b8f425e26d150e27255de2df7b5c8f3a44120ae6089b8825bf0af69d36e98af7
train,8k,131754,6de0199503ad98a0a59a73ddf51def387bd18113a1f46bf84fc4d8070c41e57a
train,8k,165882,6e15641929ecdea4eeb0c6665a8f6bca3aa60555a2d207d0059c85d90dae2166
train,4k,11269,425cfe4e7e532ea00e055a1589426b48566c2bc33e2ded073540c8d24ade463d
train,4k,57369,4159744488880a8cc4266f39cde08cba9a165a40b28935ba6f3fa50fc93a307e
train,4k,183469,d2a69a810f74ab5812fad6d67fe9050b43391a0d1a2c6bfe686635711cb9d9b8
train,4k,61325,c2a79e3f9cb87a78a352fcd99ad07cff1577d00d899f5b12ea8846176dcb63c7
train,8k,49346,86296daf0dbcd83fbd92abc470389045553dd944d3360237e8e29186737f5b3c
train,4k,187492,3d6535ea83a63e0548bced2e315872a522a97cc5c02f0fe2d793bb502cb1916e
train,8k,79836,fb8e59a54bc2026334b7a3f05192303bcd5f858d7495e1a120e80bebf91d22ea
train,4k,85919,757b4fcc8026ca8024d42f6d343857d4f90e35e620efaa04b6b8fc74db513f02
train,4k,112505,a7dbdac4bcf2b56374b059ff08fa19910ecd5f30f962642599eccca1b2854c64
train,8k,32953,504c5f0ded31b659dceb7d4f6b5892613c7b8800e33f3ffff28cda0ab64f18f1
train,8k,131419,9b526b5a5b85efdca402dc6ec8698045d04cfddf378a69ccf41263995febee45
train,4k,20688,43dd6066b4d61b2030b7bf59beb768b7b704049b9eb31632fb7a5e6cb915c0dc
train,8k,129871,1fd26e073e81381fcd64a39685a00aa3cc075926f5c4c4f37a86e277b39743ac
train,8k,156015,6252afc344012957d02ed4ac4cbfeb0b1c84725fccbb888f5300b5244e723f27
train,4k,130694,c6b5f325e833312ffbb7eb3c30e0366e0328cee7869632e140955e12e97d4564
train,4k,37273,da194a02e032324cac41a6dd27337d87d191f20b4f412427b16be21fc2ef6ae6
train,4k,104363,5dde1e52645519d5708be1a07439fdc29f66ab43d4f4709b1683489656bfad05
train,4k,82024,63740201926a16933ad691b1a85b6191e2263a728caadd9d9c13eb46f88cbb46
train,4k,96357,a329bff3fa50a5ce42e317d86d861ff484f880b9d354a3c82c36955b353e742e
train,4k,61882,8b2cdb55c3a20452489bfd14974a0020db39cfe8048ced8aa0119fbf59eb1c14
train,4k,12240,2ec0614dba55baae351245e1433c05f074271a7a855f7e2be1783608fe4d6ed6
train,8k,128592,76a0cf31f61817d38113e5a87f5c7517a2f0c60ad1d1d483f74fa746fea73bd0
train,4k,182483,dfe8b2762ad074c1ab9c920316bd550ddd47d56eb01737686422fdcd5fe9c197
train,4k,152603,d7300a30cefa37280021e151035703df397e01b34f3a6e9bd2fec0fa680b5599
train,4k,168503,001ed71cbca2108f8089069f14e39303a85d1045dad1ede3f0dafb737229d81f
train,8k,169218,ae5cc9b1047af6d7b10cf28ffe31f7843344459fb45c8b6c4f86338e5789a7a9
train,4k,61747,1669a0544e56e2e1f746bc83e4d8cbbb183370f6675ea6a2c56dab9beadc32f7
train,4k,161355,6f1d3c1bd10a230cf9191875efa234dbc205e73885678efcc63867bab9e83ff3
train,4k,4379,6344bb6a8d68d770ff5a9a0903aea253bace4c4b7b9315751ab9e5189e8ddca5
train,4k,58387,4aabcf5ccb6a96339cb240a904e3626f310d8367555f2f94f46c1e1e7a03119b
train,8k,11425,2e213c814617e6747631abca1041b84bc9fe42242944f85ee1fe9445d44267c5
train,4k,16394,af345d74b5e61672353b9b12f95ac0bd4fbb34c67c322ca8b6d0ed8eaedda7a6
train,4k,178212,c4afcd7bf4bc0d2bd6c607eebe8e2f632bf595bbf979db5eac714dc09b0ece06
train,8k,59507,c2283a4c5a7b220537083e1f5f6c39e5433a34f52a48de94ba76d9f1115e81f8
train,8k,131475,02ef35a34ec2a3dd2567559f726aaf9ee6ea563d2f3941061047f85eab643868
train,8k,21498,1baafe3091b9999e51cdd74207394be6f3fe66cc8a48e4a267f2e7b67213810f
train,8k,176242,7e0d65f7a4e28589c997124204de7a0157973ca18997ba5e6c8c8b39a3d6be76
train,4k,77681,79e46bffba5f1c373dbbd6d9e4ef546136ae4a0df8234412adbfd139366020ef
train,8k,143139,9d17af5ccdeaf5c2d7e6cdf6ffe97c3662e0dfead5b0df70f94ce85a01c95e6c
train,8k,132883,ae9028fd0a0900bd9b487c985e923092a7a0101fb213397207b60b795c7459b9
train,4k,136857,10b4189586889039f382dc0b4c358aa4708cfae14b151c1b45c7a0c0748e2e1f
train,4k,49961,a50a894bb5180cb844a8469d6c7995a06bc0a05c9bebbd0f0051c2eb9da0a8ed
train,4k,895,6674a09410d48bb14a3d7900c1867fcd1dbee9615109668622fa016ea36ece7f
train,8k,35981,f960556d2585f32812533101f9895b281de445d78c29348085da56e82f7d65ec
train,4k,70384,649e854f0335d493fcbdc65753c7a7d6a4fa7442ea991c5d849783dabcc582e2
train,4k,35979,9ce6557b893d623936092fe6f05daf7e94ef030b090aceb9114b983ea22a9110
train,8k,165893,d19bb3353d43a60f38245b44ad73bb29efc0f92139c4b1e026efce12a353e86b
train,8k,130584,3d24e68cdf44f09efd95c64126fc7ab4d1364ce9b8c60c1ce13a03949424be05
train,4k,116865,a7b60cecde3044d9ad7cea7a97348cd21d8d778064eed6f91ceb84eb6ef831ea
train,8k,113959,6f42ec4d5e2f5074fc549e27a408100a18500ed6f7f6233ee5a9280a985a819c
train,4k,129983,a4246bf6ea2299bbc660d061aec1fe29b64638c4dfa51d489bf59aac68274e59
train,8k,95449,54334a1e33cc7b84f046bffb84c0b9e7d356daa74bde23fa15a2ccfe59deab0f
train,4k,68385,b704f04e83bddae586aa1d2ab930e89776e7e0284f2abf503865c0b211c9c505
train,4k,41860,e1c866584363aa772a5cee5ffb6579d1fe8708fe8cc43fd6b790b94861458cfc
train,4k,93283,8d32782d65a94cfb8b620f3ac5d5c2a840baab53153e610100579c831c116883
train,4k,59208,ac5fe5f8a7982ffbc3b94c3f18a2b148e7905ceb6cf0234f1edda4762e55663c
train,4k,47374,a6b4edc196ee0db90f8f588da4ed0c040f5fb2f00ba7c4c2ca53f48eb93a5ea5
train,4k,116333,4a0f63debee1ccc84fb5d9f8e60c3b9f66212dc22bc040331d313e356e01cd78
train,4k,182332,b769b2d53f9d4dc0a6e85f0a1ac4c1445934cd4afde74f1d61acbe0b85bbd871
train,4k,132333,2411829fd1bed3def59b899a8a510851dc0c93873edafe46fec049fe9e565d2e
train,4k,53046,9066380df165a6476a958a899f0944755e7563fb3906578480a442ed1d7c11c1
train,4k,15879,2b7f399bbbcc88926c58d7d7f72afad9428cbb5ccb781ba6e407ad9da8a9fe9c
train,8k,173065,5b16b2772bf7947e4434e3c9e02a5136d9c184c0874f406eb145da2ac57ad1ce
train,8k,18463,03319ad45bf7ce3954eaae04b4bbedcef121327639232e6a0fd897bb84bc542f
train,8k,180798,f7d694ce2f144837f79f5b9f53e04a093789bafafe14c8788e33f13b06cb88a6
train,4k,101366,5156e9af21ae18f82814b30b4033e3c69d58a7df2ec368e9fc1459137b57d4fb
train,8k,4054,5086f4153c14d9ea1512f44ba7547973c33474138f06cb2650fc245ab26bedd8
train,8k,106917,e9713d8900d19d977bab65d0650beb39c3eafca6c03c15178bb9e49940797b6f
train,8k,18667,722aea665e6f35276f790177e66ec04fc5fe85d844605b30332b62d5cb9b9d5c
train,4k,173617,b649918b6ede5cccde00f79769f5e61ee1209fe8bec13c6c684fe9c100b22668
train,8k,125348,807b8b8b96c17f94c341e1106b5c8a30d2ac69205211f7fc43a1a3c5b0d5a7a7
train,4k,16319,b8cae21174a13db2392c095042b0cde67e555f3ef3d33d99bdf529e3e018c951
train,8k,58602,9b7d8eb631136e7e36649d97fa0a570129f89793d01649a348f7e2dd1843383f
train,8k,164785,8596cef5a0576fd4740756086848c4765b3a2154c62ee35d8918fb80a3988586
train,8k,173453,19aa7b7b4fa4e2821decf52097c1a4038788734e32372446e55171380b84f58f
train,8k,2029,136b3aed5a924c88b4eac2fa414b74ab6e3c5075af7829dfcb775825de92f6db
train,8k,177433,f76884246703614ba3654cd84fdd0c7fbc74bcf60813d85871e0f1775d9993a8
train,8k,21721,0730b711e7a53e59e18d73a7e8a317ea1082df0318192fb52488dd0a3f584948
train,8k,54027,576554838b063e6b4924115a7b97a3ee71e4e0a0c543e2fd489fba8f8b958614
train,8k,82516,5f90d591245371617fbc5dd00eeedd56f51a05d4b7f12ff2c8ba056923c11570
train,8k,32529,a3328334a940f1739604e920d2450847b5696e42856746e6a910ef2b68af1a51
train,4k,67526,1adbafa6a91d5569a10e4274c75eeaee161a280ae2be31382cb825e4584a1796
train,8k,76327,7ef78084ad785287e5da057c005ed3461b35502f374a9d2bf7687886bcc696b6
train,8k,103312,8757763609e556b0b9f468f8b02ff4b9c5d935053539b53df31400e9028fc3d8
train,8k,9575,5a62cd5292ab6afcb148bc03da1837807f20f54f5e68aacbc7ea0fc8831a4830
train,8k,168599,7a7ef6ace4a65ecb9c6ef05f41d73af64991cab97960e32ca63bb00879bad95b
train,8k,102085,88df2a620ae2c894d73ff58b1bc337ba543eefc9c6085944b775c6c4599a4a9b
train,8k,26137,75070dd0e6975a5715127139e66296b36ea87d2938e4684af5081682bd186c85
train,4k,87926,1552e42248f9e85d1019f4d9155e574b4cb470ff2c94aeb9c552130ef62e21db
train,8k,126475,858e7353f62d255f80720a437546ed40fdd7f7a3ae9ef6bcc693c5c9b4238a76
train,8k,29379,c0fbfaa02141e1b185d742601d35bbc3e649e9ced774d98e746cf7deab5f9b30
train,4k,99086,5df5867ae60beca551d61f212363d40632ff7506c1f4641ca5b2c48239ba4d02
train,4k,129522,0319a4578cbce643b8ce7fd980093cd40e0dcb858b5d3303693a164a0074dd20
train,4k,78812,6ae1cc3282eb93029ca2d1ce37fa4d794f8b1eb66771c3f940624b4cc7c1bf8a
train,8k,163306,81b15d8ecd8735a3b0ea9fdedb7e6f87716c7858920c30b9d37e4f01849475ea
train,4k,77988,a148ea244e4247c841226abd11b557aef351bc868e4b9e64a28eceb691044d8a
train,8k,181004,242a6af34a092bd2733f7ce4d80309d4029fbaa06e1dc924899b163de42a9a79
train,8k,137500,67e303f0ee338a877f1680f27bcf8b6266d6d95197a181a190785f9124cdd1fc
train,8k,90555,08253e909e5d7a4b05c928473ab066b262084c27695e0f24cb6270a49f600e65
train,4k,33257,770870d9f1dbbf1004d09d467df6474f1f23f77e0255d582354d3b278cb188b2
train,8k,67428,273425995ebcda70ff1f8d1d6f39a488dc28e1813e8ee9ada740c8310f250d3b
train,4k,183668,4b402d4922845b5449b791ab78227e9861b3f688e24febc9417ff69d18d5d70c
train,4k,40758,f2f7dd0e7eb0ee20902d30b3a320c2893932090afa5d0f145bba907711c72ad0
train,8k,143450,bdd1e6657822762a9a92d06609b7d4452af933b2ddb073049feecd07d316237e
train,4k,11750,ccaf2533c99441197be5f308a6a9549a2e227e39646978bd46218a1de6d5b941
train,8k,170344,6b56829abd27bfb46239e5acbb8307be72a936e5afde2b0981d53ae2f9b78d83
train,8k,53382,06874b6ff6a712c7a73fe399d5137d971be28b89023016daeb4e73fd986917c3
train,4k,190234,e4aefe94f92b6747e92791b4224bdb89d75a7146d8398eb90c9fe5746e734873
train,4k,5646,a8366d678a708382c337571fa73a239bb07a2a4014005ac793f9371d2129d324
train,8k,90101,e4bdf5f0b2ede9a81d25050d04d4f7ec169c179db92b93cbfe468b62009eaaa7
train,8k,58134,f030ac4c1f3f688998dad37804fede8d1c6b7ebbaac1b6b5c6653bfc50930c7c
train,4k,174174,e25d4cf0d8550c310fd03c1bc55444b7d6477bc30edc6524ae5b3c06d55ed5b0
train,4k,63363,a2cc17d16c9f8c4f90ad91e6651e62ef4f29a1e4bc8048b5c07bd0704811a715
train,4k,33465,f6f859fd4bed2e35a17e2564f3c14e333acd4631d48655340b98df2f5d13bbdd
train,4k,166181,0612560ae22368646f291a8160b2bdc454f85c6bc83ea44de1039129e22ce92a
train,4k,66596,326b137af3434c69a1483b8de1b050ed7584a2c9d6eac92af137954b5801e15c
train,8k,48229,e096567cb9557440f77202db049d0242d98e38cf4d513ebf856ebc99776da543
train,4k,14680,e72c646dbafd34008694675c0f8911df5ed2e222f6ad1f951452b8eed610db32
train,4k,182496,08ef1c239a3f2224d109f38884b1136cb56ab18767b632ff01d8a7b327221a6d
train,4k,157586,04c27b02a4f8fc07b5adb1ef9b6f2b3406b60776979498576da8e2445e4a3a40
train,8k,95223,3a2e53dd732d016ec1b6f219e46d69d49c226418668037611052e992aa557692
train,8k,42057,46ea58cdc157bf81ca920c6f049f5f236626db6c551050ad0d8131bb33528c1b
train,8k,141155,d0b725cf23c402bbc747af551957aea4ecf445b5567bff4c23ec456dfda355d7
train,4k,157168,bc8d47eae02b72d6a39080e2b65a0288a490f6de572b265f3a3bd6da3e85ad85
train,8k,168950,389cf6adad08ab4b269489dabe04adb298ebd2bd74d9f43cd885005668530d40
train,8k,81974,7e456930affdecd8074afe97e94f75ba2321d95d17fcba4b6e2004ac75bc1da2
train,4k,158084,2844a1b3c0271e1f65f7a990d1ed3effd7b7abdaadf1f9a1f034a56679af1063
train,4k,99637,0e5c5a38a3e6fa7387ab10abb8a1f8237a7d75bf4edc7196bb5ec62cb29d0650
train,8k,111675,f2ee150be13b4d9f3966642c912c3b0f6da8a598de5806034a48514e738005e1
train,8k,164943,b5925f1ec50c13ff0fb3ada3f2d15bda3238b7be0f03d09de1fc6efa9dfeb676
train,4k,16059,fae481e7521b49e5ebc36b12996d371644cdc196d1f4e2ea65724edbbb0a92bc
train,4k,12997,81fa6f06a084c18ce84132696d35e016fa3a6d6989ba1389e0e92bda58fbf1dc
train,4k,112206,ec5730e616c8eb7c4071da9a1f1fc6f57c0ff473f1bfaff0a1cf2c6cce1911b6
train,8k,1422,8990f4fdb76e77021ffad26214f60c41e12c66bafc79f80b000d4669044951ec
train,4k,15245,19f20b25b1179b125afdffd2a83cb6c8bf9a10735dfa02217b5b181ed58f7144
train,4k,128273,15619348ffd0f94192d3f306310acb88b3a64239d57f0cfbb12b79d0842f37ed
train,4k,89988,c62c924c6bdd7af2f488a6c244dac6480df1ca5207f3b6ebbd6fbf8e3afab5d5
train,8k,110814,7cf985b0bb6e03585ed1d9f9d5cd4fc62012705a6d4e22546a4ad47d0bd17f16
train,8k,85390,0e301842caee628ffbaac4fa478e84281a63470d94e570cf97169ce5d74485c7
train,8k,831,8863ce8221f5700851241372d5e1bbf8a39224d508f83771bf5a88042106bb73
train,4k,74045,a6708a4d516bf5a04e4a75ba596cb4311d93ae36e57250ec012ccd64a691189d
train,4k,180450,fd46aa84fcd853be7eacc2a1456cfa5f7ac97b98caef6c724470da762070458d
train,8k,128516,69f7dfc02ce06519e59cc3a41df4a96e9e05e05a42f24e266dcbabf8f34a435c
train,8k,156335,ca23b0d692684bebe3142fbe66b9edf81b21859237c123c2981c6c416a5dda82
train,4k,53433,ffd039d1cc67e3b7bedace2feae41fe3b77c8584c496775a59da877815030b71
train,4k,64214,b717f2a0c50b679064416326e72f4da90cfcb428aeaba0d0ef4695f324e4acb9
train,4k,135914,8a596390588a835fb4444388f43c1c0182ccfd010417deb88f99160e9685bf2e
train,4k,116153,819faba2fc3d636a8dc06627886f03ecad59918cea310c96c12835dc4abd6059
train,8k,31282,6abda0c21d1fc236f5650508d746c062810b1d501185b3b4e5455171e078a3fc
train,8k,37221,0ba8d3732ff1dcd2c0ddfb1d21ce1faf1ce73dabc40c09dd5c5c8d632ebd650f
train,4k,31876,f3191235c30eb26b573a24a16c8017bcf72739557eea6b1d99c36dc250a5d737
train,4k,41825,a5c6226d4f50a6cc445a186119139dd901a10a031763c5cca71e6951f0130e6e
train,8k,60352,e2d5729a3f9c611c65778901f312afbd5c93143d8e77cf0a4c40c07646826024
train,4k,137433,6fdc927917b26bb3bb19a80caa81c705c3a12051ed1591201cff4a4d1ddc6790
train,4k,162081,3b45ae66b306948568b2d5da924aac80fcb3904494d7b4f8b53c2fe25c1d3647
train,4k,55756,e1b3149d5c8527ee5958ea6c5f278ab4a0b6231b02c5cbb526d2c6c0e7421e11
train,8k,59904,11e9936517c102c60d048f6ae6c7a2c8b48f01ddba27bbab700a1f191ef8a28e
train,4k,190333,7cf2324a34746b42e9c792623eb3865e17789b06ee3e0e5c0fd5e73bae662526
train,8k,103000,66fab7af122fed8ecb7b2670f10f916b887322b83d334f47b0f2489cf1998cf8
train,8k,55267,e0eecf5337717dd96e7814daed5d541374529ac5006b5989d64224d31c11ab3c
train,4k,180552,f8c3514313496ff5e13ba34ecbfbe745b93a046863ddc198fd6e5db4f93a33f3
train,8k,149113,305b459d7b4b7e43a06e2558a83936ca1938eaf815b89387335414f99813a417
train,8k,52890,8f36f48c7c8a27482071f3bd2296670948e9d440af743d6fffede32cec9070bf
train,4k,117160,7df9c838db80f1fafc5b0aab831a2dec59be67d4e5d3e44004b40f5093413f82
train,8k,17351,a5a54e73c4ceebafdc10eb4a3bb16a5014b9f3878d38c6e53125bc1f11a95372
train,8k,92120,0c1cd290914187d3dca13aba88badc1aed666239c71d26f25d4a261d83adf713
train,8k,40574,d509d2217565b342e8f43c6638d21c9f30b382910479b93ca718c699e246f2e1
train,8k,91137,e996e8a5ab713dc30530d00d413c5569096283d15b90bfb3ff472f1d7b56fb1b
train,8k,100509,27cd64ed3c05060841f837c3f6123ee12371601f0a63df50dbd5dc4bd259b49a
train,8k,80043,2469a559ce39da81aa8033cbf8fc02b81bb67e5f9fa7e6bfddf88cee65b6314c
train,4k,121843,c5e903e86e71cd87ee58708b14320f21e7ae4a7d3217ca118507f7400516ae56
train,4k,165854,326c9d4db76d44435fe3e4ad002179fda2645f36106974a251194f296099a742
train,4k,183331,b7d2a7d047c2807e3a535e2bbe43e3e64c4887d89cf04ff01e12f93e8187f1bc
train,4k,137211,01c307b24c0ed90e003abf81e05a71ef2010349b6b54d4722ef1801e2ac7e000
train,8k,170075,eb3686779337139dbb730989e6141bd2b8e5e79a2325e26473bcce946d081ffc
train,8k,115260,90c523dac6b2b2e915fec5cca3ae5bef25cd43bfb5706b330eac8b5af76bb30c
train,4k,63233,7a9f6a5fd0e4b59ae727f858b193e598dac3181f100a4f31733da020d01038a1
train,4k,57593,63c3632a1051536c4b3dc49ce8cda3debc80d09beb1dda2bc700a9cae85dcf96
train,4k,50330,ffe6bfa38d0e3772e98a824ef5d16cf6a5b580b49a86d39cd5cb45848eed630b
train,4k,59498,ee25a368b3e63ba0d436e5cf02dc0b20acba4ef629be6e5de34638a036eb1112
train,8k,109966,82cd161a1a20eb669dcaf4c79a3c828ef5510042b9f5e8351750c5f8895d63e5
train,4k,40477,cd978751dcdb7f9044a8605bb5496a5f3364ba255810d348c4c095795a1f72dd
train,8k,86849,cb55d33fdfc3211757149a79b2e569dc6b0d40c4d9a7c5acc92b67377b696d6d
train,4k,173657,05966f38b85dd40f657eab88882757a4207fd126cc470df7d77156636980762b
train,4k,156798,28b9f25f04a3f5745eff8c0c2bab4336b9bc9ae5e4f3cacc7095c685709b0922
train,8k,148812,50a63a4cc6bf04a3374c899f489d50d7935d05c35861561228426f431051fc0c
train,4k,89148,9ad75559a5e76ba7b031efb24678f0d9bd9025a68d3277d8c4f9c4fc2f89c220
train,4k,83147,6a50ebaaef8d73a2720ce5f316fa64d385a6a7b0742184b89359467a726b52ad
train,4k,82007,28e2ad1ea82bff222a7b94c8cc901263e789e47b3a92bbae7386e9f303aadea2
train,4k,42250,41605b7f0d994c0d95f25fe03232a55c7365f23cf0fb04471ff9bc3e61bd598d
train,8k,175720,5e92dde85e422e8b48050d08ba44e4db8124d4fdd7a505241cf72ead3efe74d0
train,4k,48521,6d358494890f5b74dba28f4356f79c58c2e6abd2868418feec7d3e1cf4fd41b2
train,4k,106346,8fb7f17e326a89e0de3cfe5e8ab160de4f592bd247a15f6ab89c47bfdc24bc41
train,8k,127215,d503d4bcead53061aef7a08171dae487ec10c061989eb118244c88db8c8a42cf
train,4k,57366,91caca44bc9086a6069cd6b5accddc23d2a3dae929cb794547692c489ce460a8
train,8k,62044,a438119be4ce62cb3a6cf074ef6f534e0fe15965c171503d6558ff7ca4dfa8e7
train,8k,172854,c4b67f36f6e6f49a0bab4aff7c3ddc6cac8a47b1743c811ba76af06ae3b1fc9e
train,4k,78425,ee24a7bc9a8beba047ecff7e2bbafecf07b5d00ae0d5a92a4781a64757bb8f7b
train,4k,65945,855183c6acecf2b952be90b0f8425d4fbf080d5587bb261e632712066ea35b02
train,4k,35273,56fb1f01b8f6417026e3bc896ca07f1777ef8e846813dcda0c5af5f023fa7740
train,8k,70246,4b3b7a18b70e3900ea70b5fa5e1b8ca65436f6bfdce63da5eb0c5d8a4e9fe214
train,8k,108860,0d0738a55f52026b39e830725bc9202d8e893a19961a28b3973567c8b0816d7a
train,4k,110017,5939a6dfc70bd3eeeea5ee6f374312769bde4b56fe3f7e719223c9cc29cf40b1
train,4k,188465,3ccd4561f793961ca6deb1c6278b87a550c711a0aedc78f2124a23258fc73578
train,8k,50998,fef300cd1ade120997e602edeecf8296ffe755dd0799ddc7f8a0e40f2f34b778
train,4k,128350,8bcb3a92a50d7cc9138aec757185b1ebcd1b0de3b5eb810fcaadc051fc35ba1a
train,4k,80334,8906b0d3990561d7dfe90a8bb7f00b1dd1c543e46148bc6054b93ebbf81685ba
train,4k,33102,d8d01c7766424ea5270450bb53911e1f7743cbbba25d7030cf4ab653e9448d54
train,4k,7203,2ea8ad2fb8f3bdd5f7afc0adfc46288360fdecba8c0c17cdda51b15b4c0012db
train,8k,125020,a3769eb4b4ad37fe9cab11854698ac81cf4103ff940a29d44bbee47fba7d884e
train,4k,30569,297cc0e49b531823008b75185e75d848859d35b3b1f986c7de070166c099f478
train,8k,86954,fcef45caca5f1e3058f92f132a256726cc6740f951c1edd76583349ab1980a1a
train,4k,65886,bec8db142c3f634216b7c6caa832c74636c4152e5223a9a446503fa1cb63ff56
train,4k,146301,a9093bf2e0eb2785bded48d331c0c3e1d4fc6afca12d168c37a0bff509703ac0
train,4k,63606,605dac373a96284289db6e61d1cbceef3c24bcecf9a2b65e130f5a52b1ffc2d9
train,8k,120437,cb6612b564ab8237efde19a85793f6b92527cf84b8974cdc71d8163df1365b51
train,8k,36484,d25116b40f6ff494ed42fb6d8b5f5ad0b2591767880743847ba0ce983043ecb2
train,8k,19516,3b1c10491c8bc65dd6f8f9820103def4e4cde6cc8f35e3a6211931fc83eb74d8
train,8k,23955,4dca4a4f26cafbe39506afd0940da977f9e721d947bcc503f7c010f3ad1fe73b
train,8k,102295,b02dd7a09f243432e3e066169908c34a19907e793d3572ceeb602f2d52c118be
train,8k,27527,95256459113f776177e21aa554e0aadbb6c66c47e3dea0df6f618e2f1311ca93
train,8k,36803,6f93b5a0e1cd50704309c56b54537e959f8407a28a3b538ec4c8b11ea3b15468
train,4k,110611,3af9896ad1ca6baf70ad1ef8426fcea8bbdd050f3dcae6c82bc0daf62bc3c411
train,4k,53233,a26355a9a765caff4776cc19ad93bf5e41fec512baf4093c638e581dad6bd965
train,8k,133055,e1500e44af7006ca35694a7694af7aaf59cf81fef6a5acd4689571cea3abc9d4
train,8k,18745,3e1ceb917aa95172a77706aa892caffd1b2f93a5e673d8830a8a31925d3f9ec3
train,4k,143848,9bb6f88d760334b9e14ecf30b77339bbf36755f65b58787d055e9e3105aac812
train,4k,145421,939200937ddb983c1078d89a70b98bae3782c5b4b982918c1e717485edb5ab72
train,4k,11895,2146dd0c6d8df6f55847c92aed91992e43397062c0ba6d267e019698e7f046ae
train,8k,66625,5688077ad36faee5008468924fb93842aed0f82d39d82d52e8836adda51ad5db
train,4k,15775,44911f8adaef73d8834d5b694f2fce21a0f5947acd961a22466c612cc8a3a2e3
train,4k,384,916ded4d54b06c3ad2ffe64ab91ab2aed1024d021ebcf6b21e4f820c8561756d
train,8k,163444,22e0c76c966b00c96c7b3c07bce3375f6f498cc31a652805a25702e2c5b3be0e
train,4k,167132,1ded5c958e2614b2bfdabd7680db4b6af73edfd0a04be767993eaddebcbc35ad
train,4k,129253,52a3c76eaeb8a0c7639b0023be51c2c98ff22ef45f6b466b0ac7748a505292a8
train,8k,142092,facde128c57c8337d2bdd7d9ce70b8e48314c6420a6e594581cd62116f65d6c6
train,4k,173183,27d7320ff22a3bb0e94ff8370769d80fb436fc8929f56293440682a1d0647aaa
train,4k,16953,1a5253d20045207231f742ba74d83138cc2ea3cd4e03af38337b3b8dec9850be
train,8k,48325,e180b5dd070ef3b053842c0100388f6de8f27e9db65f78ffc9a5e70738e6ff70
train,4k,17820,06e2011d36d2b1eb897e2a7f2a74669422ed6547d3feec994b87ce87d4d8e65f
train,8k,80420,81857c4cc16c826a2fb63bb9ecd9dc83d8c6dac69bd75962360ff5e71e9bad14
train,8k,167829,01c4aab4851482939da8718381d3aa6e3d7f0f95bfbbd945b3be0c95032c2158
train,8k,168039,5809f4ff90cfbe4777c1dd7eea2390552106c77fc4af6543159b68ff149bd7fe
train,8k,34483,a8aa786ac2783b6ceeb2d5b6fe54b57d4cd0a4ef41251486fb0337bbfb18328b
train,4k,150647,be5264c09e1b115170e80b8150b61cdf2b5216e31b024b1ffbdfb5ea2bebd30e
train,4k,81673,62d4d50e2fdc532bb80a8bf99044450a8f7792e2b6e1c4849da8fc33e74d2dd6
train,4k,79263,2f2b0fa507aacf440210f02d03112c65d95e256588ee893540547796c077be73
train,4k,17328,27396529f6f32736d6071fb06621ab3bd781a7a686775e580010ca950eab32e6
train,8k,731,c7c98ce50939733efa7e92bc20a5bf2e98750e84da9fa7c521e3c05a0ca010c0
train,8k,52055,88ba7551f030b306b549e72e775fa3435b665d5fb4f39c8fa719480e2388dc67
train,4k,123409,71ec19a4fb9bac34b49846d6141006954eef8f7cbcb2a48679cccdea370d3128
train,8k,60460,87eb8c779960010456cfcad3ce2f76c3bcc24bbbfc0d57caef6003037c5fee70
train,8k,94490,d48bbacc041ca5fdeb46e30b74eb41b90a6e9b25993aea62e431225e8bf636f9
train,4k,157606,5988c4afbd27d3adffd24891cc3dbb4bc2dd9972ffc78ecf118e7dd97e387b4f
train,8k,124575,1a914fc106e847a12c399f034a8739ec0e4581ced38f1de23c58fdf833791e9f
train,4k,32639,2614b3e3c12211566cad66279197e885d6b345aa7c6fdab27e7508440b5e3602
train,8k,93335,4c7f47d8a6d4b223c918b5e83dda73b70c9c87c99664cfb8ef134ebeff77980a
train,4k,22045,f8fd74f16e9e5b14f807226b9d157cb6d882d42561ff30174a47356dc4d02368
train,4k,22871,63294760929562697495777aca6a57ad71311d3ac666551f1a0edbdf83785c43
train,8k,128085,198efeeb80f1890d097a560c1f91089759005fcc1cd9ce4cbda9be870d656da8
train,4k,41840,80c456b125091c984f39ed7331fe68e68a7ab4392fc155cc49c48f7352c3d10c
train,4k,93216,591905afe7457b55ee2d998c89d78514f50b66e5a82dbeca6c98103c5707f7d8
train,4k,132204,3bcfb973b53e806b063c948aef2219e70a8d89232ad1a9775d9703fd4d22fc16
train,4k,140638,2822cbf5c1afa0726a58978d76eabf75df7535b4eb158dae1ac0d257ed62cbc5
train,8k,109074,e69a6e6ae3013a88c18b2aadcd9f5819aec38a30e8b2be3a638e2285f3798da0
train,8k,105390,796218dad2b1d67425b0aba7da72e9c69afc727234d5bbad9621c06816a9e4bc
train,8k,9254,c8332062384e508bef938644a276d4ae7add7c6271341f2adee5b505e6ca9a56
train,4k,37250,e08c5c145a26c182ec1c00ec41a0bc847e496bb757967f469c056195f59f0d8d
train,8k,181244,40f389077a35f4ec78c3333910bfd4726a9a4c54e4f00ad6c412c3ec5348867a
train,4k,70516,b0786cd0a9d729335aa5b448b98e21aaac3fbb0428b48e0c27e22016058bf47b
train,4k,157778,b3d76c585237222b89e1d540fa8fc9e3a49dc1a84d1362523128d9c2e4a8af33
train,8k,74619,f70e62d0152a46c5e7e2cfcd5dcd7521f767063d146851e38b5a5b1eec067dec
train,8k,154719,2e018e509041210d1eeda922283fd99b2d6965453b955095d30336e106ff20c5
train,4k,93674,61b5341b8142bd7610e334d5b3b37d60d2caf935a01745868ce451af12c06703
train,4k,16491,9e359196f9d729fa6c2fd8700855359f5261e75e0b4bfc9272838aeb652578dd
train,8k,165527,671392779cb036f5cdf2f5d9f4421c32f55848506a1fa6cfce582036cfa7fb6a
train,4k,128183,9a4038acea50b251d288b20ba244d0b170be59c48fa53f22f1fa5df6b4db7e5c
train,8k,39842,e14e3bcd044175685dbb5834f3fc2aa8c41c5349a7b4e7997f115af67a4d5370
train,4k,115977,a866e704f2e395e2807775b28fbe8548de5d774399706c0d506e1ff200606101
train,4k,39422,a506eb24a9bb560d9f9aaa1ee11768b9a7e638ff2432a159593c17cac7091d7b
train,4k,80185,db8f4a414e2de645eaf88f3e5175b9ad366432392bb585a55df553749227c1bb
train,4k,12690,b96779b3ecf4c5b42ce45e76717cb07d9d078e94c68c910dac212e9757119912
train,4k,32770,40118265cc441b4238decb09bfaae84072d3dea6f51a8773185ec5a3ba93d97c
train,4k,118189,f4cc44ad682e4562fd94c47bcb1394a6c633f0d39da790bfddb552ed36e2fa04
train,4k,74765,15418b3706fdebbb3b97ed45a113df5e2b2d72cbb8fd76502d45f099e556f5d3
train,8k,138795,10ea8257c4282d16f132867a3af1070cb29996a4856ead5c746f4bb540548496
train,4k,17353,60848e55146a56236950c5d30411f83da9413f8f66b3d3569989285a8f0be75d
train,8k,60738,36f8ee91599cd72e27f6a263dc7a9c54f2ec038fdbd078a70442e32e4a67258c
train,8k,101158,555308abea934abc60c1ec7d07203b73db095b8ad7d9be1549f8bfac586fee7b
train,4k,88517,98ed04dbc40d228c560acdc5f9af3e98ff7912980dfc1dcfd4ebf41c11c90ce4
train,4k,13442,cb7df90428591b61f1487c00a02f7f61c0711b71afb2806acfe72c52564471e4
train,8k,82507,f5a6505159a38292e41a335ebf39484ff54855299bd67601776ad53ecb39ddd6
train,4k,165712,60d06ffb841f6e43c6c0649d84b7ba891b55dea2e8ec141ebcb088b8daabe506
train,4k,105240,c80c5cee8b2c55675fcf48905da8fb7bb4065ea238f58bc78961f05a0fd7b596
train,8k,134737,01950665a730e3ee3fb41725ac6b394a7890aed7c2f327ed8ddef81d53a96d34
train,4k,107972,bdec06d7aa420a6f10d6450bfab41df8cab041091cfd4f91b16397ef71ec7801
train,4k,17248,571f22502370e951eb9856f06eaa8b6d10aa88062b998fc47cfa33df651dc11d
train,8k,27891,9bbe6c0115d457bac69a11713ad1787602d436eb84f06e93106cf59594408fa2
train,8k,81967,c3b0da160523df4782f5687b8714cb197b377f94a0bd9c822f4de86eafa444c3
train,8k,137605,63239c5251ad92bc05358d782910631dcbf631632ce197bfa8bcdf7e3178d034
train,8k,24840,aa313140af7f2b6eb13e97b88d900029e11b4e7482e2ee923092fa7ad832a31b
train,8k,55901,ff4c9798960cd503e08a634de151439133787ee8211191c1b0cc9fa67eabf254
train,4k,48985,6d5a557788697c901145215baf25ff71153766b73d9d1e54661665590c5f6940
train,8k,55210,45a22b5132200664673d837f39d04e309ce7fbf7115ba0ad87673e5245ea0262
train,8k,38927,abc75818281b76fcad822392806093abdace9098bf652bc2bd2ede22b21cf672
train,4k,99867,c2e1f489addbb0c2cd3f3bfe340611e448d70da915ce37af814a32f86a074500
train,8k,83813,56e2c31776177c0d26a669c2dac11babd546a10c82d93644095d57bab05befc9
train,8k,106478,a1a99f6caddf3970d9fc7e5cab9983b54fb282b00f6428058f5e77b680f900c8
train,8k,137455,51f8fd4b3ebc5222edfa4811c35d25d8686b19bf8cc888cf082aec2dc8464009
train,8k,59572,575e52d6e432bd5f99441d40dfa56ef89504ec3216691526ec85dea0e81ea12a
train,4k,59035,57c26eff6717a454b5f2e7650b950e10934a74c6cb7951343dda19008bec9b69
train,8k,61829,6080b980604f41b84f86c827f724ee923b048943d874f3989bfc61aff234a9fd
train,4k,43877,ffdf827606eb8ebf531f81cb865b1b328fb809d2a77c9dae93266fb4dac50b63
train,8k,127313,68b8445b037c98df048ca03508dfd1877b631776d5e5fd1dff4882086c537233
train,4k,94925,ec7a6e8fa495aeab39d9859223d1fba911367afbf3fd95145a8fd525b2fc6f29
train,4k,135287,f2b1d8c2b79f8d0996956b9554d92a16d62d6b4dfb45851bdf955a295808260c
train,4k,25094,eb50df14660019a88c365d9bcec6db55ee0f12abe585fbbba91985ef17e21c5d
train,8k,54149,ff3b3622e1e9697c870ce0ebe355dc1d4f9343a7e8699c2d0f30563ef4308e64
train,4k,48361,0ddba24f8834f4466add479ca5c239b9d16ae6864516b608ab09884fdeb5c667
train,8k,156209,2b1797d2582c15e13b0461186e8bcac74aa17b3c53e36872904f7f53a75c9f8c
train,4k,90377,7b0fb0ff2aecc0723d08f431f639bdd4aa546ad802baff5d6dc71287daaf3c1d
train,4k,146363,c7a9dd48f63f8dc455ae92fc4dba8f8a9e75b095b0331caa0ab73bcc9f81f63b
train,4k,21480,e65fefb2b386110485e3f32093492e2f89383b3610a13fb75123dc3b73bb12e2
train,8k,51493,19516128f273581e9749664da3bfb473b3cb1bc10cd63fbf53b1e5e28d23316e
train,8k,117344,101468c4ee99edfc5572d6d1816e6b09290eb7dedb324dcc648144401441ac1b
train,4k,3083,694a1103fc5d36efefe151a2f9a3ac013b211c8926051d52eaa3ef06806890cb
train,8k,2870,18c0f6eb2a741285625254236843317a352d616aadaed8db757f6957cac8f868
train,4k,49645,531bcc2b3bd2ec75127ed05106af39b6b164e65fee304aab35130449e6b3df86
train,4k,164168,faf220e8308e421c160101244781d00adeff85665d4b2593d38f7cefeb23b2ce
train,8k,117705,465616fc08e9fa09c3311a26bcc04daa67fd4e64a68d142f260294674f227685
train,8k,71774,00c561953e119a730cec370e41a9cd579d5e25535cbbb1ff185a3920a4941fe6
train,8k,56856,623a5f51d9a608fa41ed3fed185b7afd8d1bb17f6c0e7a340d07edfc76440f22
train,8k,20936,bc743a049387aa023913c1a7793d9ce22a006a3421e770ae86f289cf3f61ff20
train,4k,139794,50abb65ad58c210c6915712e321faffd0bf5daa4c74322078fcdb40bee4ab931
train,8k,128049,29d303d6f7967dcd9be95331a565cf94b5c458687270738264408012cbe9ab83
train,8k,102181,34008a1dd50242216b636d1a6a08366e94b7748640f682b9be4048dca6433567
train,8k,18944,21d3cdbf69d631a8d2dac0fd0839565cae492e94c0f8c977c7eb213f62d5a549
train,4k,66207,11091c08f3666c7f9a71f0f8dfd27e888e412009360a7c803cf6e01114e9340d
train,8k,82300,4c0720617821937406b334a12d82114140febf8692ffc80a4736eb6d04c64f45
train,4k,30380,a68de2d91c0cecb4b522950bed923cbd2f174b182583eb7b0293c45c0e3ebd09
train,8k,163349,379beee74d2bef39c1cea2489a10336c3bb1b0dbc7323aa5346ae3d0b8e63930
train,4k,143230,6d41f4f02dd0aeea375a90c260eb5a6a83e6a31d407cdcc54a65b335e4444e00
train,4k,115339,05b2a73a35e40a13ce6f080747154a9a2d7f118345e0d2200186ae9172d22f1e
train,8k,98862,564dc791fecb5b0493d6e2b36d8a386183ac1855911e60d626c62c2aa3a9bd98
train,4k,9333,85d5332c5673edeba5dbd9b8a835745b489fea56199d410679e12298f6ff93ad
train,8k,2157,faf2acf69e8d7b3b5c6016a0239ce6784747a02468afd0ef71d3e62f06d51a41
train,4k,26528,30360aa314c699a78221118ccb218d7892fc69e48ce2ce7810afb1a0eee951ab
train,4k,18105,cbdc0ccf37dade42fe348b89c5f38ade2c4d98bce8a187ad671d40552c5356a4
train,4k,58963,a9637edb17c4cca73188fef2d173e52211c4ce727c99a559c65c11d9811d7e89
train,4k,37562,0dcd5734b08ee92910a11459a01fcca27e4902330b0c28d96e7ceb48dc0722ee
train,8k,5465,cd448ea60002ca8a33172d0ff8ba8e9c1648ba668b515fb059ae7ba658aafcf6
train,4k,173458,068aae2c9ec343f0d29548b57be27db05ca959b6c70ec6c4d48e3eec43503b7e
train,4k,1034,96c110aa2f60aa98227e1345d4b58ea95fdb50267c0fccb770beb274381c61a4
train,8k,23463,8cf05a9f23d9fbf80360a1da66777c089932b96dda3a6a0ad62f4cc86b78bd85
train,4k,167630,fc7b7d2a9dbdf39de9539515d82dfc9112d6c48a66e3032845e89983e20605cb
train,4k,28289,42b62d2c89fd43ffe88c5137dff1451842ff2c77d784d1cb75eee0ef64db1fc7
train,8k,116971,fe4d1290e5209c913c3b16083676e81aacfe9134b2a33047274b17cd7c79833f
train,8k,7260,4ab353c208b5f1257a2d3ec436ee3b8aef576a3f95f29f90bdbacd8268d3798e
train,8k,129834,774d4e36a2c3576b0aabf012290fa65f373a507352cbc8d6507ed1e40126acc0
train,8k,165170,bd83c5d83b4fbca9ad0611a0be0a3ac8452e2c04d2ccd78482fe31d37420668c
train,8k,39403,f3b0bf4be0463b6e1f2f9930123abf85311a6268be9286c7fc59187a9cd1eccd
train,8k,33325,891466a41ad62f2127c468519c06c5b54933502ec4847fd3630fc929f2b7e08c
train,8k,118746,577fa6a223d52bbf15febd8a0f5fee04f4e8bb4e1f5bac4d9ae61dc527ba6310
train,8k,113290,cfe5125888f7487024ea4baa87a5b72a859e64469ce286da2741a3fc4347a544
train,8k,109976,3f118645bb6eed9a9f25f9c6798e2ed42151265255b6643c42f921c0ef815bc3
train,4k,41165,db21d8917516640078e98fc333c621c28441099f75cc331ae78240b67b359d8a
train,8k,87894,58bbf60ada5ac73f604da6791da3a1e99be5ec15374e889ceadca13a4114419c
train,4k,105991,b9b33a5d95c58c6d66859af7a6e5ec87a6a145d9169104588894b8eedd68c0ef
train,8k,4356,33da727fe97b8e6455d3c1364d7fe5d7269d004b60ca4faeb4d94332bb8fd9e1
train,4k,47327,5f66af203eb387f2d06e1b3b1f2539e8211a56a3eeb8e8f3ac950b3b4571c4ee
train,8k,52196,39e59d59a2bf977ffd45bf454a48526e7b8f88755710e96f4573f29595ccea42
train,4k,88129,081349131420322cd57b82b8d579157e07fe454f36b48f95b3c230e4cce46713
train,8k,10130,db022efc0ff72f11d05d031ce0626f34a4358659f2633a0a77a1a892e55e3686
train,8k,147741,773cc5585c17d4c242dcc46767ad296c632106f456bad6b0ff9561093616bedd
train,8k,170360,13dfec1cdb58517e4de7a09667499d90bd0d2539891279093df83872e9e67e4c
train,8k,30257,5feda22709eff8034b15beb620e4819d2e3f720a0fc0af603f87c71add8cfebb
train,8k,76093,e9f4fea30f90b3a0e8a70632fdc694af9de36cbfa3676243a92dbf24927339e5
train,8k,28076,9a5dacc9062265a523a9e319d0f53b193a95812287f54a8a1905bcac9e8c6b36
train,4k,12093,f392f6b3bfca7b809e553969bc0677f10a97731b4c775bdb0b54b37b00c2b2f4
train,4k,29528,5abe5349c63d01b6ec2ed261f276ec5b517b1a61c89aace9ae6c17a5a57121a5
train,8k,128213,86530cf7d12486b8907243ffed1c8520387db6d081df960b9d66e6ddf4e2b4a5
train,8k,117982,ccf6b1e045646c4e542f4cd2b6b68886f5181c6a13700130529bfa8ceae1571f
train,4k,94978,8a924128adacca8a1ad4d736b7783b1dff660b9cfb3a8f49f0044df794383462
train,4k,170526,223d449a42cbaaee426a6f35960f52e29c3110779ab3fb68516042c90a34b627
train,8k,100482,c30099d1e590aac2b737b422b8ff14c28e89c70f66064abde677ab2a1c00f5d9
train,8k,97267,9d6c48268673af952fb873ae7d908f297e925765f4cb42d1e73c499a39348590
train,4k,141604,b82be544d4fc5c3d17968fddd1a49a68840dc2a57c24513204262bc35b0d36ca
train,4k,56221,3f8b97b0d7cc61eaa507ddf90d2acdffa02bd013bb88a9c3f51df113b423f2b4
train,4k,65664,3a850f04d78bb748af8fa14c273a6ccbbc7f22714290c237a373e4a87d4415ff
train,8k,967,dcc44a98054e7c932c8103d87a49d3dd92f790680a249d801a280ab74d6d759e
train,8k,181771,660e56c123c9dba74dd8ae1ac97f495f6d1cef318cb89e54b4d59d80b8001b5f
train,8k,38471,197ab75ff17761762036d11331ee31985003b4ac8dbb630b309d6e08bf99f4d2
train,8k,151863,7b6995aa5cec3a5dbfe87209b4073b03b5c419187bb028c78d312c9bf20ea74e
train,8k,92016,2c3562a3af8bdee584b3b7d0899f5d28bcde8df8ed25d661c5d1142a0ebc6367
train,4k,164562,f1b2eb3a728e034824cd0cf531f0f9b058de5f49203bf49dd7190583cdee2546
train,8k,92063,e7250e4ec53d6ff24730782af81e97e4c9a305f338dabf3300501f4ce214bf5f
train,8k,109030,e7bd849e8b054b040a68bc57d405bc43d47f84112552af32e876ff0d29cb3a4e
train,8k,177227,1e7b8936198b8fb5e389f488d259d3d4df4042e5f58c358c04c6ff0a534eb2cb
train,4k,18711,5224d8a28203d81559e13412162a37d940768947d5f76effe6a780faa0b5fa64
train,4k,62856,c0a63ecca76a47a15b7f542332f5f227d491dd58d71c99c31c29ce15219038e4
train,4k,49111,518d8a98f2a6b2890a3ff52c26fee8a8e32adbd27c3ac66f29ec2ef6e71b8653
train,4k,25931,86e33ae824997695983e8730d744bf696fa488e93494fd2c7b4c851e210f0c2a
train,4k,24072,e0e5d83dee142268c2f7424a6a05500d3b5e3b3791e6bfe6899abbed28c8e086
train,8k,111662,2d7788202e6a55c15e59603e0496fcf9c68d3f8716aeb7ce8367670a671bc799
train,8k,3510,f9c496742d73061203e8d211de982032a99ddfa1c2bd4a0a55350d9d94918461
train,8k,69844,a77c91a9444d0efd477cbfa86a7f8ceea8d2bf13d49a26b2cf5471d8b3d0abd5
train,8k,3979,8a2629dd9a4c6c347febb2bd71d95b142571c8fe66821437095de1317480d38c
train,4k,114978,99e13d93b8c0d05b88017ca81295919ca817d01eec61024669affd003ef3b1c6
train,4k,32531,f5e0166edd069dbe07af4c0dc956d5c12fa92dd66c4d69508d95dede49a3dad0
train,4k,143077,53234aa731adf2ff8a7749f4959ec99da9e5aaf1daf7d5a6e0876784ace9cbfc
train,4k,142846,1b4d723d95106491505fe9e18ae6de958cdfd3729ea70d5cb601346690063d8c
train,4k,21736,aa1020daf3ad519a87b84dc3cffd816db21fcfd1ec2fdfd89c9b53458f427e74
train,4k,175125,2565112541c3c5d163b022d638b02b6827092066a5b0369fa6469f268ce9e561
train,4k,10926,ea141c9a7510b815f02bc74be55f83bfccd6b6a1dece78648f6a9197218e10cc
train,4k,134537,ba18987f37e4d8a4752efe9892d11c2421786af4ab49eaa58dbd380efccf4be6
train,8k,139755,747cdac190ac0e5a93432eac12cfebc9edf84c09b5a710d73bf3cc2fa36c2abc
train,4k,96126,b36fe5607d6e2b838cbcee81294618d782603462e8e31172bb21ce8a4eb76cd4
train,8k,156567,daccacee4a05fb477d1328a709a160518400bdb7fec2fd8e7ff9d7134ea4005c
train,8k,110274,86ddf2a1dc3b3986033484134ffcee7e4824464e6aef34da92935b45af43a38a
train,8k,71762,c6730bb2113e00513830aabb3c6b00d008ca174dce4e79eb1e8fb63273de3ba5
train,4k,169165,72dfaf0453b6bf31c4be7b06b2033096cc5f806db02299fa6679db37f5b9a540
train,4k,174534,918c1de407cf885949d4d14247b93ba23e1e23bf01cb6bd74ebf5586655bff4d
train,4k,92813,dc01e3d8e407acd6ca7b0b07440a087b6df3ec958cc809a28f51a4a84054c98e
train,4k,20445,c5a48f0edf668f2a432367537db42352f8c2ec180d8d9a756170024207c160d9
train,8k,150768,55ed2962ab9db9d6be787065e820ba0a493393e71fdc497e1045cda39e320296
train,8k,40695,aa262fe6479ef615c911aa699b1ab3819fbd69c8aa2e7b294c30b5bbe455c15a
train,8k,101647,a1be11464e93039021966761ff9a38b2cded181b60e6ec8e38fcd68b276e54f6
train,8k,120352,7bd9c82400dd9dd62b3d4945c2606971ed2c9fe13dc098db4f4a9728f5fac109
train,8k,97751,77723087c0087f9101515203ecfffe3b1320f15dbcd542c6bcec9d8e3ecc3517
train,4k,117595,cc1d9d38cc5f3f8e92247af15eff87ab34cfccd76aedff00910bcd9e316beec6
train,8k,153398,40552455d179fe01040e0724de395bd46b8326303e21929a0afe310497f297c0
train,4k,158881,9861f2c05d5beaffb8abffbff85e4829b96eb8f7ca8dbcd22ac90356f61b5707
train,8k,23808,339e194b1ab79939ed3cafb1141935a4a340ad917cd626d9772bfeb7d216fbdd
train,4k,133099,4268040ae50fc8db94c0d3e70e21f0ad4f1fc30755de391eb95e99fb4e1299a5
train,4k,53005,c4d7a0af65ae784ae19eb44b39000b7f2b3409ae9b43107a37a25973d4ad3da4
train,4k,104024,cb2d5c830583936e6eeebac7cf214603d48630e5310f17168e9b206e02213e65
train,8k,164204,f642a2bd8beb4cd2951b6aeb999c1fcde735b467ec504de328cc75cc559fb6c9
train,4k,141050,35c205a9f543f64835f59088dcdc17aa24fc6c756972f63665dee43e8a90b4ce
train,4k,18368,970b14bb6307bbdef3b252d4b526eb3224b68e019d6859ff9167981d9c24a026
train,4k,181473,20a11d4d46aa35435a82fa086ca002e13d9eaeb5b55d756fab054463a4448e6c
train,8k,29498,7da6714879d5ccbc7b816dba0fcb7066a2dfaadddeb09df61d8b90f0e2daa165
train,4k,153639,fce11ab2263775e4548ce3b1a9a82e5bc552871d60ecae242c32c48b730b0f3c
train,4k,159161,8ceb70fad7c2bea70a52767f29d729de0c8fb7e95fc0d619653528cf34606a90
train,4k,56955,88a7da9320d6bc22491684e14c98fc840596a60c75c260d2e6ab1785a6728ed0
train,4k,2882,89244fd20db182aa48c0aee249167c4c842b722510edaa89777174a9c91e1eff
train,8k,48811,5780b151409a994681c5d4fdc7742f5b92a34c51f5048acef469987e2beea712
train,8k,36542,a8e9f93edf324f66dabcc3d6d6d8c9f1fc1e5301b9c4de9f7aa5b4bf9cdfc879
train,4k,139264,f1b3a652edce7a718f46ee9df0a2917ea705684531ac023754933a33d867a772
train,4k,65537,87e19276da0cef832ffb5c7f1f05fb073945bdce897d246c05c76e5b6eacaa52
train,4k,172455,55ca62260e53672d8f395984e1bf4c5d70a94b2b123bc124c6c5f2c28605cd03
train,4k,27019,d8503736778d8ae7bb40311c2c91bce1170f3029078b6fcee6fbafb28c2ec94a
train,4k,119750,72618ea7f2f24e20af999181d84706cdd83dd0a2dbe5e4db909f918487dd205c
train,8k,128041,16067733ae28de90d6571e4a6252db6f86f37c51d086e2bee36c3bc1f0e95182
train,8k,37787,b486a01b60874dc19e9c581050c6fb49de85403795c1363776f21038593c072b
train,4k,103156,86dbd62d87b02addf7e8ccc3956d6817343b89b44f10d803517d64c80834886e
train,4k,3822,f071395f06e4d60a2fadd3cb9af1c848319886805560889b22c8068182b33b15
train,8k,151387,78635b7f6b052a2c824539cf4ac7037f6e74453e9b0e484a076c0f530dcf20bc
train,8k,37274,2cc9042eca43995d350e4a59ece6800a9e49da88e024122422a25f0b8d7f2bd9
train,4k,131149,f9a889542fe8c2d617ed8ab64616eb90a4bd228862b7508b87d78b158a742d95
train,4k,38485,333244878ce574589d47b44c2f0523a5d49910a6f733c29d1fc928499fac38a4
train,8k,124600,333e37607228a870c8ca7e06d54bcbc83c20b9d0b1df7b5c96df6ca2e5feb180
train,8k,64278,81241eea7e845d2b932b2385773a6eaaea5e5c46e9f74129dd5c9dedf90d6af8
train,4k,76319,0c13710b4ccc63f60746fd2da01f4f1628135bc6923021159049bf20bf22befe
train,4k,173171,057afd7b4194a27bfd93eeb26f47cf9b67ddbee8fc9af29334568e3f1e97fc9f
train,4k,75064,c236e0d43aaafd199e38273933d1165e019a623f93be6c9017b2477817d003eb
train,8k,35111,26c0a5a872f488a1d11e743352071f75a541a1164a21950006583db1d70db493
train,8k,91118,01c0f8bcabe5c61ba4d8532350c3797b69d1b94f27e26d7556b02e2ecce4caff
train,8k,121965,9fe19415dc3cbe7b4f534474c40cd2b0fe97d4bd8c3951c88e4b4d469a84a86f
train,4k,142018,570dacc3398d2d4e9886c82ee7adc0eee07105747c013de53119724cb8834ce7
train,8k,14815,01b0b02efc3be95affa9afd94f9084aeaa38f9380e740c800736bd52a7fe0d0c
train,8k,164818,949d7f19433f5ce80ec0d18a5fc7597fd8f62de377e69494cddef4e761a7ddce
train,4k,190849,f8e3df5e14b466113972324a8a2bfb76df88fee5c13c961596129c14205eb081
train,4k,171488,1c989a52fd31668dfb93e7b2bad3527e266b964e547c6ba1763b8236b71b6118
train,4k,84948,6fc4bba9748fa24bae07b191691e16af29f43ed24c50d27e55f1496700b98f1a
train,4k,91794,5d1cf32a16f248ebeea3bc71b13dccef1cce8d069c99bbf43f11f3ce92ac6ba2
train,8k,87769,605c1fc62bdb2b06840baa2681b77967fae9457408e16242ceb8b8258bb219b2
train,4k,162175,307f1ed31cb813de205d46442fda47d97024253321fc791f3d1b3cfaf0356279
train,8k,127246,7ddef8fbf993f6a5a50cf2c1c836c4a9d3160d0ff52316f73b220aef281e2895
train,4k,513,798f59c2763174cd908e63b520e6a2c07c70bbd3a7ba00e8f05f83108675e624
train,8k,39611,d85e0bf463a84ab8d5a8a21ad57c439cee6557c7a1fe3def545c5a31859612dc
train,4k,85966,b8d18f3fbc5a5361ad75ed546df0794ae42b594424177b0879dee2d9cbe81bce
train,4k,82260,9193c7fccd1807ed75af21a8aabe3acba92af831c12e603145123bf634091680
train,8k,138950,6307c2f2d348fabebf0768ef911a9afaab326e8273b359cc1eb9ee8824f1d608
train,4k,133283,fb02ee27f4c130bce682aee7180713caeff0972540e14f6e0fb7ac566c8a434a
train,8k,45809,084ce8d07195bb9ba3fd32c692510558ffc07d3847cff1e66959ff2a6095dfd0
train,4k,141086,5055c976696335ea862c35bba26f9aa65679256852694b6bf2a1c9b0711bd4e3
train,4k,130559,5fcde097cee1dcdf5f1a257f8aa4bdb14affc1dc7dcff7cdd9e1a9a0ce90e182
train,4k,159105,a3f9cf2f1cef37c01e77950f86703f4598c1221009ed203c5b191cfe72c1ead6
train,4k,66029,d6ad7f2ed1707cae10059fbce57a628eadd8db0fd584b1822b68f2a9655e2aa4
train,4k,72690,41e37a1f1c27e0facf7ba7b6fcb019a49d1157f0eae1a4465628aff02eae693e
train,8k,76128,1b6dc0bb496cddc577dd2f20c2e9800ecf0f636b7bef685e354a96a9606ad5b6
train,4k,21194,4a68742949b162f412b262ae908018aadf8e53cefd3eaa05efe779e1a3550242
train,4k,145508,7d55ed4d6c0f992bc072fc18284e5e13d9a79feab9865428495fc6f0b6145e33
train,4k,84396,79ed47ef608fb0ed6172f4d60db76090a16645fb66c1cb1e4019260c5e4c815b
train,8k,52796,55c793b65ce4655d2a481feedc2719382d860575fb1de9281a872111fb434f91
train,4k,139325,8d514626ac7de5277b176330341ba508a7d1b1c275204822cb5c1e11a8823615
train,4k,87918,80bd419870f2df804609fbafab6985bb6613328b4e34493f513f2a904bf00c8b
train,4k,67376,ecbd6dac171b109472428f148043edadb88ca24e6d6a494734e41780d9bcee2a
train,8k,23015,3fba72047f4f5b62c7882c5a83fa9a0b0b832404155c7dc85e46e7a639a66d0c
train,8k,22068,1c4ddd7213d6977e23962c618e7ab2e9f309f7140c25fa0d5875cded9c5d0e03
train,4k,55544,a8fb63318e3ebdb8787d022ec498be6b5a975a9a37e22fd61f9de61ae588e93b
train,8k,7950,9da87aebd5212f3aec2928a1b0e23ab1c73b9faf308325aed9dd49794520f4d2
train,4k,70201,4c6f056319228944ff100edb21eea3edacfc791f2a509c2608ba898c811e6062
train,8k,154951,2b0d14e07d29b674a71c617304fdc5aeac72af967ca508e4bf17aeb5a0bc9fdf
train,8k,18482,a7bf16d00f15841ee0989d317d49f3a5eb667cb7d8332dd6f6c2f2f86f8f3895
train,8k,10896,22efd47e84ea40c117ee70ad9cc03a14702be6d6041917b2220af67de3a4b244
train,8k,171738,a8dcf0023f1e807eb7841a0b9223840c5c2fd9ce278fa2f469f20e5024d35b33
train,4k,45663,df3592bd493370e61684030be8df383d62e6afdbb1cd04998ffba0ac2577a49a
train,8k,148894,d5621307a7a3ea6428d0936870f0058efbc7b01c854181f4f439753e005f295d
train,8k,98513,97ea53fefbf72b85a719d457ffbfef72b764b473fb2d5ef1315057232d160c5b
train,4k,125441,d2a1ead53237261ee823034dcec4148ad0e30b0cd9ff7d98ae9155d447edb61e
train,8k,175016,3b8005a192dcdea5b120937e1d1d793401b62547be4a25494da3cdde62b50a24
train,8k,17252,8283b36ae14c40abee91f92b6e754c181f281018f649b33522bb341587728572
train,4k,10967,d1150cff2a09b176e98aae6a2dfeb7fb392587ca30003fc898a987bd21e1f5d4
train,4k,70342,d1a971bec5521441c13406a81cb88a884964529edbf2cf8aa48564448cadb0ce
train,4k,56129,6f2ef3697225d69e8bb9f4e59d32986886d46a432bf1f5a21e8ec484467911df
train,8k,90057,f3e7a2c56e4cbd5bef267def80edba539e8fee1967d968f1deee09e81f235c3b
train,8k,38112,c00dbc1e0092d095020544a3266826a9aa6f8173210681ee042ca1e97a47a2fa
train,4k,154429,3c1fc366415701573d1ae4ff6c194dda4ad849431396fc8a2ef04c2cf3d76553
train,8k,66554,282c1d8fb35768fd19be83f0896a8fc77f92b257c14e9d728c2d76f92b4ba5ee
train,8k,69644,5c1aeaba22b41a367d657ae509b3d873be5ab37204ecd171348e3bb3098f95df
train,4k,55758,c3bd10f808d9880c71d28a2c735f2cfd64d71984b6ef9ffcd1df2e80ec663c91
train,8k,35890,0e5f683d13000f725758b716dab9869f55b08e07fe37cb0d7eb37ee003616630
train,8k,94184,7638f21a70142b0394fd1dc1f8e7b778c59e962129a95065e0f32d3b06f60d56
train,8k,38953,4dc4de8f853d346e252247aeab3a39d9e65c69c4217ec457fe0f19826d91d993
train,8k,161470,ca5bb9d621e6f8f63ccc4eeea4a1c1c2afe92227cbb8e0c0606c7b1474147c10
train,4k,41846,711d29d978224d1ff9f00876548d561fa03a52de785204f76ee2d649550f06b3
train,4k,77409,ce0c02333612088e0176ba2c49543dc40ae050ff81ced87c97543b35c270af37
train,8k,27153,fbf7ac17159b577f269923acbb279c6528eaab77fd2f271c0c03918b9c4d2ae4
train,8k,54929,b39924b286b995d7fc91d927c19e6b11a2d2c6af86084cc6b53deb53c11e4546
train,4k,132296,8a02dd11d651e080ed0c925c2cf3d796f29e921e076851ea5cc5c2a712dff50c
train,8k,144454,4608d8da2412af1bbcdd61d6801b54aa8fd6746ef7f55b15d9fb9d4f3fdd31cd
train,8k,103704,932ab54cd0f8f38ac5a6b9097686c239ff47b4b6197c5cc13cbbf30d1eeb4c00
train,4k,161506,894ddb1170c4f6a4eb4a5db29e0f2585cf4ab9117166b650f13e84b9534dd50a
train,4k,64459,2ae0649f7a0c079ae20d6b279c4fab10eb9b6a3b8a11c239b9d8332de7ca2fe0
train,8k,111814,842832851ba8c6607ad2565cb1b00a105635ac271b94a1adf6aaefe63002d1f4
train,4k,17707,adf5942258e610f4af9e2f0e171db5ce0c379eaa0d67541b5d8b2963fa0e9f14
train,4k,82729,21726db400c2887fbb1b60f8da518b11808aba21a8b827ae4a1611a6976d1a63
train,8k,50754,a8655cd63d7fd0c4cebaeda4ff4fefdc8ccb29edbe52a20abab72bc4269f9439
train,8k,43707,89851091e0e5ed9fbf19e327fa3e4aeb3fde8061bcf2149719615222d2502f00
train,4k,173596,888e7b9985dbe1e6ff9af199db2599209a9a9d04fea57180f8cb93b252b141bc
train,4k,61629,3972994a84d13f9e881e57b2b547f1c1c9e3d0df6713b51cbdb1150d9458b895
train,8k,141419,47aeea939542d84e300bca1b9f09b5680334df0da280cffb7f381174c510c867
train,8k,180290,caac1b7c5812af163f43b7ff509e31a454e5851a51eca100c93b8d4981e927d3
train,8k,96879,9441c9f31c57223ad32421cd499df6bee98f7945e442159c72742c8af94702b3
train,4k,3711,dc76bd098e89cea9b566301f46eb1a432e0ceda704a41f4bb13e00ce2a40a57f
train,8k,102488,06d6b84f582d60a34eae1e795fdeeefd30a1fcec049325d939ff93ff94d39aaa
train,4k,76477,a19f05118a20acea8f32dfce26e3ba60fa81d9f5bd2729743fa2088d56f852a3
train,4k,69981,6aa4dc27691ae00a2e36e55a5e4874544a30d91d8c54f4b371706bbb7dc5dac4
train,4k,15611,b9cb10e1b011798f93f0116e74cfa234053fefde9438cf5a0282233e2057796e
train,4k,66264,5b6f5f0d1f7b6c912afde9ef2313f788062fe1d407da8352f14309d5434824c9
train,4k,107208,62a03372c599f6c0b797ee9a1cd800ae51a7f4e1a518b835affd2d438f2a5dca
train,4k,153394,ceaf2d61c17fca2ac2a8821744ca65b62bfafd4ee2bf72d2ee5e05d689d93360
train,8k,178344,6a4f391645e2ac02e48321f91d81828f2a220644283b3ad90c3325ef6b99ae11
train,8k,168585,386d3b21cad1a4323528580d473533eee652105197c6b56604cfbf74510fcd04
train,4k,34509,a8b33b87cb6dd0342088511dabd174d707ae31abebc545f896501d0c5f83590e
train,8k,32530,b371d46176333d5f1b76edae5b8c99118d247d35ed0a5f2f4281cb5c19ca9de1
train,8k,92280,9ce0383d728592d96b5bbcca22bf87778adc806a39f4e7ffc5718caf4b2e0e1f
train,4k,111610,fb5095e9935e56e9f516196eac65cc4bb97786e0c87d0074afef7432a21c60f0
train,4k,192009,f96681c40eef28fff1f951f4ef4085ebbcfc76ec52eb55eed2240a505b9b7514
train,8k,61946,a1a1b386bcd9474ee5fc3d54a4ed1ba2fcfe66c73b7c3d1e9afa7043701b7bc2
train,4k,157656,1beb759756993f35de6baf8fff990a7d40246d08d230c11b927057a689093cac
train,4k,178830,b995b8291c1d151346bfe18b6575315955a0be37cdb35332a329b9a0faa04e08
train,4k,54680,2e2b1afdfbcdd51ea782c8d4e5c7dae3c89f23455e91e4ca5b097ba29a601fb5
train,4k,84443,484d41ebbde7875477c7e41d52e732797452c04abe4ead986b93921636e2770c
train,4k,85780,b1f2ab61c424c936a3f63cf51d9df3b58871673ba3b1c57b539edf53a59ce6dd
train,4k,188615,649cd1bbee4cc5a8cfaafabad107b7f418b3592fda9175ae9c872964b79ac264
train,8k,105917,24f30296198ee7397988cd8b135acb7d2875321cf2a5bcd74ae3f116932af33d
train,4k,46176,0b3ea250d943d2f56a7d1bc7e0c62f08bcedd2b5c00dd7179d91a78ccc3399c1
train,8k,88310,7ac3501f8d5d9f5c15dde2fc9c4cdaee41d2fa87ebd1a1f4bd7b1b73df36232e
train,4k,119801,903a7d63044fafceb7190380e1c73811ccefb6c13e62a1afa2c180b5a3c4a5cd
train,4k,138983,b2b500e903807dc3e176ce229905196e6a055053e41ccc3aab0531ccb885dede
train,4k,168887,e1673ef8dc3fd344e5b0bdea09c2028fe7300109983931f047b85a677435cee0
train,8k,94599,91b5d8a8d4599b9dc9f2f2ff3e3f833efdfdf723710bec85082355be48997257
train,4k,172404,04e8a21f68dd138f2703a6b5231baa78ecb198d5b223a3bd53aad52758c06adb
train,8k,63507,6edd7531e695018f000787b8fa286273c77578151b7c85a945e658d2b2128984
train,8k,43500,80bd908f301874675cb4b7c282f326af82ce617a5bc077a0b03bbf517fdd91b2
train,4k,5743,e8de4c58da34adb63e3e513244d6f69b9b679879775267f43b95e315b30c0a54
train,4k,10809,134eba4eb2d2a406a08b84bf3c7015684a01702027bb20b0093434726e1d0601
train,8k,25598,c6ee14997406cbe39e3e74769bf2b6697d6e27e8847eb12a1b25da83c9dec944
train,8k,88018,37b1724985c14e5be6cfd46dbb8eadd14ce9392c223be94f2dad8c69e9773bef
train,4k,162864,defe192728f35def91e2685757f8d54855cb07631154ab7c4bda98ffd2df798e
train,8k,3492,fa4525b7d787da6904617ee84815b638133d034b480a24133d259649256fd668
train,4k,72951,5ddaf316a87f66e74b37420fec5f21fceb36a27a2546b5e6e08660c6ce4ec089
train,4k,88792,d3f2b73216cda6d0f57b37f95c748c56ec5872e61ede31f738b359030c2f02de
train,8k,85770,552787b7211f60db95b02f203664a55ea8cc753072da8287efcf34b7570f0a8e
train,8k,103130,921b773454f04e52af899fcd2909559b573246e6229210d7b40ddc0cb61a4c42
train,8k,16845,a69a215303396f589da9bcad4671bae5610b3c7db5b68c0f80cdeb3bd5f25c3d
train,4k,137774,d5796a2c2f3d75a678e08107a274cc89cd8b30f5c7bf31be202a810ff67578ff
train,4k,2378,48cac5a39ec344d0a22aa39d62054f6542fb99af0d4593496072c0a852ec379e
train,4k,81915,9abec9970d35138ad29da5413efdaff3291800a8d6e6a4c7513cb74891c06752
train,8k,6712,f32b245f3c66cce983af0f9df7846c3d59d655c69c4e06564516fe15017fa2a3
train,8k,86045,f9529c69f0cd8bde398aa95b94f01f0aea4e51ec036a93837a250286a94cbfb8
train,4k,37408,53b3e6c9f679f24011fa7043caf4ad42c8f2120207e6a31b2497e77a0342d59f
train,8k,159877,9d27333fc9a80eaadd24be62cf7e60ed00f986455df1d639f21d2e85b77e2642
train,4k,6961,f5e59e134f69a0691073c4fea25728b2d861b9e06049696365cce4206a5d4447
train,4k,138551,d92cc2fe19d13e7a17b8139397c99f8ae9f52b7309d278f517e99d6b8080b6b0
train,4k,73419,a402903a6099196a043bfd22e99c1aa2b8926ec8dd20bc80e3b792166b73aafb
train,4k,42892,f8606cacbf1e6db0918922c1c653e3acbda8503b06659ea487afdd028d0a5bf5
train,8k,90796,41be55ceadbb2da30f385f81d9ac9342d581fee40daa5c421afadaba182144e6
train,4k,170131,91b5d9f4747a2c20058d6d63db074c0c85f3073fe036e78e8f6467c6a4d96f37
train,8k,167781,2ad1f723c9bb727a7d3299d95055a35530e4998112d9d22409212e1b1a71a4c9
train,4k,20066,bed6edd4a41c0c2e2b71e53439d8005fd0c98c96398dea9d6fe67969bbae41e0
train,8k,92189,cdad2b75d074582e71529d5bb6b3105a2d4797aa68d30c98136074c3a4955e48
train,8k,94503,bbd04ee4028b1ba8314a97a14abc2d9420a2366e467a3442be13b3000ba676b9
train,4k,6801,3d19d3e02b6a3cea2e5559674d9299019ea861bcdc604f4a048a9aad00fd85d9
train,8k,175692,f901d7a7bf637166e6ada3ced452f7713e0866af1efb5bceb82b2827459d89c1
train,4k,145903,7f4eb707dea402bd96f98c28fd44a6e2a58eaea7ab867f87de9fef92b2360451
train,4k,28570,a20a2575edd46b5d9aa7730b9df3830f0f5ca98e469b78dc0a48c60953757cfb
train,8k,71977,979b15602323c6f29fc9fe0dba075c6ab4e107e7ceca33170a518b76aa77bab6
train,8k,8462,4f29cb5afcead8f46ea3b8900c07fa96a19b030df4bcac251ee54fcf9834ece1
train,4k,60809,b1818ad3ba06920d8d75d02f19233439a9a8b0d34625783c885102ae14e1b89c
train,4k,106472,59513dcb90b1204971504972fde3d776ac0ac67ea17c6fb99e7669065a92e37e
train,8k,59481,013ae974300f2824f38fdd9cbdedb7b442cff04df671f5628d4603dcece2ae71
train,8k,51681,6af9cc561f92012613971f75181f4532ed9fe7054e8c8a5b0f91344b1a370108
train,4k,49665,bc40f8a9e0735dc902d989fc8006f965d1affacf74736f966bfe94b16212e0ca
train,8k,70909,a7298a413cbacffd1a24bcf9e005e78b1edd19e78123847a4e0d4fdea3c26294
train,4k,16712,2ef361031997370e9ad5bd238f063c655d87e78c93db5d51104de398b7bece16
train,8k,4178,5ab7bb53fe8c783fd5dc4729bf9a21a46d40425efe101b72ccdf0fc7147e5030
train,4k,137019,90d0f3ff4e7f3431bffbe394338ec158b9564242cbbc25aa32a4c751f8831b84
train,4k,97420,b650031e144c9f3be44c9bad0153938e730f7a664bbc77d139c3874c6e744701
train,4k,160577,0ce4bbc25051190ca74b720f1ea2e1d61ecb316d5ca4b85a72dddb1d6c53e338
train,4k,144658,b6dbcf4e860687834df7e0c70676adf717ee368bb7d3d8c3e9ec6bf3a608ec3d
train,4k,94891,c3831040a18e1fcacd8d88448197e2cf688535955c29cbc13510770d5cbee0fb
train,8k,127199,27ff52c91891fe13cecb28860d935929ebe7a24c536f2f2c006c307303794196
train,8k,180492,f5b5263de2daad5efc90093d2fcbdc2f779cdc9b8528ba877805f82a37a196d0
train,8k,172532,526b3289ceeaf320b3285151e1cc57ca99b73495d9f123d3a032e3f88497a31c
train,4k,47670,f85e0fdbe817882467620b41edd37709feb5cea2f70ee3b0f0c745fff3cbbe5c
train,8k,98726,9057a0890970557ef669dc492aa8e382adb011eb0f9d15ca17f0b29666b9c8f6
train,4k,95637,1157af9e7c5ec8337e3659f2c0065f32bef9d1b94e6c34285fa80ad8de883744
train,4k,186376,a76bcbec31b8d4fea291969dc69fd28f2169865551f6e903c8f85834ad30735c
train,4k,10672,b370b8550f825d4f881519589fef377b64bf40f8873e70198a5e37fe793e3d9a
train,8k,4381,9a863ed445bacb10ed29fcf5a344a667accaab1b7891a72929cb44919efd103d
train,8k,181562,51692462322963868c68b5a82b3512d1b3f8ff5255ddf52e3af8ee32719eb101
train,8k,68537,86a5f0349af145d51d834d37e1ed30fb20278e03436b4f1210a426470a6489e1
train,8k,38625,5ab913a741c697dd6b7dabb56e06a71589c5d18dbe6911a97c6ed8aa61086e09
train,4k,72439,a47a2fb0dfe66cf3f802288dc55f5b4c768fc78ba574dfa278324dc2d0e77035
train,8k,113010,09a55374150e74f2a1708a7f0d4b0d68189d16633904b371e3f9fd7bee1bbc7b
train,8k,39088,dfc2380e441f9720f7c4dc356a0230ece6b5ee8841286b81c45470e601084fec
train,4k,34003,768960da90366b3a720a0f6b36d847456de352ba040b1b2a909f8d3e8d80fc14
train,8k,67001,f5dd078b8b68d31fdd9f183228eb723dfcdab36b6ca65143dbe812d0436ef87e
train,4k,29324,fa9534aece774edb141a2d3edbeca0e8d5924c09c0b72debf9c0b49dbdfa466a
train,4k,112340,977da70fe609f0d5eb43443e2f0fa84a7a623c5a552d316d90e5147d68e90d79
train,8k,120443,9a1521ef602d5ae893abfdc84edd3696a1132cc90e2d7ec2231e1503abd558d2
train,8k,41462,cc53c3629f1bfed8b07701f7ecb4fc65220b5fe671c5df08316a7005701698f2
train,4k,132015,0b1da8c49a88873c36c12242f9685b20b9fbc3e9c582e998ab7fd1a7e8d59367
train,4k,19109,65b16ad1c41037154f7fd285d512473bee6718b7b7616484a6e32492e750c0d0
train,8k,163893,3befb38dcabdafacc00f6f8fb4effa14b5ad71a87448ef7235f3e76bb7c73fbf
train,4k,48470,2b331e86bb65612af757bc6d5130343d783edb2cfae336d4b927ba0373fdd07e
train,4k,139319,b3ef86eae0240ef3aef43e1872dd63bc2d45ae01d3b3d3f9880fc528a54454d3
train,8k,179453,e32e7ed2b0199ce8efc4759c6e1901c6d1c162d11c572b4c8123d2e9501915e6
train,4k,110387,ff1ae2664789dbb2f7c30979b6151e9dba37876c64fb349657525a9edf6c402c
train,8k,96568,4a5a5f9f58b4eb7d4935699a4d8abcb53b0c266a98fcae46a264aab2dd143d08
train,8k,26131,62ac81d691b4eefa0a7306182be86313fe3e39bda13f570ba80d830730bf1ccc
train,8k,29618,342b2f1c60f55d1419ec92ff8953e5d9907747e177a735bcc33197aecfe91378
train,8k,17506,a9f007c53de182ada80ec9a6f805eb20de9588c4c00d8f13fffd7d876da373bb
train,8k,10073,5f87c16f8b931a2b35fdcfb4ad3f149d262b1e3e2d341fe0853af579f8f1d39b
train,8k,77400,e46f3eee64016c1707cd04fe8871b1fd1d8d994d9249a6c7104732b722821427
train,4k,154885,40a0dbd0fa0e7604c8595f0b78c5ad08e33cb5c97effe18c19a5c357ff394908
train,8k,15342,f828d8844936401987b3f5537312a78b1469f499c1e7d44fd75199b1be173c74
train,8k,166819,342be1543751c040684f233b840d9a305d1520a49ceac855e5e910ad8683c574
train,8k,1401,6cdcb71ffe632b816bf3b2365a45438daf50fad0c91b94f8f41258b5595542d2
train,8k,131246,ce5b749c13605ad8981ca8b9bc5b7f1e8b59c1cd8ada6d8d0edc5bcbbb85b84b
train,4k,175241,5c738f80396f4be0021f18996c031b0cddd1b150ebe89ea08b1439cd3a7c39ab
train,4k,41580,e07a1e9c7c33a8cf6f7facea9399d142dd9b494ad88c3936b4eedb921f15ab36
train,4k,102093,64f1a36423c708363b4e69dbe9c3dcc73bf081c56c40d98ea6054a2f7d6fd43c
train,8k,1296,cdf3edfa53743810972b5730acc351ccae6b687e6f4b7791dec1375ffcd2e189
train,4k,123962,65f359e29ee01b21c9ecfa099cee91b34080efcbdf2e3db329abc32c25630319
train,4k,139446,be2a90dbbb74f50c48003ce9d181669b4c6c1a0e4ef628210f10d14baba4fd31
train,8k,24914,1c885feea57d9147ccb170d824426e02d15b586e23adb1e176d725c6d9935aa8
train,8k,137182,26ef56d7bc1939b209021dc14234cf2b2f17b96b98284cafc7158dc4acb94908
train,4k,166043,6effa468759fe46085e0cb6d211adb34d9a928f5da5f4a6876426a5772bbbec0
train,4k,69628,0593c42befd480e094238d6a19598aa121670ce3354125fe32e67bdfae92f296
train,4k,23016,ccc2e218959c432511f0a21637a391636f0efdf231b1186ffadfbeba292dbd30
train,4k,101348,f7d4c30ab9b1a9694c96c480f4e1993d86998d70da8d174e049e180d83901d65
train,4k,23996,a694953b052dbcff67a497f606fcc6a7238788c35264f991b0ada8c16a8592d8
train,4k,181335,b2025ecccfc156bf1c4053d9fbc72792acbfd4139f41ca0000a0ee2e51cf044a
train,8k,87803,5a256b66dfe2cee26fc11d3ad3e7135f58c976a375b44536ff1a711a44f3e4b5
train,8k,152740,ba3b87158027a034b099f37c39428728d161827a103a92f57062ba6034becaa1
train,8k,12954,02c7a1a87244173064557481143f1089685f83ffe42bf1908c9d456e7a61e0a0
train,8k,105289,ddd5b4c14b22e82a477cba1dd06a159addb93aa04b9611a1ec93b2210cb63814
train,4k,37200,6d2fe7671d67211187eb05f578540718ee93d9e25439ab931c2a79ac026cfd42
train,8k,60862,800c5489f3cce9ae7818d93999073f6435e6572f157b0187ebf675989540839e
train,4k,103619,265dc6319f458c017879c930ef0c1d450e83ca03fb25cc8a855b1c4f9a3b7f31
train,4k,123062,fbbeb8653455020d3dd39e8244214df0d9f67c0a2aa2271af16e2c46e4e314ff
train,8k,54475,6d9a7119822fca1f0fb5077a2ebe981981c01c757bfd3f68779cdaac1d2ed536
train,4k,183959,4d4699f73b5eda242c26527c2cbd58f6b7e6987152fa13c7fd6158aa673b02f6
train,8k,100902,a440272270426b41a9617e85f6209a37e2b3a767aada3bb0ba0e6ab722bf151e
train,8k,2804,d50c9472e53c3ad4a32a5609cb525a78fcbc5d2ebdf355e945d5e43379c8de15
train,8k,157228,114f088249fe99ce1c6a42248ba3faf1250d501eceb89f1f839a845ab463abf2
train,4k,76227,b7857baa89f3d87acdcdc4e2f1471d22f43ac3b1eb590151ab8fd4fe84098b52
train,8k,142582,3e2a38dd47d8e6c0c841bd48bbe92f95411c83ae4cfc6cd6ea9d8a007e0d662d
train,8k,175714,6f4c6a7c8a17078306a455272b308f99962467c3d4ddf1c3c9da8ba7c113a334
train,8k,101366,a553488623ebcbf13eaa1781c95cf47214d40cee04411faa673becae705da622
train,8k,13738,b0422a16df2ea1f98cab4336d2317f14620cb7e11405d1390b87d84febcf8087
train,8k,18703,38df67868fe208615542e29a46eb7f664d8a188c05145261e87200a8a68cd445
train,8k,167956,670de81127d32a651be459e25e99b9441e4280bb1cfee647f5d5447e3905537d
train,8k,140616,c572463ec80d382991e648ccd791bb9030147394f64e50f2f574d812b40bd872
train,8k,96333,36b2d9ff5f71ad5581c5d6acabcaeb058fa2fc1ff8e788d40824ef7f0b59b27a
train,8k,50372,d7223e53fa57fcc8f5238b0802c5d9401999f66094c69148a9e7cad3323ff80e
train,4k,76798,29e514b10fb009de65b297a1cacdab2486d9e9e0a43b1e76b1a37a45a588937e
train,8k,83700,dce9302ba5c0177a8e0f5eb9730b48c584a5ac0565a69b2caa0c0cf74dab0b63
train,4k,30735,3a9750fedb5dc8d966df73290a9ddb5d64b19c15d203f24815c19258b3f6c5cf
train,4k,18172,1c33a518042a92950aa4fc2ec0ff80f5680795124a94cb9f1728a0ac30bdb96e
train,8k,59832,d49565140c556e25bae0bc19858771ba135a36f146b864ede57cd821e09ab59c
train,8k,63905,30a7a8c797d073394c0afb28a191cb7663872ef65c8f2cdf1673015e50288218
train,8k,106717,fe3275400f79c731c7a21117c085616426c7c89d1faa8663ce5efbaf572f9a8b
train,4k,31476,e787edda14b992c4eaf8ef52b95ae3668004ce5b1412fab0d9e48e1306e9e41b
train,4k,36896,00dda78d67740eab48ef06b0701ae9bb5d1c32825ace88c6d077d08b667c656b
train,4k,38110,e42f324d5b7ac0c65140edaf04011618410dc32cd87bba034f5091409f794c5f
train,4k,33891,95ba9213cc3acfa771e2ff5cebba56f8d960bbbe55024a03250d3fc608662822
train,8k,167576,1c3471e5b416e3448cd3499d2e0615c99466c371603ef35e72eec6a5ee73bd6a
train,8k,15137,314fc5b0f92999c04ed60f53b799777b4062659329aa4fea392ad34d0f37c4d3
train,4k,119197,f1ed0c6661b7acb54f848dd842f8fd2f2d276d7dee1f958c7d072d74e78b8c58
train,4k,123076,686782a2eb791a482111fd2f5bce1a2947155fed1344750745977e76f8b071d4
train,4k,340,59d48fac378225af28cd2ad52fbd18308e5bb6ad90294fd2f298dce513f3f2b2
train,4k,162113,6f32829bfba0dfe6c899ec8d98654e5cd73580bb181d9cff051d30b248a6dac3
train,8k,113020,f9c399e3a72a277a0b01c05a461e41f116521a9a087b7af4e7fae91bbb91d2ed
train,4k,173424,40a66ed19bc5c96eae2b932910e5d2df8026155c7e8cfcb09412a28787132c3d
train,4k,180049,7f9e5280a9f727a66906496e96c99710b75a8a1800627470d4959900699ddcf9
train,8k,161015,f8158181e62979e18cbca26b76922a7b205a6dca65ca1564080bdd4ee32bfb76
train,8k,68753,09440d45ea5dcc40e2a468171b7ab517618448453b5374185d13644e05279817
train,4k,96161,c8ba204f1366a63cacad44b4bbb35ee060e2c11297b13973be188dc8b2e603bb
train,4k,146813,5c5db8cc005800dff8626d4c350259946ed1d41379605b2d265580126776b949
train,8k,159631,8ea001ac04f70badb74097a5b808939cab7321f9ef5ab7f7ef621597fe75c203
train,4k,176529,40bda40204505537b2831cd4d9fb41304eee59f68c50e82646bb8c2c9a6e7fd3
train,8k,181988,d8c9572e02b1d7f7fef0e60f3d6e192e5b9ce908c0eb166ea0424340185665f0
train,4k,163175,6f89c44f8bf9394298445a8c2308a4f011ed964c901eb5485c1f0e5509a6705f
train,8k,74388,9af1059c4526dfc9819c2707c56674a5b75bef9dc481600c81db298d063dc405
train,4k,121898,895e840b4e8ed7e30cad29fccac98bb4e8407b342549bb93cadb761e3ca75952
train,4k,186046,7a80cd0197bb9896c1c5231d9af99a751907ce175ec66e2d8843b9c525e6a5f4
train,8k,22210,479a8b7298a9e496ea1d7a7366241e810f6fc008ec4164d7ffccf345b3f7eb99
train,8k,60494,855998a872e6e3525dd488aa22a2870ebe229b6443f35c122c18ce388d6ba375
train,4k,25113,49950f1ff38973c88ea6ee014a5ccd83ec6ec1c5ef32e37800025230dcac776f
train,4k,15110,77b371e09aedbbc987d4bd9cbf6d8f42709bff1252b4a44d52209fc70a8bc41b
train,4k,157335,ee87ef4c708514a22f5d389f91ffcf7c4a6f07a09c341044d17f7d830540c37b
train,8k,131225,3c7a211301190c1738ff52906146eace3ab9e224c02fa851bdbbde51ef7ed65e
train,8k,118741,8b46330ce25cdd0b92e785cd2ad682b4c4694d08bbdaff2c1323cc3cbc988c74
train,8k,35191,4fc64e836e3081730146ee618848fb1407f856629e22f21df8e5fdb7c88650a4
train,4k,42092,81397e665184cdd6d3294c25ae1d3135371fe349420de04b08086034dd0a765f
train,8k,179037,474f59a0e384aea146ae427b976c068769392840a0c1b05f6608e39c28e6ab81
train,4k,136765,31ce6518589ef700dd99099a78cbe4fb1b38c66a38b4ed2d90b8769ee7dbb28c
train,4k,56965,56a03e6b008754af1e77bcb28bed023cf785f69d6bd8efea54a033c22e213de7
train,8k,51782,41ecc3b89f74bce865a2955aa8ac69e3d260993e67869d8fc1eb98cceed30939
train,4k,131966,871bfc2051b4b80a665d03ed318dd059b20511c40241216ffee45b385a128fe9
train,8k,30565,2d81fd022b6798222ca147b0c440a4d3cdbf3b850d56f23f94f47c833fa8f1c8
train,4k,180752,baac6cae62ff9fbb02cd64bc9fbce131ec60f3df4507cb6fd62093fa6798a25f
train,8k,112539,0effeee65c4e520160a33db817bf079f5de1ad74b1fd0eff379978320178cf2c
train,4k,185462,54831b4f816267b39952b461af9ea07ce75d6f052c91116dc56d82934d164315
train,4k,102254,9ede5a3931cc1534d038fccbff40558eabc91d97b9c2781e42b973d36d718608
train,4k,134642,4abb3d3d822943d1f473747febaaef70011603ce834db6775a58cd63dc467aa4
train,8k,27082,9562a5b468a7354f1091e7bca92ac2afb5e26b5581e15db1ef471491f2de7f61
train,4k,108740,e7cd6fc69a11c70c534e8c0ff1cfb3107155e976df2fd23bd25f1b31310c839d
train,4k,188440,4ade0f34096e209b3bef6ac6a0360e80b00e1f04ca9b15b5eb2ab9eb5edba527
train,8k,37280,1e137e671c66d7dda08662fd782a5a3a0b579d7266eeaf5f0c3750aeaaaefe70
train,8k,70981,2cbed9104ef6ccb9eedbac4c2278fdf9fb13fa6ad16098dc829cd5daf9084b06
train,8k,111477,1ffb6f086bfd4ee1453aafafab61b76c085b258caff2c63fac69f5c8e34607af
train,8k,107559,5c81b89b013873f40ea80f734dc96a1cb01d64d80e34e9f4191239060fb7c815
train,4k,65382,2cf4408434e1159ffec1298ed550d9cbe14ac006504ce5a4eead3d54ec49aee8
train,8k,24306,e62439722c69f80f76ce8db9ad45bc7f51696f1079fc9a40615c601bc0eac4e3
train,4k,34328,0d5ac8778ce59c9068b16a7aa91ee19dd4b18d355987aaa67dd01a3376cf1d4c
train,8k,149825,11f20152f91cefde15109a214e4ab2052cb63e170bee09f3b8acec7360efbc75
train,8k,83426,d52cf87086e1ad389440c3564c93e24b31c45939a3b8bb5bf1b646909cc1e091
train,4k,172946,3bd287e0b6a105b3d3ec80c2cb83dcee19a4a2d3553dcd3d63d4e531b219ddba
train,4k,150264,2842632635ab1dbe8563ee35ea3d381c5dcd75e226db9e03d4328d9e7bcea517
train,8k,162714,bdf1dd8ebbcba5f8de61d6509376411f229658d4fec8aa9a61a9229eb8282c08
train,4k,69388,00edf1d4eb171b497980892fc8dadccbe3984b23386c5c97eebab4ed18b5af3c
train,8k,98552,bf6149517e3544d5af52057e523377c10cfcb1cefc67104d936ad0e060a156e8
train,4k,43509,ddc4e3dfe43f9a3c89cedc5b759fd6c4b08852aab329f0550e11dfce94980d6f
train,4k,26536,860903076db598185696171ced81fa3bc708c90a6f97d3b8da5806027152562c
train,4k,45193,cc53ff023cefe66cbcc998aa97e65adb3e08d5d9b1a7f826025304d9d3a79521
train,4k,189109,96aadf47889a5244f6bb07334aca924aacbfe315a7e003cc9dea2a1b3373e08e
train,4k,47689,78b17264895df2475c29b56bf1d2a53949f433797c2d1a273219500f78b54cb4
train,4k,112682,655bf3aadd75884cd216a36c1dca4815edad2d57c5c12440eb876366edd386ba
train,4k,102827,8533df1db84c23b1e898f9e9508c5f9554aeffc5fcc24a22f20a52ea3d909840
train,4k,131708,22dbdd30a659a7dcec2678632747195cefaf404dff396118da93e881a3605ad0
train,8k,86451,736ffc0dc8df2bd317226509676466095823b9f232a6aee6064cfefc6f1e8eb0
train,4k,54687,af4ad1719ed97cc907c90f4439763f056b381a6269856fc90373ce8fb2c1305b
train,4k,84547,c5eda120890d986bcd6c7f18b0b3d2e15136b71f2b145e5d0df8ea9083535b69
train,4k,123251,74949fa9d736bcb9dc45bcd81e84b7b961844a8bbf7337d30392e6388052f39f
train,4k,27222,1690355ab0524c7c0062a41fcb5310c01c563787794c683a1823a71b45ae1872
train,4k,117125,9585435da14f1eab8b3fc09d0728c8658ad9056f475a74838e401199c96c960e
train,4k,12297,aabe270ca530bc2732d1287f3fe2715ab863da3f9b94e1277a6c6af8da9e08fe
train,4k,25384,7cac5fe4e11a278bbce876a121faa767e2e2d98b5782d71282594b83cf078ac5
train,4k,107841,37d9935fad782c1559bcd7aee73a70963d5416a5d1fb5e7b9a38023435af5d1c
train,4k,156760,67a5091f2c01a8aef7f88439376f5542b1a89c108b24914f063ae11f978ac6d9
train,4k,96012,ce2fafff29f98af9b50602a1dce666fde3e9ae17aca710f38d2c2a4822cb8c70
train,4k,14331,6032a1f27fa304f8c39ae425ad48b40ad223c31c2f2a66102f761e431c4912b4
train,4k,54981,120c66f6f36bf60217bcd503d296ef6ed7ddb3514d4068fefe4928b042d11758
train,8k,142718,4ec5d31cc0ccf823ef981cf85f61c154e01552a01068770a87541c997f4cb8e6
train,4k,140696,e57fbcdc7bc10d9237d0a18f17c5fd3720bea5ede52d26edf261b8ba2be1ff2f
train,4k,174288,a1f11d04cdfc50a2dc405dfaf1e2c471516edb50ec4e7801cd09f843fd338bd3
train,4k,158749,a57057dcab4e88745163882e515a3d35b590094f8c6d31f8fcad01c788c8bb89
train,4k,73155,7ac7ba2f82d8f80a35575af6316ae9dacdb0dd16afd65086093cefbb3245ad1f
train,4k,181046,ddc4c5f51d7fbba84edb0c460df58ecd725677698319fbc3fe1ed09786f5d52e
train,8k,74286,a170bf5f4d2ab9636b5c2bc721834865071793d1abd5da42fa8a777db4038347
train,4k,124944,530028e9f3e1b51edf45bddce0b930fee0f4854152a1d90e85699a742729ffdf
train,8k,66988,05e270a1929585558d1c6d562b25328e8882f3055385c2680621e751b1ff22cd
train,8k,81791,d7be01703989156ab7aa93e70409db83c855d7543d6376ae6b413bd9ad2ae21a
train,4k,127789,339d6a452efb75eb5d75ab960e6033508dfa8df578aeb2a39f21bcc93538ca95
train,8k,136303,59bded116977c30e39529f0448330734996e29f2e9d01b096ff73a3746a18733
train,8k,143308,514038a60c57135fd8810a7db7334373c2417151149c46206f5692fcd575d999
train,4k,39865,d5ae656d7367c570e2ced8927a740ef1566bc4a3e7da61055610b48160aeb3d3
train,4k,170679,ed311f9d72a4139f7dce7b5db888cc2e3607c9f32c8e3eb946254655cc853957
train,4k,103606,70926d4a2f53c4e33ae5791d7054c81ba2dba7ff656c78afa78b7bc4f39110b1
train,4k,19579,a379fa7e05e557f35159d74ae3f1e4aa0d609847a58d9f8e8569c2735a7a9e69
train,4k,93327,b92ab73f91941cdee3fdbecf33d842f84dd825b0b5867e433941786e36378fa7
train,8k,75475,894ef9e0a8ce7a7eaa616e0617e5b852db56ab2a246fd7650f64d7871925b57b
train,4k,98513,489fbba9075f2b41ac50406e2c94c550b332c2acf48123ebb76ddea5aae8d69f
train,8k,180036,4b284d0def274bf14bc0923407ab4f23646904ae840c87461ad678e377fbf567
train,4k,107761,27ba96b149a91662155bc3bc91e0ac39f40aecca6af9e2bf73cb6d0332a91f94
train,4k,184204,98fee261a154424201f09442d8e082a64250b18cfc3b0fc8b8c5d25ecf376c2a
train,4k,29849,b9ed8d2c03ca917f27375f023041148e5620cf4c4a9269ca5867d3214e89d3a7
train,4k,184166,9579540f0779a09c8824edd122ac6bdab44f18fbc84f60ef518a818bebaa78b7
train,4k,41155,6c8632fa9267f9938ba3a1349c9e9c2c103423c476cf1812b8b8a201f4591c07
train,4k,145988,4ad40eed5cc71b038da0608700a64168c89736eb3c7e88fc542ff17a551986d8
train,4k,123480,326b0466b61b83ce3f35512175276f78c383bbfce127d03b7612d016aac5ea65
train,4k,141821,0710b5198e42f3c98bc22e42e70d84c7649c055c067991e73dfdd67e0ce91a75
train,8k,8874,3e47d318998dff54918f0d83917dbc912e82d8eaf7d73a77d772cc17d6043f39
train,4k,70280,b080228578db9d7d1b4cbffdbf81978f5caa01e3e4426322be7fc9ff89584f1a
train,8k,24618,d9ceeeaf833e4a5f44abf2c9dc7bf5ebcd1f1cf8f2cfe2d8822e1dd9683471c5
train,4k,182876,032e687a395d8bdd2efd0d9c3d8d450a3db25126c81c8ae40981c9b7ace2eef6
train,4k,48892,451fb7e0c8ec52cec7d6fe87189736c48feab1a29050c8e4be5b86e1e253ca0d
train,8k,172957,93a74508d6fe1b9c0a72275878b10dd3a4ef3a849da5f52fffd6ecf3f1a6c13c
train,4k,107049,858f0fff0af3522ca9976c247e9b5f18fe18524afc7aa150a8299f6451251051
train,8k,107984,bef5f38b58229d48673334801346c4ee6d98290d670fb8c5315664ae3fe8e6a7
train,4k,68985,ce4f4ad2108fbb0ed9ff1d3aa60b046673db41360462add23560ba61ba221501
train,4k,43659,838df5d8b8f82d972ec7856431b5dcaaadf0a4e38d7b5729bc306d83fe369de7
train,4k,44705,7083a331863fa57023075fabdfc4d096cfaf4ea33c374d387239aee25e253bb4
train,4k,41046,e9270b9b04e83667c83868ce66369808273a18ec2589462a74b0435858c70af7
train,4k,11286,5615d4f9ee37ef02b4627d1aae10ac040d4d124d805adf1889516c7deb855d55
train,4k,3350,3cabecde80c3c0c413631184c25c19017cd65c3e4db762215382956cd561ade0
train,4k,52200,a0e528c15afdf6ac55830b8ddc79b46e22f05751bbd8a89e4190c26b51b1300e
train,8k,30450,c5bc37873fc145187b203a66fd41281b76222443819af55ea01d9f4d26ce85b4
train,8k,8768,b80bf2a1e3d1cc7464acb899b50637614c21e2751a02245622d5425de48cd4bb
train,8k,48401,f07e2ecec7dc2735a80b3bb394be658f78b72da17a5304e1648fed03641af85b
train,8k,85774,221c84f6de4789ba3bdce835866837d1a7a0bde49254ddaadfa266e09b8b4bb2
train,8k,140515,7c430928e4fed745b56db08ea3cf8131b5e29e8def242cf2b4de002cebca28ae
train,4k,128628,5a8b9856f1ca718d68aaeb2796f86ace3a7be7dc41a49d8f902c9d9ffe1280ad
train,8k,51354,e125226256abd19b4b33fcfd766c68284a9dc66a2756e8fc498b9893fd7dd3c3
train,8k,15381,2cabf1c2222e3e69eba772f51d47658678a3890659802efe70ebba6f16049fb2
train,8k,103138,e02eb67b727c157a9d7fb6263f53418994734109b38cf3cd7fca8267b4dcbaf2
train,4k,144308,87912fedfda71c519163c8260a4866adb2eda93cbd8b67663de75d56b9c9576d
train,4k,70390,4095db54407e788797be12ef801a3c71d355e149f191baa5f2a1563fde5f23c8
train,8k,136594,c1a0a8e6dfe691e813525b86ae4e296a6bece24c5eebe11200e2b6ce14890dd1
train,8k,169053,821851aa3406619bbc999c0980c16131d5ee6c91f13152f7c275373813b38fd8
train,8k,129654,adb9307a07e033e168d56bdd153851afedace102ac37f0a98485f9b188a411bb
train,8k,1142,4cca67592d86bd404c51ac08ee0bdb7133531e1caf7e4154528a75dcdd8f8add
train,4k,161905,6169305f6eac2ee18414e9e61954385188bf27f572aaa17d551525e3c5c3e077
train,4k,93709,7dc31904c05e9f45f003dcdaa53fb1e1d4bc6e86d7522267695287958c039f63
train,4k,118133,c37b173186ae343bea505647ef6406d55544c1586b9c1e1843103521954007a0
train,4k,133967,7708639b06f7e6ba76c44b5d51c840833a573eb74aa0d0babff751c80ff31297
train,4k,13556,2b7268d677278b7e1c8c6c68b8c0ad598fb241e29d9767fe08d564a4cff1f076
train,4k,26439,64ba983df5a84d0e502d03badd0fc8821e370a55ddb498d524393f60b44c05b2
train,4k,184629,50ac835c6e07b0f58380e834024d3dbbb97d99eb48b64f2320de2896f47c8bb5
train,4k,157216,0c4769e1a2e0a6e6ec50f5b9dfd9fbf57a4c9c5a451eeee0ef7371895357cb8a
train,4k,138945,b1881f22ecb4372a0c37fcd6bf3008df5a7bc79bf3c79b847f142e43a1f68003
train,4k,115549,3ba49ce61988ac44f580da7f4afb39241a31ca0d91535e53b2c9bbdbd38a2779
train,8k,30586,17a3ce65d12b9288c2e37f6d63d3129c1d3ad89844cbe3c30b237deac49e95d5
train,4k,91929,504de0931bbc483b405b3938d187cfeafe0546fc65288a8bce304b56524da93a
train,4k,69743,641115e57cbace47f0c2140f49ec0ef35103c3a7de21b9606d0453f20f6629d3
train,8k,115077,f6bb5ba0d7ea4375b7f751199edcdf8ab7c93660801dc261915ad2a1e40abdc1
train,4k,120033,b73f0e3d3cbaf82a2b331486b552c8806d3e23d26c9497aaa54075a91535447f
train,4k,62198,f0d366d6b4ce90e57ac77e8298f425ebb2e3ab05587b4c99ae4d50484c320759
train,4k,147491,5841beba57e63d356a9b8c335d408fa3422e75eb82f438641f06961da3303d39
train,8k,100381,154cdcbec4d05572395b719947dc322a4fd591fc065dbbec03be9e0b5d6edc60
train,8k,95744,2262ea4b2435e7b37defd6df1e60b5b44eed3ca9a7b0818a429b5b2bb505ee68
train,4k,134036,f32f46fe2393b5be9cdf117489686088cafdf1665f84d2b2a8ffa66f0e12d20b
train,4k,172941,a8002a27d56813eeed0a73334a974369558a81c4fc4fb5520bf386349739a8a7
train,4k,134701,4f7526f9a40cf47cee6b6376913e0943fac546329f236a239d5c81ac6f0f351b
train,8k,105943,12f1fec717a27d86210b16c1eff5cba96380259bb2a2259d6c3c1e4a6f95fcae
train,8k,87760,39e6aa4b112fecbd836cc0b1cd556e578194ff7b6f8b3f9242189b992e4aa055
train,4k,135211,d3a54d25211e2aadceb580b47532312b184bcbd6730dba4c48babc39806efbed
train,8k,79252,da3a451653dedc446b2aaf950af4939679957551853a2770c361e51799940036
train,8k,13962,17b751459d3e2aa40bddcc97d09e10930f3f3b73c1ca0b92f8aa9199e5e2e70c
train,4k,129719,0d221ce90dd5a4cb27838e3f6ccad17b85085e573f44bdac6bad50102cdb5e8e
train,8k,79742,1d1d7ee5c997f31d8b3694866b64b86740635a8fe067f0dbb8179ab8fdfc8846
train,8k,38813,1c41cf6128ebc27b2b83c187ceb342e18973e45ec38110b1cae8deec3b8255dc
train,8k,71589,e6b07ef6bd6bae6564b644594a7758794ede1df87929bafa14ac77c90352a767
train,4k,128307,006e9aa35e80efe9f272ab4e0c672afbbc173d967b6fe1b90b9cccfe9566a50d
train,4k,123954,ac7b752554759b22d3ee470a470e0793ddbb1d2799319cd71221b52ad27184f4
train,8k,139478,be68cd98a3af724f4b2453ca36d46c96e5a9a5968a660aeaa0038c7e1802edd3
train,8k,121972,9f9bf1bc8992f4b0f6ffaa60f0cc5aa3f48486d0dca39c3a52b0cec4f9c0f8f2
train,8k,52501,11ce3ffba60f23c078633b158c2f011583135945c5ea7c6ef3374172e3c933f3
train,4k,15748,c4073e1f18294be74566af3670c64b558e1bba769241827aa51ba23db7891d62
train,8k,47271,13ce947040788ad5569fa65bbb493b45ae1063588f9bbc956ea32cfe3bb84649
train,4k,49883,196ce122af4facc1fd9fff6fbceff2224ee55fcffe0e355f33ae5da7355b19b5
train,8k,152802,f8606b3d190258dbdea1e468073769065b3729697c158e30a412e1d6dfa12bda
train,8k,110990,1036921896f03e59e12ae4dcc40b1c4e7361a72e7f75a802050f95e169ed3550
train,8k,50333,c525915e1759ea6157c119ca156012ec674863e16a4569182b7f814ee8f2ab9a
train,8k,107425,c1c540db89884f5d45057beddcd5e422d197fadea0295837171de6cec6223667
train,8k,19096,9e3cf094dfc7220da82675866880b74ae46d7db11246bf575514d0e7590a01ba
train,4k,8778,32f4a08f11e0c31090bdfef457a4226d859d43eb059b9e287fbdb7b612ca4681
train,4k,11547,e46ce939ddca2ef50cf8cfab41f3d4ef0aac92b7532a9393bb6534c73c1c4310
train,4k,60189,c5b96054dbdbc2c48df4ff03520c896ce3bbc122a2bceea7dda59cc31ef58c3a
train,4k,11229,20fff35f986cbfd75431c0f063b40a7d632f19abbab211cab7ba10515896edd3
train,8k,60249,406ab7881876652bd73d43b0a0fde31f8085205fe99ce8042b52bcb6e43c6d0e
train,8k,126505,625622f7c1223965ecafd2d1853d20f03807d34ad4a4b27df6603927d4784011
train,8k,42812,a791499d1f4f99d70262f8918109b92fe708e247851344cd6c4cbd9e0034e5b1
train,4k,86691,fb480530a9f0704cf8f7a837af4375af58557d8fca85d355de5b1ad4f82d61fc
train,4k,162449,dc02bd4e031ed2ba39cbb3234dfc73c4cae1f9ea968f76fd0d5ec79eb8ac8b24
train,8k,83584,b61be9e77fd65d770540375c8bd376d9bd897e05b764e6255570dce55ead9333
train,4k,29810,a3da4d8c2d060f5075af8c89a812000905992982aa82533e1ac0217aaca687fa
train,8k,92114,c9edc0d09a25b553c53e32aa083dbad000882fa1c8a11648e29200cd25758b1f
train,4k,113431,a7fdf8e5c2c8eecf1ba629e8da4c4f2a47be7e6910d809e16a9334ede9de00f0
train,4k,68345,24830ec2f81ae3f341b6a11eb3d3bdd892946902b18e5fb532f7cf29015a3553
train,8k,110767,0ffa9b7d1ef0b9c8d6c0c58a6e767ecdb7bb2e845ced0fcf6fcdbeee572ead2a
train,8k,56174,a7324b702a4650a4f11f6abb7ccf5406771f43ebf33e44454f84eb5af2d4d1b7
train,8k,5990,bcecc4aabca3dfa249666a5e78b3f7721be9345af0e2d10995cb7622ec4eff3b
train,4k,86284,4e4e9fed3953536ef15e0bbf8ddc06cfabd71c07ea5918c27862f3accf20203a
train,8k,4661,3d81f2a90315e1d26f3afbf2d5658ebdb692bc9104a6c9bc6c6ecefe8f60ffed
train,8k,42074,1063eab383615d8db629de4cce2bc4c674441376e3c8f65e301c126cf09a90ff
train,4k,107599,19c3417c8fa9bee5b50b8e134b07e5d07ce5c7a7a5aa4170ed54baa8f236b9bc
train,8k,135157,8356b199ed9a11296ca0356de6fb966770232b9198251f540849c493cba25aaa
train,4k,61700,8946a4ca63d9c67007094c7bccd1b5da85a93028c9d6cacff240f2b53b1982cb
train,4k,46079,85bb9da995443f354963e938defa4302243c44af81dab7af1d508f6b0a9b0843
train,8k,138085,a09cfb4cba2430a7f97fc1bc6bbf255d61e3f21f301310d27ea1511cb15be1e1
train,4k,141888,516af1796667db82cde3b5687ad63c26ba207851c7b5894dd4242ae47905d41f
train,4k,19596,e04fa8a877961a7eb0a402db5aabfed6cb8ce49bcda2be37b1eb0aa4cf99b8b7
train,8k,5562,e6574c62d12e2167f7692c239edb32abf880aba2ff17e1591a7bce880425addc
train,4k,99116,25ab48d6a7ba78e85b6ba886aa41b6084589dacd38586607aaf70d2ec7fd6aaa
train,8k,158561,167e5523e940b9ebaa1e1a84d14ded99258b97c0658e9328cd9a6c5db3b268b9
train,4k,49160,ccbc6177b0a66ab27f3bcb6ee3ba72bf30472659fa6506e267b18eccdbcd469f
train,4k,72097,477d6db76562513eccc20b64442a140f8317873ef28336b77ece35b2da1922ec
train,8k,117299,f2481b1d0aa0a2447807bdf69137ec59496df6a1deeb58088093ffe6eb42ad3f
train,4k,60711,db03889fd24bf67c4ca94afffc22e9c48cda174fc4c253850d065b873e70a09b
train,4k,130429,f4e059dfa2cfc2e7c639bd186ad3b11830948fbd4915886444fb2d47488d94d7
train,4k,12040,6a5a5f26b6d92fc5cb752ad0a96edcaeece600970bf4cd7cce34b4bf69f9e641
train,4k,113634,3f6f946ab28faa55927d335b30ececca2e252ed4935445730823e2982a89ab16
train,8k,103406,df5984bd4932349ee1d83eb007c25d6d37c44b028879d2af1b6f678095dad32e
train,8k,69121,cff706228171d49a84898109b9044b158457e23649c04ea608d26171dbbb7e29
train,4k,23620,9986f201033f82c4b490b64f2509f362687ab7eb05f89b5e586e0cf1317943be
train,4k,44687,ff6eafbb4892a4122f30405708ff74ca5c2d4dbca7c1792ebc3d29d34a48ace4
train,8k,155431,119e8b442c415664abc6e181c0a438c6937145a4721acf49ce82450822dfba21
train,8k,135668,1ffd310b8c670d41f12aaf011fd39c22a03812241932378ea4262774c602de7a
train,4k,176803,36ec858bf5b0da533cd4b0d70c31ee69188b814365f7056f684fd1785c47df8a
train,8k,160425,17ea2cdae87f9e05d968e7545130489de71444acf8c885c25a5035adced07df7
train,4k,125451,6b8ae6e49715bfd685b731f737dab26147166248aaee0135ba4dd10cc38e6012
train,4k,130338,56a3573fcb56aa43a13e2c7c6f27564dae53694ee08644a94243c320a6ae50ee
train,4k,71073,2f44b5f671b820d95f01c68a9c9f3c9970ddd9dc68b4942bdbdc2e4ba98b54ad
train,8k,174833,a01363ba721ef043196f846e0703570893ea6acc98f6cc43630453cfab5e5435
train,8k,118489,7b86b032e538c195a864947f00e1eb1e6d573edb5d43799240870457776449a8
train,4k,108097,29de0752effef9b693971e0c203829c6a4f42ab095a55da4884b328c36680d2f
train,8k,137708,c0733d0722863f77549c5117e77dbf5a67c12a85f7756ed049361518d872eddf
train,4k,116370,a53519e312f8359d39dd672fbb8b16ba23dba0e311902a9a1a4539f6e6d73dcb
train,4k,173366,3f44430647783aeb3744f6f2cd03b97d54c12309d79cde567d3e14d8a86f46ce
train,8k,173371,a27e27fa51565a3e5b7b9d0c00e042647f77a334487fbcd7d9e0251e8ca5c521
train,8k,174541,789eca13946aa18493f6db98a6c110d8fc1210e3b96a4ff284121f798ae97e12
train,4k,128129,f72e4ff0e269211c56a9319a9e9075692b330d26912ddf8edfaa4000f2f0a218
train,8k,54891,4d8361ade42360a43b96490cb37074ed5d6f01a6821f9341c234320e9e4adab1
train,4k,97667,09554c3fd689dc553de0522ec3d706ca6564534fda096731f9b92cc9f364dfe4
train,8k,97417,a4b81140b7ed959b9a2766fdcf4e998249a9c1d03189302c6689064ca7adc8ef
train,4k,171852,851d4eadddc0474a0a867f142a116d9432dbb4c4aae6acb1c7ed72f1e6e93ea8
train,8k,26265,98e8e36ee2d3282e58ef3a7bd78ef39197e6a3b94d295f90372e56350646e855
train,8k,107662,72c9af45ab03660cbe8b3eea6eb4c2319bff2a5e84bc2a07d806bdbcbd8d3182
train,4k,155095,6d49bed8e4ddf81f353dc46956efbf9eb1bc2b77e95f4113485fa9f137785172
train,8k,92757,5f917dc4746f0bb72753a409801fecf0b7d63528d8360a3d3319ea66f12aa41e
train,4k,54250,df1205712ac637f22970df9dd3affc5fa85186072efba3801fc342fd0b242607
train,8k,167658,0300880b53eaf82ff638bc6e8e773ff2393b784035c2ed8277ed33830a3af5a1
train,8k,133060,4829177e22760b5470d438b03e02f2af9d52bb1be54d18d693d69e1c99b7e433
train,4k,68910,c6c46792bba4a10b0933273fc02915b090b485dd5bea2958323f01d21044e947
train,4k,185402,6d962330173fed2c95eeba7698ae4e9fc40490a92b599d4a26960c644632290d
train,4k,1243,cbdf994557b09a272d650775d1d0c883dbbc81fb98cc8f18ef49476804a6dbe6
train,8k,114294,1e3fc59732d3534aff9c92b7baaf1e90e1579f2bd458fd9811739aca6186fb7b
train,4k,105738,6c778afb5464f8af93e0f19f98dde407f2d7bc1722fb39f23ed4c9f4f9fa5455
train,4k,125963,869d0cc8d5767a443e1f80c8a92eca11938534084c36daefb8e70155ee14be19
train,8k,34613,31826514fb1a8707acbda5518b2936f675ba9b9eb66b4d9330415e7e0d7cccd2
train,4k,115930,e7cd68a32b49c6a373864011b09f465a5211ef8dd9662d1bb865a30312d8ceda
train,4k,24085,045efd1cc15c03630dbd7d55e04fda3140a434174f6bd5e9fed1edf65e086a37
train,4k,44719,bc7643454652ca5549d81a6d6f261856ec958b9a018d612475ec51d41b0d618e
train,8k,62002,002674cbc71ca64042569810e904fdea64c9e9de3726ea1cec6782bdcb0ba53b
train,4k,252,bb287ae5a4521f28f2c37768df9c6d4d7f985d2babe45209bbc4c08a09a99512
train,8k,159635,ffc342462b6556ac6f945648343ee47f4fc207bfde8f2718026d826aa5f7b19b
train,8k,5408,3d07f072880f49de7531021d44954ac601c259844104b71f452cab47c5b6b4eb
train,8k,71152,95adf12fbae4e7d703ddb6828eca1a90809ea70b43267a912b1f188ccd2530b7
train,8k,132322,72dea6e6005468e2fbc2dc48950ca8fed7931f8d574899c186f0ef7d93b63c36
train,8k,144850,7ee284d79a03dbab58f733b4ee29403109534e89990f932e833f796b59f34da5
train,4k,72698,f6b74fbfbcb625c416ff1142c72795981ea775a900f6880659547048768f3103
train,8k,109892,05687e4f3480a0f59240b61e3f0a742f5d3067b21f462a8a3db2ce9840899401
train,4k,164861,80ad4d433562b48351dab8308b9ae5161c8a11b827b2a76f5e36ab186a22e1a2
train,8k,42000,eee67131f2eb7aaa1d4f596bb4a113f8b0507b0a8f949c5b2314869bd510d7d4
train,8k,92181,aa39967537eec8a66de53e6956ef877bae44eefdd5113a2d31e35efe60cf80f6
train,8k,17739,4265a383390e6a55b91b8fa82a75c8641e2c6f829ab116c21176e259f6e58f04
train,4k,131731,ea3f2af3898f3886d9ece0303bcb444ad5d94300714d581c1d6d57ee4e72a484
train,8k,169898,fd130d0d1feff7cb95956c85116f0cc44cda539fa4c768f309efdefb52a72a22
train,4k,133783,4d78b0deaf2f407af3307e2eea40a8cb19d0b8738a4253e6c97311cff060d5a3
train,4k,58993,3a654f24d94862a280de1bb4a0308e8c361d99eee3c7ef6bb0298c5a4b617cc9
train,4k,81957,0d59d96011974f594262242d40f6739b2c0df0a5e7d48ffbb14071a722f66e65
train,8k,105001,66cd6a10439b66e436c677d9f80eb17f79fd4ea6223e7aa00d676f1800a23bed
train,8k,80735,cf717ccf77cbf4f6cb7c9a90a0ac0d883f3397e0f581eba3e5fdbc0378e15f11
train,4k,19370,c5f9ee2b3ca5c3939a4e9d305fa1393ba607ea5f3b85f63bce4da03211e9dd4c
train,4k,60520,a3d6a486f1a7bf2e7992462e4835c2de1cef7ec6985d3fbdbd32aac032c36a3c
train,4k,98462,4dccc8e7566d4c77e275781b692b5b3a1a51d4cef46c0129f8285510f716f7a7
train,4k,8786,143d72a78d37af610461b28abb9b53d2116b2eb2c0334da63dec5ec24aa6e894
train,8k,9305,4f4d678398ff012708a475d4c3faeb2b79e4aa7f45016f64f4fc6ee93a88c784
train,4k,168612,728a8a121832eed30f1ed0a6a673a9ac0197e3d6f14f3ad9c08d656a0a784cfd
train,8k,10797,6b1c57f39b518a206132c9fbe6b17c9bc373e5a8f7c192a4e21df82fcb3cb39e
train,4k,142914,3ec1d05b746a72ebb6878100d4ff791a2fd9235f3b55f1e4a3bfa1161b5eab3a
train,4k,94818,e4766cf5f014f3417ea4c772a97f523e9fb47dd7471cb3f7473ca20739deffae
train,4k,192398,0f2a0c7c064e8114cfa9b6c02e1cb9173f5f2e36fc74ae683702b12985f80fe2
train,8k,159612,0020ccdecfbc5746984c966971e20cb330fb99f237f2e506e0eb50781c6c4d90
train,4k,174019,39aba426b4b9b660f591bb6b5156bfde03ca4ecda5ddaaa8569f6678321d0e1b
train,8k,70277,98259b4dc34b567d894a73b27ea96ca6dd32bf385c2e8a42a84e6be45458122a
train,8k,21166,d5333621d3a61a386c9021dc437410df9c34f788c0b510123fb2ee6ec1155f02
train,8k,109456,9bca6c9375991ea6e48624b4da1a258a7f84d2cd35e3f36707c9646fd162d716
train,4k,7725,3ece0b551e6acdf0b8040d7f36aaca88c5c076ddecddb2604a766ae39b21e7e8
train,4k,9852,dfdc70044e9d1ed7f539bc9b8f65d4015a194796763e4d69015b08f11dc018cf
train,4k,161971,13e0bd55ac370c42b7553b441e91bc0302a7f992254820340321af1e307e5ba6
train,8k,61498,848523c478ed33bd4210f93d6244ee4f7e3cb0a92f4e6ea0f555a192ff670bb6
train,4k,85019,f88b96094af515ee75b1d222cd273351f46cd01ee906990c373cb816df7a02e7
train,4k,93034,ac96c677b2b51876fde59430f8c1c3fba869ff5cf7ddb3c16bb80d24ee7fa43d
train,8k,18223,67dd11855aae43b2c433fa5b4204b8e78c4e9623eda81eec67b8ebd1a1a91fcd
train,8k,128534,d127a9ecd56af6df2f11ab6fcb8d10d5ef0e37febf0e01cd0771d53383ba0a84
train,4k,184218,d20a67435b186666f1a662e6881357af2afb556f40d2a969b290819bf7192c27
train,8k,163263,ff258023f83844efc1dfb80fe27e6b89373fe04a59fcbae88d91c7745b89792c
train,4k,149165,93ca44adf1131b5b86785ee6dd22ebb914bd50036650bd12e5f9c3c57d68e8ed
train,8k,144914,e9c57ada4de0c959159425443eaad0521035a936013ebd527e1eb99563cb2380
train,8k,71343,cbe7316ebe517b8cd6540569280931a12c3d1e8b1c1507f6f67abc91238989e5
train,8k,3843,798ff99e29bfd08e3e6bfe8f507caad1795dd7b685467f5269307b40ee6e9a1c
train,4k,20750,5b91b2f62994ae8d892cec3db88e3414645ec75a3ff43746ae92d36faf39fcc9
train,8k,32480,0a41f00bf7c18614b9132e3f639a9ead47a6bb7f1d5b7f1259ff9b595eed6d28
train,8k,128824,3bf46cb06238db1f20193e92f8e5d6673850c6ec26acbbe836fc1cdd4eead90a
train,8k,179056,da2d8fef567682e1ad3486937c82f5ef25fa2d13fcc5bf18188be5ef46c50489
train,4k,148425,5e89e3b361d4481ec71b0704d874aa2699cdcb1c18ce09073cab0c3ba94933a8
train,8k,28871,a8e8ca3426f4a155ae830acf8feef2b09d7f6a8bc61c562e1d30a51d24f9c22d
train,4k,95394,bff2aae3062cdce8789498fdfadf569deffaf80bd38660b432ecce37d7d67920
train,4k,10448,addb279f80ae46cc59249a383a344f3930c077d336a12e685ae3a26f378966ed
train,4k,8370,ced4b0691d120789730b083160c177d03f2b6ac177abde555d43354ebfcdd8ae
train,8k,66881,bb62a3e547135ee1b553aeab5d8c14ce1dacd873bddd34a8642c23096182cbd3
train,4k,120874,a7f588ae901c7c6ee4bd6127037b81ca325579b4e805aaee12eb889deb7898a9
train,4k,153465,c839e07f8d003f48847578a719be13f3bfb3fb6375bda042b39dacc4656c922a
train,8k,135513,e3b4a7065c119c6a787cbfd822b68883965684aed055f5ba80bca7814dc49767
train,4k,47735,f555b8d3ebba7db5105f124ac48aafcd8d3cdc703ccbc34c2af63b7eb1a7047e
train,4k,23750,48027fe65d3ab5028b574ee66359d9a188ecba60b0e86fd6d65e50dcf8bad361
train,8k,33927,92847adc1795a9954828130071c018f1d37b0fbba1817dc31a172dd6a64a4e7f
train,4k,72619,42a6135a7d0b3d44c25534b97d0963a8d592ec19a0080536955fda850ac2310e
train,8k,126970,9e80cbac1a033d16b3db06adae25fc48eeb55836bc99f37cdf46b323341cb1c8
train,8k,87086,f5360255e983b2267027c700769bfd2ff732a8d8825d4db7b226c2909bea779e
train,8k,100996,bff6c9a1ceab5e86ad7be497dd82f0c08685c583f42dac565a01546f9c72136a
train,8k,75759,e27710c718c96dc865dc46e82db43ca9b44acb9f34277a9e7f36db9d2895bd45
train,8k,115875,ad53ba0e5e93348cb289a6fe94222ef2e9085cc37cdc4ad59544c4c7b488cfcc
train,8k,127143,3edb7c6e2c0d914ce8415f747c8be3e4563a38fa1148e481e3810a7f2086a393
train,4k,9114,ece95b58c17e596375a639d720fad2864a2d5b9c019f72c81e55a7d4abcd55b3
train,8k,50374,b955b174845af99c83701b138b32c53f03e29c8cdfa33611f46dadd4ad30a714
train,8k,23872,af118b25eea078a22f25564de67a9379ec3dfe9fa941371a3c30f73e2525f5f5
train,8k,18151,cbcadb606d784df1bd31dd225b9ebcb5dc31256b85a274ae00bee207d36f8c54
train,4k,186794,ee1451ea6d309eb6449712af00477283b7e034ca59ed791d48f58ef3b2c8dc3f
train,4k,84140,1033b5b5b6c0db0f761993bcbcaa961bda3562684c0d6c5e81ad9b4769f42248
train,8k,66409,ae78e254b442766f5d6b4dbfd9192bc0d845d593efc94c420a8e68a9e37ff72d
train,4k,60601,4a6e980ec79ff5c3808619fa17384ba7f33ab052cdc7ee7bf76aaa3a3dda0c46
train,4k,153023,e1ea093a7c33979b4cd327e9ad3a0dd454227d396940f64eb27e833b8b3dca34
train,8k,42798,0d7a0e2661686d9de88a73f1eb20851408f4f63386a36fef7ece672359916221
train,4k,35929,44a24cf28a71587b52d3f3a6e0d61c968a166184df9df978f6026add7d690534
train,8k,35627,5aef0b6b6bc4410269265378a234b2fc6a259ad67b707512d06ef5e486acba5c
train,4k,160217,796ecfda0215ab303d606ce04d5ec861603588bb4e71a43d6c7d4f691d528186
train,4k,153372,5c77ae0da587fa6c265bfec068594814d15765ac4867124e76118768e3f37f9f
train,8k,1841,c51767fe64e8f9e88f9a5f21946f163ab90284ccd5be2c2073aa383e73c8d612
train,4k,31277,83cecd8473d8dc98e0cf4441c49668f9d08b9302aca402d5cb19ed9be84b6bd7
train,4k,157515,64180f6a0148305af972c2d46fd5d5d38d3590356d18f88c978e238dfd24bb04
train,4k,57250,3b650c54b28b07854fbf3027dda4af81f6aa182735d726f99a7049ee28847204
train,4k,100345,58ff8c7dfc26c9efba9c03462ba550f685ab3b57539234b16d78d7544c1b23fb
train,8k,26515,7883020b8546e4c743c645ada95c65c707af81206345fe1582a29a85a8eb3c85
train,4k,136978,f38ea9028e90efac619d332e50fd27afca19f8955a1147e3fcc62e6c3fb0b793
train,4k,672,8c58e51260e8fb4456670ea6d6c7d51cf9c57eaeed4864713f8ddde426908818
train,8k,89986,cd8667baffd56e06df2a69a6b8ccb79d59e5a43f2b243a7cf6db0fd5d93ecf59
train,4k,185544,c327a094b2b0d8812013d3f53c4a860bb451c4996757b1cdc5e48a17f827324b
train,8k,7678,670e599707d7b223643d67234b24c613e341e1b12385d9e2fa7fdfefabead26b
train,8k,165391,0533e02266df661388ea9e4fe4a2e4a709821851fba3c4b6adedd013b85472a2
train,8k,9988,9f0c69097d89b4c49ca3618c6d828664ef86e9db6872bf8ba5408b75dbea024e
train,4k,109350,2dfd0fab7ad0a82c2aeb20afdbc27e3a7c1c1fb4f54d883106b801dfce59e714
train,4k,68025,9bd259e4909c9575cdb6b262c295978379fb51524f9cb93ae42c44cb9c1078c2
train,4k,155496,badf829f43c716b2d4daddead5a188ec70100e44e4b594ec35dcb6d3c0ccb7a0
train,4k,157587,701f4c29c8a31ad9c865e6c07496844b1224c82cf2fc9cd73f63e4e3c761b225
train,8k,89768,21d95b389ceebf5145334efcdb067176b473b63042aa044d747a9c9a3f66d1a9
train,4k,127723,2c67cba4b0077bec58a224d4914563aee54754f470f70a92d99b1cd570274890
train,8k,50535,b4a7dfc06171ad250fc169182016af94d8d6e71c91c6b3c83b047e07f9586c04
train,8k,127895,0a3c0989be2e6728a969f799d74acefdf953401621280ae217048c0335af07f8
train,4k,188061,4a92a857894076bead52a9466887003ef3e442982287f79e02562f20596cbf64
train,4k,167404,027c714ac70d771482fa63e60f33ac8d53a888786ce5f4cd04d231d5414246d4
train,4k,82066,efe32c411b4e501d58a55ff3cc457dba9d7461f4678e4c8fd58685b3534d7d5c
train,8k,106934,a1ee09cd730cb3de621e689fa7b653e465254e555e99c9293f50ce571125cb62
train,8k,104064,df796e418090730023e6635f70bcdfaa22c4b3382c2a887bbab18d39da5acb7e
train,4k,114507,463e4355312ca8d9d528d6c2176fa81b005b06a33c3d139a2f894e5cd20c7d63
train,8k,170471,64589a40e59daec490ba5b739a8cabff9be18ea893e7cb1f48dcf75a2a075e92
train,8k,24730,03e21ae9001b219f66fb18133ce9209fc51f8da48e82f969f47606baf80f9bff
train,8k,107518,a72c6fd31713d7a0d6623a8e40dcb680c79d4c2989ba8eb0d928ae1195eb93de
train,4k,29731,91d49b9f5d10ff7e3edaaa776a1de8f242f3d35f5ed57d015f8273c763a0be8b
train,4k,170793,5e98bb0195049fdb546d4b4d3a9662901a79680231cb177afb2fde94fdb8645b
train,4k,166654,bfd79abf2db827a470769e8b7c08d0caba9447ce09fdda65cf6a38a962d52c2b
train,8k,63631,aa0dd4a9b8245e78c46fbdcfa844054fe108c38e3b0bf2c07e0707772a603b14
train,4k,639,0507ffe85232a34399819c2526b8c46a4da28fd4656240ddd0c0768c3e806489
train,8k,168141,bd46db2b9d1cce9621108314fb0b26e7cdeace0589349ef75e58914a8145b284
train,4k,3680,643aa983c7072609fc814ae02350f2d9d97d156284412403e7972a78d1e75323
train,8k,735,ea731abfa864dfbb2c117c2108ab258e5508bafba65645e3cdde8a83fc7a6990
train,8k,83714,056c8ca50863a493836d4de0b1a090765d179a74e69e4109939dc7da595e72f7
train,8k,49732,c45ead7b5bc7053001df8f373c6a6e826ae123d3ccef3d4a475b04455ef7472c
train,8k,113912,41ee7e0fc544b2779863977df400105874a09d9c922d1392892999d290f42d21
train,8k,140927,451f305823fb0699752d212b03dbc7c282dcfbfcbf6c076d09ac36509e168366
train,4k,181103,cea6d5bb18df464e3393d76398f663a332fade724de5a88fe9d049862299a2a7
train,8k,126435,69111577723c6a8f58fccf6cb71b846e3f0af14c6b15145ead58ad5faf2ce722
train,4k,130663,bd6ed2d74055024538649d588979a5a9b7fe8b8a41704fa7002dbd969ee94f63
train,4k,100321,65fa9f83c70334304da1fab45784f49cde7535679946a13779fc3ef069ec8e66
train,4k,52613,35798a269c1349f2ffdb648838123d5ffde3f9af4b3a1db51c1a7b4a1c9af739
train,4k,142400,d80a66980c36757fc96d90d85c7013bac65550065592149340363c4c2a46c826
train,4k,104201,fd9f94b24510d727dc777ef4b45da34f46009aa68bdfae4bf06c6998c7280dfb
train,8k,115140,8cc40f20e5ef16975701b455730686ad240e3ddf538c46d7fb9852ac3b21cae0
train,8k,22349,b70f4b4202bbb603788f29e0b202e1dfa3564490ca2c9c1abc21d7a95a50cccf
train,8k,53586,575d849de00d34fbcc0624b0d7604b192ccab1ec4e4a5909834cbdb62b8707b7
train,4k,64357,63fae09a225863f5d37427f06f8bdcaf568eb1e0cbd79277297884faa0ceca1e
train,4k,31193,6f39e777a9539fc2556ce7b5da0c133962aed7d23d0bf49e8a7c903ece60dc8f
train,8k,109039,d6095a2cfcd44c2de394a4cdf7501894c1549f27b93215721744f872a3ab038b
train,4k,126852,7d08899b7c6e08f2008c10c2a863aad18d14597f762935e6f03e853b3062d1bd
train,8k,83617,3eb0880b096b5c28b1f9ae95bb08fb8a267c28df6d403f0034c4a5b7ddc90202
train,4k,127874,be1a64d4249274f3584dc2f45ffc7accb5003d9b0ced7b5e1b6bcd1317a9c8b8
train,8k,153120,8ddc73135a8b9546fd58c88c055a78edef2063b27e618344c49ef65504945919
train,4k,118842,ccfbe194a83c553dccaf2be158aa138ae25dd0b8f5dff39ef1d06bfbf08f85cd
train,8k,175775,e272642a6f0c3a3774b3462dcdb441f47d50e7fb7eabcd6b06235265bd803d32
train,8k,119558,9d9243ecce88f1a96012e181f9ba9701519e1808db9f4288bb43b36748a7c77c
train,4k,42747,faa31bc237b6be79dfe73c3d6c541ed9d9151a271459ea7e61cad68b63f528d4
train,4k,189911,10fe60ea4a35fd15d93198c8318cb1a61e989b43c24ec99762eaadba1c8cc5bd
train,4k,126175,80d2ada3733f36d84f5691147be937f1e1a393db9c0ea50c475e5985006c7f06
train,4k,94871,4b4d1dba08f07d7c266c61cf8bcd87f5e66caf773258376775574c1bcea1fc1d
train,8k,33573,0061e9e4944dfa0ffab6079e458d13e37e6448921fdd11c4ecd42c986eb4d4e0
train,4k,112041,8667be1fecd359be04aa13e0f3e3b52272ae8229b4031c9c70d5200d63a32277
train,8k,42431,3bbeda4b5e53de7b9fe474905e0394522cd6a7b87f8fa0f0c9c6146c94a28609
train,4k,15205,3749f68859515c0a87fc5a2b07a6cd5dc548b2bd786a89c2502d41b27a3c5960
train,8k,9624,8fdc05b38fd8133ec75e651a50ecf6c55f5a695caacbc111aa9dabc43b45211b
train,4k,159199,abbbc9a2e42ea107c30e159e123b0c205d4b14d69ddd6d47c63fb7c392539af8
train,4k,69111,72ab20d1359ba476f9d71538c17b643fd4c5cc9ec7edb6fa3e795fe14d1c4cb9
train,8k,100655,fffcac33a19d0638df7ea299a78b49ca5febf56ca7909258b8332add924117db
train,8k,53366,53e9a37e046611affea79f0c3bf73d4f639b830a352e691c6600fda9c5b444c9
train,8k,46983,9831104b7a1a549322d42627cd1411893779d2a511e58e3f5038c5647c06582d
train,8k,33511,99c15d602c871becb7e17d6fa2f0422b973ec07902a21e84b8cef518f6d002b8
train,4k,17388,fb3c7b45d4a762c66d28af75a4edfffa5c11f5078b9948c4a5f18631489dc8b1
train,8k,5583,637814a95065b6ecd623a3fb7e5840cb711911790219bd8fb235cd23f9760cb1
train,8k,4851,cd7afd21125ba267a0de2da807354c0473203e0d70035c298aa79f0a46cf5332
train,4k,46398,c0573f913537b4c344883634c07d4a1daf06969fb184d074666a4f8100640ab5
train,4k,31843,1ddafaf77fb80431f28735336fdaf3af7efc3cab824943559383fa52d83e4d5e
train,8k,93038,f2c0001f85221e6ec77622170c893a8e8f884a8e3e67188969f7d3d3f9a0a728
train,8k,49180,c383c885affca421f7ac01c96f527df36c4e99163119285be34bd0257a1321c2
train,8k,106608,fcf8ab7a41b92906241b350d3c8c5d3c508e411a7f8f8e31336a74578a87ff3c
train,8k,112723,4a059a388445b0e18676e1c8186c0a1dea0d367445f26a40fd87c86655c766d3
train,4k,15659,dc15cac31a9b2e3d61b67765102f3adb90ca259a524ed172bb590c7e00b3b72f
train,4k,155997,fac98ff6a76e87e85922698b1d6e882241b1ec6c62ded1819bef1c8965bb2c3d
train,4k,75338,e7cbef501ff348d090a3bcbe8152ca6c70b4a2ee65904fb1560f0516ffa91930
train,8k,25749,b6ab6cbd359f178788fe20573c9431f3f23a16ecd5a1c6947fd44cef764400db
train,8k,166607,1c737529fb0667da01fc3c6f637f0e93953637df58e39f346cb7952e2c0a9d00
train,4k,176707,b37e25d598b443f538293535eba853dd7eccc74007f49458b8a2d7352d9313aa
train,4k,154570,29c2ac51284e383df815ddb599b765d6410007e7202aa95b0434436b54914c65
train,8k,142374,8b1509037a089206b0ce672d098e9e3dbfc750b1663586560841abfb3a5f9dc9
train,4k,79497,83812753639abaf61b0bb1c0f2adb8dfb38788c5bda2658437569f95a3dc94ea
train,8k,85863,bc58f34846fc00e507f10cc753209091e32fa605dec73f6d56c9e9f88b2d49c0
train,8k,24960,c57f9d884cf8d1d8418c4513f6f342ab41b8f6456b3b96ffe202104a8fc1d326
train,8k,45117,7784c2f56c18c07bb4c157690ef10d7b382a64fea715d7d7a95b430d2f1f4462
train,4k,132956,b2226e091c0135097f88d68012f63268b28e4b7147b26f52dc223cecd2f18038
train,4k,77794,76a2cd7aa61a1d7688863e93bc0497777438b45cf7abf80b03d97df2b9aa6509
train,4k,56375,1432e13d5a2a54f5923fd1fcf5127dcad6f973c4f77cd8b83dc8b1eaff60916c
train,4k,168842,24fc2432cb5944337c4cbf2bbc6919c08a0fdcfb03228e2b2a128c7b8c06c729
train,8k,57261,db8d30979815a837001cd06cb77ea79ae978194975073acfe1431a09f47444fe
train,8k,142543,0ad69aeb48ae11fba698885a258f04f6cbec69b8065702586beac1ddfb202ebc
train,4k,164298,459c7e4dd8126ccd6427d7e7690259955a8253eac73f1d49d898324d4210b5e0
train,8k,97628,e3a12164185d1f69ffe8d4e66dc76e4a3cfe7d26fa845765b0ec6a93685db99c
train,4k,26643,912eb2a374b1a486060bb5d68e9cf64dbbd78b92099fd69de45d6629edd9c5fc
train,4k,15019,65769652dc3ece0e221ac197738b0fa41401ee661ff71433611b201bacb62a7b
train,4k,63497,854b89435c8dc0a196d4485c03e74fd4c5a0a34268a090a954468973da5b65b9
train,4k,108381,9c9aa1d0f1abae540cd03d179c695968f2cca8d8503ff272f61c537f46455948
train,8k,143087,cd4090ceaa797ea6dbe8c2a46c37ccdf3474383b4a41b6e1acba22efcbe846d4
train,8k,53925,3974f170eaa920c73a5f76ed6ee9a2a43327cee4d0331b5fa9ad662b87148da2
train,8k,131675,c2435662de2ac72820036cf4905031d0287c9cc46efa17c670657667c2ec52fd
train,8k,10421,e1d659265413218443fc8015d034eb7abe5ca9661355af36778ffc924033d50b
train,4k,55107,de9ddf88e8fbe8ce2dba820c61e0246f8453fe8d738b86b0c3b86a510660b292
train,8k,174487,08dc9a173d6c0ab2b069a6e44985f2e2eb017dfaf471a79db240498f623e06c5
train,8k,128282,f0ebc2f8afc3de60861e91b7046dff44391e8182ada417e14b8004ca4e79b41a
train,8k,100249,f7c46fdf332620c44dbd9e6150229a466c9ee6b170883ff089967ea5b96fe5ba
train,4k,179823,c77d66019c67acd8f8ec4b7aec89592b675add2a8d2c25940d059f7cbba1229a
train,8k,56535,1d397e0aeacb2f2d96c13ea2361aca3d7842c75ba546b90c65ca7da7a82ade4b
train,4k,100001,0e4840e943c7173bcab6b1b282eaca404c7f5f8343141add10bde1efb53a9279
train,4k,191748,0f40798906038c79973d2de06afa722642d8abbd0b63b0e0bc50795f4f8d7e35
train,8k,106881,4322466b70af242e29084f9134010e81cec081dd1942422cb57c86ed54ea18fe
train,4k,117898,3bb2400929389533b61530516658c6005d3d8e06eda2d64c95aac3c4c6d53f1d
train,4k,146266,bac9875ca299b35beef873baa341e7f1e3df350325adeae46a6dc4fe9211940e
train,4k,68049,dcaa0379ef5ce9ae7d0ac18842755a0d00369dcb6d1bec3ad50c7f204c90e324
train,4k,130897,87e1d6993ee5c5576907ae9c85768607696c7ace8d89571877cffbe7eafa1ac8
train,4k,32997,2ef09d9634fa67d26ea54ba76c42c7ec593fcdbdbcbaf5d95d352aaa9f012111
train,8k,126745,fef43f25315373023aed3032a4dd4788bc2e69a7eb3d880e3197e78995d51bc8
train,4k,140205,204a1ffb346d2d70c1af7557cad8330d6d3b294011c1cb71c85e4c37f4a0b4fd
train,8k,31159,ca4f1b30fc648405b556d847a2201d22bc2c685a806f441faf2d128c4f6c8e06
train,8k,26661,af711f488cca715ed7477ef5d082a90c72eac3a9107cf8e0a6918c8ededcb61b
train,4k,80340,6536814fc656be216830d8a6362b5f939477654b0fd4a86f3284a68afc9a6e84
train,8k,146713,9f3a26059c50b4bc6abb1549f6bedfe5ed2ee4e576fd0fbec902a9ba4785518f
train,8k,47573,4e3f8d2e9f5a109b6bc94a1f38e7a06c76ccc1f0976c3b642429c8f07e6a4841
train,8k,14274,fd27c111d733cd15fe254f2509cdfd9753b432afb3eeea87a0035b745734d1ba
train,8k,150686,2d0c9774df0c30bb75e27972cb935eb9a18f10774216846cebf4928f6ebdcbe3
train,4k,85820,04b2a54c7e894e316a2c279cf67987f61ddfb33a9b64922b9a03dcec4b9d2f7f
train,4k,109154,bce97b3e88e2a704f820a6f10d2cabdeff5ce8b51b9cb0664c240df7be1f1a0c
train,8k,171853,da1857c7ec7bf86122e17485f2957ebc24f65ef643af642b83ea775214826d5c
train,4k,16515,ccdfb8446181a230e9f3bc38734412e039cd13b94656e41f147e95936247b3c7
train,8k,132235,08307f4e6fd958c176fa33253a4ff033248725c3f8108a776147e3849dbb948b
train,8k,173729,bf618d19f6abf5824ae333b4abfefc705004dd522f3f757bbe713a8216d74627
train,4k,104883,27db1175448729ba84f334b9500804589d823be899296b036f5d18b273ac3377
train,4k,83991,e1d7d4f9cc1e4bf7563377f4698ac064e6d6e01c8923b49970983f3349700bd7
train,8k,153483,b5cb48f4747397c60267d4af667cc1d17dade8102c7eacad996e94751465bec9
train,8k,44819,7b35004624bdbad0c22729d48420c759c58ac331767111175a1bd8b12d84f7f9
train,4k,170888,214ddd65b5ca703fc925fd4eaa51a4a5ff753bcb071c2a917ed3251b50c2afcf
train,8k,165510,0348cea2c698b234828d88c1bb171746779611dfae0d153406d259750f84c1c0
train,4k,119909,d8ca7a5205c175efb7a377a2b51303ca413580956eba9ba392ece2bed559fe14
train,4k,157790,60af9fae356a40a4c5e85995be62c64a4fa07a1dc4c05ee6118c213750aaee64
train,4k,187384,cbc92574030953c415582bfb876dee077e8dff29a3dde377059e8900f93bcaca
train,8k,155567,9d56e3e4543940571def263843c55666fc1d43d84253667df590369984aeb71d
train,4k,134226,1776b6642df6b8729dbef2be67d1248725117e2dd3e78444f98075ce543b3ddc
train,4k,172533,f26223f708719d2946131729bbce582cbe57aafcc2c508207f2b1bbf8f70a2c7
train,8k,43170,826b33906d0f835d66afb1db2f1253dcabe01fe7cebaf0083ba6b11590a928fb
train,4k,129421,a3ac6687f2a5ea6910b7f744e166166f9eec766ed28e3913479837502ca90677
train,4k,136241,9f3b0e81fa3c4146ce3e526e96adc6346b013b5084c3072e1b66425bd7a765b6
train,4k,8202,a95c2c69dff6282e874dff28b5dbb76d37b348720ecc2d8df1608d6646282c48
train,4k,101325,989de747060d3eec4a724fda9fb13e1cdee45d935d195aae411ad82804b4e10f
train,8k,164174,34b1705cc75db145848325d949bc0cbeeaf2da3550b4a880df3be91797ac89a0
train,8k,27892,a52d947532f8b518c7660aa3997506b7178a0a1939383bd4b234456917e0bbb8
train,8k,120774,c750c925a42cc43632411639d71c80fa2e176747ef7f42aed255459b3ba307c4
train,8k,58559,2169a06f06947451a40c8e4a5aca7e71cde0f443222f6e3fe6934681c8b30099
train,8k,104325,fd713a2d2a28e1195cc308a0947dbbdb9cf7df3a97f4b71d04772c97f575d633
train,4k,92384,48f1c1a63a9f56396401f7ce4da9e1061c8151e58626e766a2899e8c1ceda72e
train,8k,160406,3749bf0135916c29a6d2c9c89d6d61f9980e8849746847dcd46bb96ce4a5cf7d
train,4k,68583,d76533a8e01b6132a155efd3bdbc26c2f8e1c8246634ac9f89ec610e4578caef
train,4k,75108,539d07acf37ff7ec28b13f2be771dd3fc3900e2d8f34bb6c358fd7e38823961c
train,4k,79062,cac70b8672e70ba6cd40524dbef7e6f2ee6ab22fe4aa5db595ec0c0e5bb52eb4
train,4k,159098,4ec790584754d5584b39045c919d9e4a3d753f25e78f8b94b91ce2c622b70dcf
train,8k,24146,f9b27ab2c4965cd4387f630e22eb7a260ade181428df987dbd5109310dbd2b6c
train,8k,172030,9466ec2f6205b70f586db63011e2fdd118850a85befb12f819c2da763eb83277
train,8k,119522,7232ba8f1c5ffa16b9034141abf1eb5916fd9a8dabc39e0b8184b1a88a13bca7
train,8k,147582,06e3d30c3ba02f5d74a864b8a356ef39e6f876897054dcd982522f76f328af0e
train,8k,153054,01cec7649ce21a68d6f43f07b78464102f3682d974dbcf53baf220c97e82bc38
train,4k,163269,731d10ab9f065735fd938f25cb0c36cbc859177c85787e1127b62cfc77b0c261
train,4k,27438,5810e0732e921e44895bc1d4de56bd7ae5f3d75059fa3a491d809dad3fd18be8
train,4k,172818,cc719b6fe9414ebc1ae96e29b4ea6da0ba62f1554649354dc6604ac1b4d3f0a4
train,4k,114446,b227e1e790e23d733119e72fd87f4b9226a1b41bbd02a9406b1f338c5838fb18
train,8k,91630,4574244bac5429fe6285f0a7af76e5528498ec9e594ce3121d43908ee1386900
train,8k,117472,4afd0020e2376fbd766790d72bff05b7cdbd17a016b1172a1dc93ad4531bed02
train,4k,110692,18525f894b8145805c281eb7cc126e7ce4ac24636e9ab7336710689a575e116c
train,4k,83813,01d446ef39e202c18336cf17161bf86f9962bc4f8b64114a7a393e22eb517e8f
train,4k,102058,fb3879b3cb68ef047e12b1c673e835f5398d14a1bb53957d0deeba173be2bdc0
train,4k,82620,2912aeba5177b59b97cd5742fe738a6ebb9ab60cad6389d5e7496c36d07875e2
train,8k,73010,8740333bbcad9d15b34e3dbc4f85f6707e6ffdb9bf2b5b0bf3e47ff78df3a33f
train,4k,108332,e5c5eb6bb15273cff27c0337409a14563de26c57d00d6cca4867ff4bbcd3c6e3
train,4k,7113,192bd845bb5b6f50dc5e69df2a86c5b3ba71af490c9e20b41c97fe7445a25cd7
train,4k,148747,a9d0370a883e7d40870c720fd9b6d2ad4c705b9319d758936de0582ac36d0f76
train,4k,71872,bf3781aa4fba4405d9a8ea8eef7f9715e5950d1e71af06401a29445cc9039b46
train,8k,52095,eddfd03786b698a0b83e1b04c7d86be8c55afa80f85fed9fdbe94b43262fea72
train,4k,100633,58cba171a8582c83be3c834a6c51c5b05482942e3a60c6bc5e6f4cda3811faa5
train,8k,67601,033c9e56aeceb9b35fe4ffdc183e4c2d971d72dceaad7b534d223d35c9249c3f
train,4k,24826,29f89639d9d2a58a8fe1b1afb65e780533737d945d8215796bc48c794856d508
train,8k,124963,fa976a8f5f78d74aa47c846a3017132d553346e8871c071be2b58e3dac31c16a
train,8k,117624,9780e35e48cae520740bdc122a70a21d5e1b223e98100c1e48e69ff389053307
train,4k,19050,97c85e000b3fb7dd11a0d40f6c9c67492006b5e8232fe15fb1eb4b687cf3e6b2
train,4k,48301,047f9beb5f4a92d0b49b27ef319f1c43f92e9c1870465801fd95630dda498980
train,4k,133016,3c267e43678ef0c2827e8de01dcb9f483007f104fe6a9330116f5daf005607ad
train,8k,36943,99e2407d43847fea31134391069fe2948338e81dd9e0b691ad2e6d39020a5dca
train,8k,138041,eeb0ace80b66a06f4ceea381d5bf201a22633e512d3938ace582c880de3e4686
train,8k,17589,a0edee916dc3277b421081898bf8265d295e56969f71d2ae641bc25bc827185d
train,4k,150085,4b8c9754dcc7d0575e80587c131c959f5664747d334922d64e4307c8464fd7d6
train,4k,66066,07c02f73d65df1746a6b9b185e59ba5d1b096bd5bf3c5d65433d7649c34c4eaf
train,8k,74329,42ff142e3d26963bc9664776d9fbe0a1bf89e573cb49c4695e8e87799d619a1c
train,8k,76216,b0e7578cf8a7618b9bee5ca7de6158b08eea56d320ab9d9c5a837ba56222c78e
train,4k,133829,b3830625f2b62988d8d639cd3c868ac7aac84f3c5ddf0b27339cc390b892b6d3
train,4k,44962,a7c383be93eba6d94eb9f8b2d2d4c7692406a8b177194e1e221cebe26595cd23
train,4k,61134,d782b85b798402aa2cc59f238ead4bcd5c0257058bc797b86d5d6dec771e7e1b
train,8k,30399,15f26e158fdb561f873bcacc98a5fcfe599ec08110890d570bdbafc90763255a
train,8k,15034,33a55d5d328397e013ab2213bed35dd0d8926ace91acc816cf3a78757aa94f55
train,4k,13366,dbaab325f43b2cb03a66cdd5a246363aab1cb7d8f3fbb90b4d416d93b3ed79d1
train,4k,88745,bfdc573332a3ed454e5cd353310d5a147c066d0851b0d56ac36802d1225cdd9a
train,4k,5154,aafc2a123d8b5baab5a8fffc7845c8d591d7900a32eea6d60559cfb60ac76872
train,4k,81855,5ad5203709e16a5c5edf97f1735599cabd6652b136ba8e34bb55fd0e47138018
train,8k,109744,ddd3bfdcfa5fe2543718274a234545ca5f2ade899eedd66f28ed65896c3744e7
train,4k,28178,3a1e9f17b14490d66a6571758feb41091e93f71b74a22428d30fb39242b5d366
train,4k,55787,12adaac8f2929da8591a581f417d94f57a9fb751b92d36e00031b17e0e0bbd97
train,4k,167704,fedcc6a851c797621bbdae3b62d0e0a89a29c4391841ad1c9dde1950296dbdfb
train,8k,13406,a16493020809254db6f7dfb812892e12ac59c09b39d0db07b77b851aa0c8dec6
train,8k,80746,96db90ed0b709b359ca3c7808ebfb11eef7df73d1b301c0dab38d0cf537f94bd
train,4k,99168,ed8aacaf43f61da0adb969bcbeccaef8ea774c693fa5830850411f4b454add9e
train,4k,94346,6add4bd753feb2d8b7b0e6dcd51a09470268487644507e21daa541e73f0e1d85
train,8k,78398,4fa94cf409692f99548bfa205e2cac911f15ea65f99db9d83206a1e46c0e63e9
train,4k,178881,f8160a711bdf4c0b06593a0e45cd0f549ebead2124ee3ec932cc215e139afb50
train,4k,23884,e60c2670799b2318e460199385b03f81cab39bbe070e60cb68cba432fd5f3dcc
train,4k,90261,d4130cf5af84ab8ffa22689fc08f876d40ef49bf29e3644daabe74be0d8b8329
train,8k,101525,55cfe7176ad2c002ccfa987407faa5862f864a0e5dd899911a5f6f4cd2090a6d
train,8k,127698,a31944435a077d5e2933ebcd54f3edca556d70243403f2e325f5859ea668c02f
train,8k,54503,a2000f20e6d55e8f59f4854b4e479edc2828da53b76fc64e8e2f0ce0c8e6f9e0
train,4k,79684,f4224a26dd0f1e6955a294aa6f95a293b0bf2779ea3fc3b05d52bad1dd4fdfad
train,8k,72085,a1f840907f5266dce9396cddc305ad2a40c4265047b3dbcfca2770768f1b7e64
train,4k,11946,54162b03f1589220a9593e39b5ae7cd155b7af2259e9965fbaffe9866933d3c1
train,8k,23073,4722a884fc831969e9c51b1879d5e99dbe9ffa566f3c79c7e9c09eb96f23467f
train,8k,24080,2e6d5857f613ecd51a4be5352c21021a862633e98f27096b745e4c6096564903
train,4k,186991,afb03eb04a775ecfb02b024733aabff0ffd54e0c62c9e2c90627bd7297e5487e
train,8k,24086,e297948324ca83d5628c2a79eb85a68dfb06fa424bfb02789a13f5e11b9c1438
train,8k,63142,180a0daf383a3e3f7a838305765ab3145ebc2ff12adba49b84482bcef314908b
train,8k,171828,a3aa42471dab4d61f9bfbadb61e4338f2d5471b3b2856c2490588f4e6fa7c993
train,8k,86117,963a08754bdb76e4fe06570da688c5817d137acc8cf5954ad58f7779d91de190
train,4k,38684,c2041c9bef4b34c4a814f2f4d3779a1f64e1cc9e2ead35041052241f960ab7de
train,4k,101647,9e365f17d3d11db3cd6abc37716d242e6f13fd628e0f7faf36e4d1bc551b902c
train,8k,30587,30eb81ae807b6dd4437d50e66ba6a5cfb62933cb41e61fa67dc13dd92122fbfc
train,4k,21399,076dd98c395931c260a22f37d4a5c0e1f46e0eb55f3cde95f25db59a1c322184
train,8k,45974,1a4fe3b41824c37fb5bce1b17222d535598ae01d39dddf431692f1521782175d
train,4k,21992,187923f2a8b79b08fe12e5d7be26749991b201c89e194cc6b48d7768f212883e
train,8k,155985,fed5ce67903e1326789158e06c7911b52c563d6674b116e0df3552f7a1982250
train,4k,179178,b5379246d3a96c7293026bd3daa238bed562ad0988c0b1dcfcf547567693d31f
train,8k,2526,741adfc09c215bdea7ed5304130bfe9e5c9c593f5c3b1e4e9475ca46e9b1da2c
train,8k,159986,1eee619598b2b0c4b1b445428c8a1e41a7e869d32359456e531d53ac3b8f7a4a
train,4k,99920,694f8d98228494818f09f3238652423819e2c63953e0a66bfee0b4c40d36b9fc
train,8k,150733,7709b4a4eeeec60826c4bbfb578f56fec679ee0894cc0550a577c155dab56650
train,4k,26131,c6fd5a8c0c26be78577b30d178a02e7d37577be021ae542ca2adee8874057381
train,8k,39206,c118257656697b33f8c6e881aa1c5c34662305630e2bdc53cec1db1f0bb53eaa
train,4k,14782,7a2f9ee6b655b8557843e2e259961cd0824339effe28e54729df1dd6f6da0683
train,8k,66377,f8aae9dafa4543b20359217ca93ae6477ab40c53073388cf90d1f6c0c4d26e3d
train,4k,24392,6ae43c1e26a9094e73d8143e6c433de0b3f1f430e0950c909762758da1764a65
train,4k,46844,77eeb6619ef20e728db62428757c669378e5d511ee13724e2ba45aec038f3cdb
train,4k,165705,2e01413a6007f2036ea19e81ee72345168dcc10a80d93d462cdb4678597a8e19
train,4k,42168,fef61a3a4f78af67af3f802c1182b183e91d1d61e5e30583a941ad2aea93cb1b
train,4k,12937,fa83adb0f9435019ed2adfddb4726037a86482b2dbc08a31550356a1b8232a16
train,4k,30713,61ad488abd32e1507591c55827e9b76adb0264129f54adc02e06cbf636958d25
train,8k,73514,0615163915611457ac4b78dbf3dddf724912db9220c2c5feea55b1934469b357
train,4k,55433,53b0d93c66e69db98780fd0240355fb5c9c477ad68e5b1ac331b1b6fb2472c22
train,8k,101757,32547330c4071178705d6dc0db619bdfcf2477cfd70c1c359bfae2288109d666
train,8k,62463,425d4593571b46c10fc9211346a3c39157b7392f325a8fab529bc87ab992d554
train,8k,30061,80f43b06e6360dfdb33d8451c4dd1e4d3a15f0c426773b192f0178b11fde9985
train,8k,95681,93d4c9d9d0ee1c75554b93e7a9028618e7c06b382d3dbb2ca90167ee5c76a275
train,8k,109200,b3fababd8f91b7d11c1a9a322c74ce3d913ff7cbe52eee81f897d8658cd3fcdd
train,4k,80312,dadcab570fa6f46a74a5137461a065dac80cb7e618fe1e2136639e24d4609371
train,8k,99709,f09027161d394085c8408f6207f7ca2e88683f1b8963098724abe93df4f3012e
train,8k,124044,e1fa36f62b91547058694b031c29ae34b6334fa907751dac326c1fdea418e8ed
train,8k,131542,b71bbdc930c3fb2109789869c6b5b22377a79afdf290cbf2610ad5211c58e2d4
train,4k,68919,df2df4cd5d60cfd2a810f6a335f1a27d6a6d0c7d714407bf5566170b4a35afc3
train,4k,19581,66a70e6d57aed320aedb698e6b0f3cd31a75230f804558a183dac252c3cd279c
train,4k,134057,2778517fd2326de2a0208782a0e7570f907558b6ed45c79073ed980418243898
train,4k,21534,522f644025692c35e199a889c7a05edf8f899f3a65cb1d906c8ed786191b4f26
train,8k,24017,c5c5cbf1d5e5ab12618864aeed42a7cd8b4a03648e5a79007b1d00fe85a03d9e
train,8k,86627,30c60af2f848122b8cf1b3849b7d327ebe9565e0be0789b8e2552ac6a127d0c3
train,4k,166693,e77bcca6791cb2333484937379096a34422b6505b5de0560cfc205a50dd9c05d
train,8k,170086,e301824c3bb4fa026182a9c0ca6f0dc5b384e2a65ca139448b6c9806cebb0b0d
train,8k,6664,526e1abed6435196d5abe919233956bee3f288cddfeb7e934c9b49d967faa56a
train,8k,74765,2c4a351fbd5fea822012fb6bdd0191685804301b02482e579d82b32f48f3375e
train,4k,134650,5cd39fa5a37bc14a0c820efbf45dcd999e98d4c95de4e0bf0ecaeb9a2b9ec044
train,4k,145551,452babf6b656fa12269f29cb43173010c0caabe7e89edc10c7e0f3009ca2ef1a
train,8k,162394,81023966271646c0983ad7fec2a1ffd2b3a6f135d237233011116ee546e888a4
train,8k,129902,46b55251fe7297f4a00edc807b994ede0729b37ec71b1030a1c3be10c68ee6d0
train,4k,188030,128a2b824f3f6b18d5342ecccc45b44eb128a2e11a58034988647002041853da
train,4k,54276,ba1c2456197003f834d9db0fe6c883eca7df3a832f5233f2e9fff97d92d6533f
train,8k,114419,e5ea105e5ada610d5ef02903f541ccd45c282f2d9b5a324175e4b97b14bb6ddb
train,4k,177094,8ee24ac9db005b836c32585aae1252a5e4eed147bd2f5d576246a5700aeb84dd
train,4k,106926,e2f51045c19bc9689c29911953720cec50b4ffe50d353c3975659d09e88230fd
train,8k,64018,625d294baee8f4913e8cddf10184644c073bfbca04486b81ee4a2f5a48eaac2b
train,4k,36044,410a2fcae64a03bb442967a03ced4cdf8dd15bc19a96483b149c70246b2d578e
train,8k,175463,a9815c9583c494496bf89cc5e02b8fc3c67e6952bc47252563924c0b804acfa4
train,4k,13158,6e21fc31774a4376110e392f7ec9cabb1c5e572c45d0eb6e02587f0eea64e828
train,8k,141269,20a5dbb1738304a7fd73ee67313d0ce859eb0cce6a4748bfd9ae7394d23f86b2
train,4k,13631,59a50fb12673e1574b3df0984a0ee26b86d88b6915e6cc42c2b9fa2a4377fac0
train,4k,12710,b19d5802c4047bd8a8c55c6fcf06b54ea98d9b22259c059bcb1a8cb29e3af09e
train,4k,169993,110bcf43943cbbae7fef94c05e4bcc039683456eea769fc1375e7b42cf13508a
train,4k,14159,63ae4aeaf78297c7aaf85fb6597a12a936129643c318be271d14f19aa94f20c7
train,4k,140165,8221cbc9a6017fb98cc521c6fb9a1b2f90b34b974d7cf05ecdfe547a4bfaacbd
train,4k,97983,017032b3ab3d0429478c347ed2e7690ee641b4e387209001af23c71e3afb525a
train,4k,113534,91f896bfd3a00f94445b7c14a9c5ae04fd9b713a8c0fce6ed0724cd2c22ae44c
train,8k,173966,6fff7736fd08ac090adc36d9f811c13dfcd047213ec91b1e2101ee3551c7630c
train,4k,165124,c26bc654d79d4147b39eb0f36593365f266ab832648dacd8aa5b42711816d7fe
train,4k,136744,b85898941fb5e45aef2e17a894f5f2be61d7597b04d380ec06740723c333fddf
train,8k,94005,9542b62516e326701b5acdeb938d266c305fb35ff2d719f5ddeb64eb10891c16
train,8k,46021,e92ce1f79e97358e4ab4fa499f53c1fed5dcd908c1450ec84373818bf2953fb4
train,4k,90225,555733df9677c07607168a72fff558c071ae118daacf42d31322e53b80a3f938
train,4k,154297,bb8dbe5c8fb596fc5420f3877f8153600bfaf746b2196a1fedab7d2d6fed5b1f
train,4k,36101,054aa4f278e61ef6a91e8af1dcc69111eef9db260f393dc8048703f07084a78e
train,8k,106288,b1ebe133840e9a0d6d8a7068c8ddefbefacbc0a2bf3efe1cb557e4ff00a022bf
train,8k,21408,656d6f1d9721a944500f34f547da41d2789825bfe9c419965b70f4343bcb8383
train,8k,168150,6fa485d333712ca3c6c53f5c50b175e7f66ef2fe44327bc32f30ada4163f74d8
train,4k,2896,25d5e92b37d3998b5d7dcc6f2e6c1188b84e4f5fbda5ce0781dd354501f5a233
train,4k,49248,164fa63220b59fd2c1e17c3e73462acb52e19d741b65750c1130dd9464ea1290
train,4k,137874,ea003785b14dd1fec6d6343f10b51832c9323954080a578542d9759e85a9f9b0
train,4k,158092,f7b99a4f7a8a0f66cffd8734a9402df1e2ecae7618fe1b026c44396f5ce8d5a7
train,4k,179735,7230ca5a34217c297585aa1685f770590114666629392030f3fadc2e012e4363
train,8k,132123,949a8faa8c9b07d7e598ff39f8ca34f9d10cd4709bde9698abca39b575356afe
train,4k,156394,c408b6c5d85d4a8111e03c9047cbaf17aacff1e55da7e1f02fbf8eba07f63198
train,4k,115390,6450c51ddd3734c40b7e721d01b7c5003c82813945d59ef7114934aa6405458f
train,8k,121757,ff66edb203affacfb7ba983eff2831f1274e535ae0d6ae46a9bcafa6418ad05e
train,8k,90168,ef8052938373d607cc7bd663b30c461a4e988ba3563ab8889fbf0c083105ede0
train,4k,164053,2f6574bff6c2059f36e65d88aa1ef60c58bd89fcc803d737731e0600597e661f
train,8k,129144,f16271d63374a826b2a8232edc7a0fb04e00c312643ec2a04310af38374ad7ef
train,8k,122427,8af72ed6975181f07838b1ea5c49f866847c8dc3300c9b90f46ff7fe3a91f0c5
train,4k,66271,4a48d0e8f717cd1ec5fea93d160c86e16553025c71a354c33c8d4d737ef591fd
train,4k,47405,fc568376f076e40175c1c741eff952694b21d35e9901a7b4709147bd178d816e
train,8k,22486,8085b6f19e2807ccb9463a6b2c2f804a043c382d97aa8866d2b7151169b085db
train,8k,119812,ef2a7435e94de32e8722b976580ae664a351ebebe8ccb994e1fe887ed208a56f
train,4k,32121,44f9c2b807bdba7038ff00805c3289dc592d5db3933470551958dbc396badf96
train,8k,70803,2e02c3eb1e0fcf5f4050823fc568430a7c5f14567618a19949b07c310ff68964
train,4k,180001,fa8b7131c2ea0d01cf54d3f1eee259337ccfcb59ed46943c46f96ebc1cc2e191
train,8k,151710,c72558666dd0f2bfa6b2153e8e7900342e3b86df3fb8be7ca88cf5003164a5de
train,4k,141374,a74ffeef35c8cb3eb9b6b6b700a48b7eaffdcf241aedecf9741523f4f817b015
train,4k,732,b3ab1a3660357532f3a5d0981de4ae88cc56744e47e65462eec593643bf32fc9
train,8k,84852,f0015a27dc8021cbf886cd7c017069a35ba4df25ac97e85eaa76dab3d185a6a4
train,4k,722,3f1677a3d44ad572d2028a628a688bae00b8b7af61f5dff2bf56dd1315d876a5
train,4k,139298,d8245e2570961b24151b0c67c5f9bb41b401d22c7b883445638b8cead369630c
train,4k,180338,756db3e1417354f6bfafc201c453e17646363a90829c26b303037f3fd7bf41a9
train,4k,75758,74bf9e17a4be694840f799745b35de37143137ff7e7c6bd48d55f3894c986cf1
train,8k,91898,cc6eae3c3fb4889c0c16ceff44db87f12b95afc0804bb25fb084e096dd15ce57
train,4k,18846,20e3ba0f1a15a53e1ac0ae15b8bde26ef06789cab0bf24e4c36d3a23258b1704
train,4k,165285,0d5d81619743b7d0444b4bf54c7d2204c56826e5d7ba37b6a03be10ecff669d7
train,8k,89980,5a58912217cfb665ba6eedbf410007be65d2ae7b18eaaa2ea8ebb68c2b28b86a
train,4k,167664,86d738ec87977b9b838dd7246965a4a6b5f93a3a25d2025a171ed054759710fb
train,4k,129833,22a6cd9e74ed8f5c3fd72133bec90d752923e694407d39e102b4aa45a9961b1e
train,4k,47376,ba18bf0127bfbb8b339884d8a83d3f70201ae6376d5218cadb9a41e10ad87955
train,8k,93613,a3983726c1a9d43b010772c6a1cdb16fc50d4ba91dcbc2de10bdd893c754667a
train,8k,72254,073c3bd026d98d7f421d9e14b57b84036cce292af85f954943a0dda2689eaf3f
train,8k,181887,3254e49e27ff12802067528112d3fa778978a31369b473c2d8679504c0edc662
train,4k,13887,bf127c66338356ee2e7b8618b2cae38b930aae0a452f74d67bbc1d993e9a3c03
train,4k,13703,557c2200a349a6734762bd8560a5b588ed6928ff051fe85084a9b3f46d468471
train,4k,114356,f611348e8f9d3e462db27d55a2edf7beb38374af1ae461b447da77af8f90db00
train,4k,16922,03cc837b1e526460fffc804d75c3a956e62543c06bc650f6417f482860b3a4e5
train,4k,73895,794d49886d4bdccc4b34698f98dd9bd88899b4df65b43a2c6dab0d0a482cdd53
train,4k,151812,66dfae2fae9aacf8cdba4a372408b4cc50a71bf5b6248f8ebc11394668195e2d
train,4k,66793,4eab905ad98984dfa9fb5e6f875a89b0d127a474cabb9a25c3c9e2489d5fcd25
train,4k,191974,d0549aa4e1a9e6a964e4aafbadc5b53ee5031f120d5c6e2612f2c730163c0a74
train,8k,107590,9f27abc8cbc6494406d51ea74db458e21b61e000c1e52ebb249e3ddf486dd09e
train,8k,132752,25718ee44968b56d00133625344deb91c59cadb37471d8fc7b1b3963142413ab
train,8k,175331,8d413d661892c4667b355501cef4899a9ab5a2694094f1c69681e6442537d4dd
train,4k,145565,ab2d328938fda8e2e2dee24aa4441eb042de781f5f186fa1d487fdf9c882fd19
train,8k,113315,1a5f18db216859470811de6c6dd3721c296ca9496c13055a048fd11dbc12f17e
train,4k,81014,16edd2adc4c3cad213d365b821cd55247f4d73a5ed06301d413707bea996ea8a
train,8k,111770,5712467bca6a06bcafd52a575eb29337df224b47d376e123d642d2b74f6196cb
train,4k,153684,53928e5f73273c05e9c3d55b5b13a94a4f7848285f8266d7d29937dcbee09acd
train,8k,80327,561fb3f1b90c942a35a138b2b0613d9b65dc00fd612240d6f594f28f3bbd66df
train,8k,34663,3bd2afd5fd2c2bff1ac9e6f5cceb82d873bb270901592e648eb0e564a3c7d640
train,8k,20044,5915354dbe9139d0a4ca764c8cea4daf3f47726301871148487b9e5c0aff5ffd
train,8k,19153,03da7e7b3d71f66a47a37073ebda104753f746b5f53776d86ea770fa9e6fc8fe
train,4k,166722,0e3824b34f9af78e23f1f595d59a80fe4e810f3a1361af925e5334972c7430d3
train,4k,8087,6494fca10b742412278c09ba2928b588379472d6bcec02ae0980802e7e7b1282
train,8k,98092,247927e61b90c256622736edb7c2cdea7499bc729b5269b74431315101595026
train,4k,118330,e16c253e6b3a86ff43a2045b2546f75bfa03050de3cdfa8d5dbf1c61df3a164c
train,4k,95330,2bb8035755fceae3167bbe5a12a0ddf83754e852a0778f8d25ff7bfa96849cc4
train,8k,112314,4f8d73be20388ffd1b9a8f8c7b1b82f7fade65bf19a8adccd9c2c21ecf3f895e
train,4k,23301,8cd45465a4b49faccb03fb7b009e032e10b6408547d55fcd183b18649c77c54c
train,8k,136457,48baf6f6892a592cdba782a655ae62fd71fb463c530f2c488807920f43c6cec9
train,4k,153859,0531860f14bf43136087ee08b199810e962e36154e8dfb4a71bbe35db9c81049
train,8k,156101,ea7f105e759714c96b7cf2bba38ae8e30834c29477e6576cafd5b80619facce8
train,8k,171975,563efe95d58d25b5f9136fef38a0e87b60489782ca09ff4452dc6c1ccca55eed
train,4k,54833,f9df6b01a832cbce5612188fc8ffb5940490a16a63e0a44e51fff3efd0f18280
train,4k,119360,3b79dfaa2af6c841dfc936f56e1b8fa21eae325af7986c87d056a230e1fdd229
train,4k,164308,21658f9ad93fd4ef402bee4a75965d661b65524c42fee86db8ddbff23c297c72
train,8k,112496,7e5f87ab318a52d1c4331968af4bbd13ebb13910fedb030c301f3cd47741f3aa
train,8k,47221,e091422494ffd010c2c2c4e21a60128bc799a0cba2c4c8b5ee631a427f1fa1b5
train,4k,66913,fb1c1ecd8f1de215f78e39a123c4a616c0d911340e613b450e6060143ebff93c
train,8k,63428,7b48a842c3a90e63b78e62df29733260b1b736e48f3e6f5ea32777c2fea7ebcd
train,4k,76722,a9f5f09cac6c52f9e5d65fafaf3ceecc033ee2dc241fdc551f380c1cea945c0d
train,4k,116997,c798c44130d312732d85609bdd54cb16f9e8a5ec6cc1a9cf85c9d6a50cb63d01
train,4k,177123,f893d61efeacae64dffedb02452c7cb1520a0e8cd1b74c331b935fb7e9ad6f0a
train,8k,115328,bd566932ba7f2cf3a6f156fc4d1fb239ac23148a926c0be0f248baf5b24ca7c5
train,4k,73723,ddaccc04d1661c2c995680cb24704f4b9d3a93d5e6c88b00b0ef5d8508c81d50
train,4k,182904,c92b13dac48c34f7fed3c8801d80f51d42400b9985620c5b51c0e795e58b453a
train,8k,78807,2b1b2251b465a1197c4de1cb6d1a50bca96cf40f80d2649d780e7af71e24644d
train,4k,17331,3a64a48323572838a432427f11ec64ba3d9b5f82ab7093af3be303f906c057c3
train,4k,120404,814b658e17efb5761605c7d083d0786d8dc19b7765aab167fcccaeb5700a313c
train,8k,12683,4c2b6681c3c5a8cdbda5eba1bf785ba865fb7ae74b9df91a38197be1fd078c9d
train,4k,29617,f70f7eca40498d8a1d2a81cd43cbf4438bf7bb65ddb0de3e35691b4a82e147c8
train,8k,20297,779cdb9b1d0c0236040e2e98448518b154162b002e409e67fc0c069d13d757c9
train,4k,80239,cf2372aa39fe588948ba55f4d21f17272ef2f02955b9e3d88248f4c181d6562e
train,4k,90082,1da2f457db9f434b785a2226659f756bc3e5a7fd163c1deda8a2421b3fc68a3b
train,4k,116504,a4e2f7e45d2e487966f91b2fe0c6eb0de7ff9e1a68de2fe30a80c8ea01d80f40
train,4k,88172,85fc79cdafab3fd0642e179443801e43fce1b908858ae16ee302a892b3018515
train,8k,24584,c327111cb4aded5538621554fcb1367308c85ca64ef5765d9c3c255163e5b637
train,8k,154833,87392ee6a518f17817abc260c9d685e939959e2e2168f24c00f7b9c2e652e1b1
train,4k,82115,80fd1f45c9b8680c4f3d5e687ccb46d68187f5f31814d6e0a06c1b85b24b8f06
train,4k,113720,3b60ea849eaf655106dcfc07ffdef2d37b1353d4517db112e3c3ba4d65355b6b
train,8k,182025,41b4fb4298fb7768ac869d01db328797d2bea3b9cd5c58f45c0bf23cc9780c14
train,8k,165335,079620d1f86ca2574823a8e026ed278bf26304d07fb97791ec0eb45a6ad737b9
train,8k,148538,1a37e576ff6828a1ae4f756eb31179de8b7e309b8dc7ff9b4f5e8bd474c3f093
train,4k,102118,4e70364b0d3ecaf70f85d5aa8441deee91b585b4120d5972c01c67fa93c7302a
train,4k,127402,472a8cff666c57cdf964cdb47a007d83d66c31eab80ab0ba375aec27ded4961a
train,8k,74887,34880b628970bd0d305bca345db3a2ecaa731d7bbdf135f0e54c157da951eb23
train,8k,112788,d4d14d77c8628bc373bd601cf607f592dbe4b10a4f97909b2695caa8f3c67266
train,8k,120850,a0663c096ef689c6a944fc18c3d7ac91a52d9c8009e5d53547bd8df9c0898fff
train,4k,152891,e9a4829a00592011f89e79946220461cef15072b0b8326a1ab007455ad52ccf9
train,8k,132417,dd8efe85934f16bb9ba17edaeecd145fcdad4f7c21f1e2b070d5df48cfcd8490
train,8k,141483,e96152ba1a453b057d8f8949ae379257a6aa1d901b772744227aa899a098811c
train,8k,92509,e1ab7e9a5c312f328e01d118b9c532f92446a4fce9ec2c58bde5470e31299041
train,4k,17975,cfae938cf0238a8d6d8cf8bf25f869c8a75b3eba2950d90252ce2e357983e001
train,4k,154913,b3652ef9d426952327815e21b82e98d34259ffb9b8b7a54f0079268549d97297
train,8k,70394,e5f1f19dfff64707e742f3e610dcc2e7435321233e771ef6565f23c43b400b5e
train,4k,61504,fd642e8fb2ed5734aa8c420a7742aa49a63c3329e9af10184c443a64eb60f896
train,4k,36064,a26b1bf43c250ca0d0c3bbe22895c201aa5dc4d62c6e2174d748df74733656bf
train,8k,3433,f8d6467fa85baae4a3c482d8d41ac0064d12b5467b76f5ca4fff426888ef4b3b
train,8k,55344,9d17b0ffad3399ce051eecd5be5fe0bf13630958c785002952623d2e568caa62
train,4k,6208,4cfe4ae80d294cc7f60019ba582471b77840bdd6da483b5747849e6f1776a196
train,4k,94401,9a1bc27477a92f5b4380083299327ce5d645b745ca23d28ef21a9b3cb2596f59
train,8k,140749,0129794c5ed7ab24ede7e06d1d7e7e0ab4444c4aaef04e23a7d85431c307d7b9
train,4k,46159,66faafa2a96d97d2e523c259de997766baddfcf9a7e276c3bbe9102a09183649
train,4k,9818,f209965034d43430daf5cdf475fdc8c9580b0bdfa798fa68f77c56eeff4a5879
train,4k,176880,3f43d63e3daddc2cdd6ec0c178651d7b706d6789689ccb82453906e1fc3ea3e5
train,4k,114578,59d966ac414953c7440ffc536757f87f969f3052c046f5e3bd9b3c3baa593ed8
train,4k,183680,d6aac4a4a4942be39e0c53d7c7958b5d96399e1d6eb5e9e338f7007df08ad8c7
train,4k,22831,ed5398f867b168ebeeb714cd26aa7f777b22642bc63bb127647ffb1b4ab9b146
train,4k,83072,0f0e3770ca6eb6c8fe6dbdf04aa727e6d15d6e7d2dfb9abfe9b4233f7c5ab5de
train,4k,123217,ac2aa2ebfff24042c79ba7fceeb9b3b0af56ccdbefd676efc19fd0d87b241cef
train,8k,59920,4e80264c91c605c56814b35d8fb695f1565b8262f4c78656dda6d072cdcf91b8
train,8k,103536,ac577f526e90e2fd49fbc132169bb5ff05fce0ba7326779a42a3b5553e92c4dd
train,8k,1968,ad0124043b1468b8e2256933271d60a3ab10b6db1af59677490a38ee415151e5
train,8k,70232,1b730f90125c715b36cffcfcbaee513dd122496f1ec4e4f4c922ac2726e33a26
train,8k,94011,c990931ab9936bd8d51ad37b89de12f45effe33f42f34b7c15f89b03c84d7feb
train,4k,112056,b001274dcb35b58f0c087199767b287dcea82947f56c6d50781cb8009188a05a
train,4k,28707,c3655d7c3d4be3e66a9d4ce55aa5c1aed01a1f50e31ad32a42529667d8540d7e
train,4k,123332,b71e17f3bb793ce3f4f468b2a3bdf94d773e097eb667c6394e4e7c614b764a4b
train,8k,115100,cedc24eaa4a14397d0c521b7d61f568f99df7f4c302a03b295e03a42c04fdde3
train,8k,99404,01d93c6c6050aa24d01d4d2ccffbeeb225c8be0e1e55c6c3912638cb750323c2
train,4k,155037,edc512f13643d03a1511715788af1777bf240bbb56a9be6d4be6a39ac9e9bdb0
train,4k,164907,68be72086d6f8c9fdf30aedbf47543d4a546922551c05f1dd824f06abe5a271d
train,8k,23970,d8343c4127506bc0699b07c04817d35d814b2f7870575784426caed9e226e055
train,8k,96391,dfda0132ea21c30f8b30f8e40b0e90b604149449093c7e3b2b1ced6e5036c3f6
train,4k,7360,2f9065869179204d4864a6783cddf5d96b38331634ed25e3da1bda1c78f38aba
train,4k,67397,e146b0b828ece8f7ce42499b2e736798f4b34d27d6de9000683d2f2880725f3f
train,4k,35045,602263130c58c74b1428b5b8381fe89eb64d2bf3bc99032f71fab4ee3ff32f32
train,8k,36883,14da55242db0a0415b0aec7c8d9f2f6fd21e5e34e2ed940f0f7f4ea967310863
train,8k,165461,029cf09f8625338c6998e15b76058948f9a6d99e64a1c8d4fc465cb33167c979
train,4k,64525,a3120d3141f7ef260497d13bc65ba1b130d0208c3486e46dd59fdf8506e7ec72
train,8k,112682,8c87a41aa139206229081b22de7f54f16ea288557e9cf95ee5b5678bebc36c88
train,8k,171325,ae6fadf7fe087fbff39a38462eb5e18c4d05e2bb2885248d4cc4a122a95d2e59
train,4k,65612,d12a28a4b1c39387af58f50640da73dabf15200ce1d6969bf0ed82e582588155
train,8k,66882,a5e7cfacbbce18c47c17a6a09c224822f9cee214c021cd3fd3d4862ec466da7e
train,4k,53121,107b5c85ed9260c8dc065f2f0aa072a90a5d6d42106406a8061fba10df2fca4e
train,8k,179983,2ea3c78442c0caa260dacb6a7da5a2d7f478572256bb952def0638c1eb583af5
train,4k,30545,55e2bc6ac58c1d74aca55971285e1b9a9c7dcc0da085ab4dff9a03c7c9b6c110
train,8k,5309,b0a97d9cf151709bf2f2e55af424a05f519780b3d81ba13fba478d298230358d
train,8k,94622,def9761b5a9012f51d6a904617d9623f5cb2a3574c365e5ae89dab673eef3b84
train,4k,7975,a07401207326807950e7da0db97e9f544ca3d349294e24f5a8b20ac143d2b528
train,4k,2389,6f1dda9f87dc7fbf108fc39032314d78a2314630fe6ed6f65d55efee64a56d66
train,4k,38820,0ae7e9a971abc7fa7ed1cdaa1eb5589b9f169563621339ffcaacf77f71d5aa91
train,8k,104621,4fd2fd3a24c231380092239bf5412837af648cec463ed1c436cbc7afcb0bfbe7
train,4k,22557,9e960aa61db8776fdef1d29fe77ae7cd84b362bd90b72ed6485a4ae7c20030cd
train,4k,110421,b2ed74a2204e728fbe1cc35794f9580f79979ed23061026096b3898bfe932a96
train,4k,66342,25209d987158cb22d64d29f1d9959880fcf66c51e507bcbb79a9312af5394d94
train,8k,164722,f7e26229a12fb4144e1292a77879220f36f7e710fe27184475b1beeea3f0736c
train,8k,133210,bad0e4100caaf3d1a2ef78be49773f6760d9954b9879256b6cfa7f6812439bce
train,4k,92825,4be7270bebf66daec2cac4aff8f0150ffabb4b4f857e62ac9990dec7570087bd
train,4k,175522,94420422c66aa18a701cc6772f3ee4624604e9fe51eda3e4409f8db2ba20b6e6
train,4k,75229,432a6425574d446bf624a1eb57c56c76f4e9321cc00697bd5133e18ce5e12509
train,8k,105664,362f5fb3c6e3d016708075767356f655c2948f3485d2ad28b43d8843c69cb3f3
train,4k,25627,79272388ead1b8bac903d66a89e294bfaa89e7c9fda9be5b2257e84dd4f20e15
train,4k,47133,d8faf069f5d8f77923f470ee653ee742678dc29dc2597236798918dbbf9a9f3e
train,8k,52387,ce45da24537021549f5b110f917713c661b51a6a8880127cd51c928ec2ba0715
train,4k,173867,70b984d096993996efe6632eae05db6bf745b309799342e1e4166c89d01d90c9
train,8k,14188,048b2a3f809f3fe713f1317771ee36ead5f137bf4105f005e3ed9996f81ea213
train,8k,30304,552588f2bf82a8100a490441d02a30cfaf6cc62e68178209130ff4cc2e7e6890
train,8k,123202,133dd141189ec028d95922705c375269b3053e9ba5e870398f45360bf1a00622
train,8k,179825,e6a9819ef7de932386b0435bba8c42958d55b5c484f40cea1b27fc8898ab5181
train,4k,81328,fbd537e89878ae07dffeb2e6db7481971e16b30c5db2fbe71cc9afb03212d1ff
train,4k,6658,a4f70288b719265da5a6b78c967ce43085a90fef5453c43e53145cac93969166
train,4k,54051,aba7f9af9d43a0a397a0932c945181ad06b7ff9ab77b5a720026915f3ed7cff1
train,4k,147437,8aa78e25a1dbfe5ab7f0ac8f18d1061ee2f3b29d3827930f6c806ee152068283
train,8k,2829,f987e8ae84f69e7597794e207c0e191aadf8b4b43363e68aa4f682bad2063056
train,4k,138460,8be8e1dd012d61b9f5e64cce8074f303aef5e0e948dff9d60d02072ff5e238fe
train,4k,121529,483d6223ea50808c81689d923b0ad6a1b06505ca39dd877f51285a7b7a41342c
train,8k,19710,0793b821d5ff4da70fa424fbe16ee3277b62c7171aa47133901a89fe2dc2f71e
train,4k,44836,111e612b3592cbe21864f30297feb1e84a6b6199138d0630c51ffbae88255b33
train,4k,29612,5949c8a0e73ecdc1287095f91d238bf28984807d3044b906724e659474e00daf
train,8k,173302,8f9e4ff85fe2a9ea73a2d143db46f4e66e77b09e5de0ea2264fdc8e72708dec7
train,8k,121022,087c29a1724fc98e9bdab1be57017c2a54da4954277ff01229e697c93cf139db
train,8k,100554,2fbd7ee6d3a7108194a13eeaf293cfd3f459bdbad586351dda1d9d9c0e5b7fe8
train,8k,19392,9ac32ed1ed90cdef40c07ac42b6013a9f8a5b01521a0abeaccaa8d90a88e1e4b
train,4k,82477,4ae96c5da6dffd8e14490f444eb2f8e484e2b14863666aae7550bc0d1f5699a4
train,8k,6913,fe487b8f84620fafb900f3e5bfcfe6cbf52648ccbb66de47e5ecd87eb3344bef
train,8k,107969,aa2b95dbf316ddc47172c401528428bdfbb6a03a8166fdc7122ef616c3c805e3
train,8k,15411,ead544ffb5060d4a99c5a8a829c8b96adcfe2e2cd03e6316bd9ff795a7ff1a9d
train,4k,8113,631222fc1ad5d0e47efee1b7f7a8e0d3909b9595b3b86b12eaa8fa82da3bffe4
train,8k,64123,c7d37ba2200e60208576a991f6c6c4a6b355102d5fe077488460a96b04938e26
train,8k,2507,5cdf0bbd0e7df033867ec0f114c8917cd593ab693433bb3d9585bd9480dd1e69
train,4k,155040,1f19e0cc98d970e493cc2ddec6e7e749a926e6d936a9e7f50dfef942c08cb759
train,8k,62341,02b8d2729eb43e9b8f2720f6e698c1c869d5c57a2e3f28595679f6feca579a17
train,4k,158485,1d141567d6df1ddcdce5978e1c19c8f09d65b3f1015ebef3be28eae249c0da08
train,8k,65598,d0da979938f80c20f7af59ead96d257471eac0d11ca2adb26c2f4a20a15b9d3f
train,4k,95774,7cd625e17b5228832d4703f9692360d56325ebb8966261d3541d7b1c05b4f796
train,4k,5756,39db97a51349af3bb580403d8b0510791ac15be956474cb67518b3c07381532c
train,8k,93140,5594918843147dc4ff1aea4e7ae64291a643278c1545fbc98ed3b1785a4ccb9d
train,4k,115429,40f89fa829ff98ae83c2c4f8c2afdafcac12702a3efd053fb7d02baf7c68afc9
train,4k,45481,a6cc796685e3b2b7ae34c38ec8f3324822b98e0ba0e950a5ee7c63c9d0537b2c
train,4k,90041,19b33a91bc08130f1ae7e2746bbe8895e4ed1dfa6d744701cac75ce103e79d90
train,8k,52385,5c20da184c5f8fd4bad16b020e16b9dd3c87b38382bbe22f5f3d479137011016
train,4k,156004,30336560c135fd511860053ddc80a2f4cba42a113a3b34a44f9f9789d99c3dfa
train,4k,104635,82794d2e5d61151289e2051e73cf6063ed75fdd41cb7008d8ea8d6d3d3e4a6dd
train,8k,68499,2fa35378fc9bfce5c95878c900cc531e25b112c3b1a45e4313dfc8c2cbcebda6
train,4k,18272,31f1f3ae2a5c8a409c31b646e9be69fc5a00953ce6021630c4ebe09aad0f06bf
train,8k,99712,37315763059fb0c34192730e5f71f0d949cbf7c2a704885b18dd813527412333
train,4k,147579,db750b81ec5f4472f3d7b00af17bb34365a4f622e124a65aa3822c612ecbe734
train,4k,150862,bb869b7c829e6ae479aac514ed9d6cd118006dc32bb626f1f1753ef3d917ab1e
train,8k,177388,2b7d88e8dcdc3678aea327b593e755e3adf180c8eb2166eabf2a0eb3b2c1106a
train,4k,89283,55cf0d3bc6296a5b9589608c6e37db18372fde04a62a65e669b2f54c558b20dc
train,8k,131581,93b08f1052ba9947013843e07fb3a8bab0c752e38f50a732ab622d41b953e706
train,4k,128957,079109f8dfaa1d4ea4b53a2a49374770b7563c25c4de8c1d0329516c367ce4ad
train,4k,50376,58902f8c9fdb52dde721f0e763e18edee7c2ba7ea3141cbfc547d0a7eca5f59a
train,4k,146947,c148a59d2b8286278a3b77c736fd7c2d768f6ff75e3cca35d7de2e3e0a85a6ae
train,8k,34121,19dc95b9d36844e752eb3ae323c6cb1e8fa9296301b5d929f15a64e1d28feab7
train,4k,56316,587a3dd87242f907ccf0710149ed9384f7ec53d77526d9e5edffd4fd828c7d66
train,8k,1378,f66314f68a8108a7d59e170879cab815177834f84edf4d65031f65f4cbf16855
train,8k,14875,8c291c554f1d5fd6d0e615e0722eb958ae8aca7baf5218b9c0b0ff7ed8c76ba4
train,4k,176429,cb4807f15ff7b61af23dbc5b57a1211629494978e163bd6394232f4a5b5e018c
train,4k,91239,12edf384ad2abdf3b7f6c86fd22c0bb0a65b33a36ae8a12a763c4e55eaad07c0
train,4k,13980,04c0b3438e1e4ae85401e6ca43c37f7773f15134f06788f9ed4e57eaed708abd
train,4k,126439,84ccab21c3e9749d4a1f46f8ee8fbc4310d4dd15b2030858782557a1b2153388
train,8k,41406,237345dc2829632152c1635bdd93ce0fe4f16c336e0431986bd8a1dbe3a88c79
train,8k,122392,1437770c671b7ba5d4dfbc3446ce092b603fc3411e9783a795757a9625b95a36
train,8k,102655,39f55add4c8b2384292ae0c194305b3442324498b04378c14fe8a5af8587c16b
train,8k,44693,d4c3db1ab955370bf610395f45736060a65d0e6a99d6fc67cd4d84c5f81c7b79
train,8k,9010,9abce62c7cc4c6170d16b32e2499f213541d6982d0864138b7e945b7f24bec3a
train,4k,149553,e8a2f8ab441c1cda5545b04d8dbc841bfd1c8975f9b4900ac24c32bee1bac5b0
train,8k,28144,87fca1660d4281e4acbe94f48322f45df06fb4395ce0e7f38e577ffe9a0256dc
train,8k,122286,16ad38273a0e257eb1629ebc776a7b9a7103ea10c73fe4ef87302570fa3a933d
train,4k,64865,f5f9bc7087d8b92de2b0323b68f06a288872f32cd6764504306bb0a05489d360
train,8k,120016,44b8cc306357c5c7b1e782906f558fc7bceefa413488ecfaaf8cd105b85cfe5c
train,8k,58973,7264f6262e558cd12ba27ec2181312ce96c14b3fb73c640956f4edc6a4868e65
train,8k,83929,4301252554e35c5929939f5110b683ee9839adbc93c4989b891c07153960a3c9
train,8k,58676,829d0fea2aeb92225bd7abf5d82bd31cdec1992c7846c502f4096c1d94797f8a
train,8k,34245,9d9a6d6f0b006b2ddbf8fb434ecc4005c8a97507286f1f7f4428cbb3a7c65785
train,4k,97266,bf5e43fae5d98f0527bc05fb0449b25be11096d03835aaab6c6ad5daaead8e80
train,8k,173242,749a696a524ef7cbbec2ff7299ac06c8bcff6fba85df575c6351e9ab6e68d770
train,4k,19279,73be5874af6076db89c2554b46497cd156874451b58efb65babfa5729ac20158
train,8k,149885,da89d116bdbccdaf211cf2751dd3e568b80badbcbb3cd14448397459d5cd8301
train,8k,49843,feec08f6b824cda13c0e4d1787e04ca02183b384dc5a938a05030e8603771184
train,4k,111458,c0251d28d424afe14b90a3296f9328598c240ed9dee051c46cca69945cd63a70
train,4k,263,8be75989a1511e1fa7ae70e3e22c42aa2164d64c4f38bfb50107c643237cc4a3
train,8k,15424,37ac69ec2fdfcea99e182fd51e55b0a9dee2abb9d30d154342730140c7b2168e
train,4k,80907,c543537484a48da024aa3ce5d40c155bbfab1f5bab7cf5c670773c9fccbba65e
train,4k,120947,963feac342c0785881e982c6c2026435fceeaea8690f1e0ca67a8976dbe1feef
train,8k,114861,1394ceb1f92a5b87c97039afa2798af12f3001b2600ca6360b4be1b866bfa790
train,4k,16101,e57930afb3ff4dd54d6745d33c45175f6ff08f01d1b92fb4f3bab86495433b35
train,4k,189190,982f47401309084e9bab3eef2e93901232f4b1716fae3abff2935183fffcdd5f
train,8k,145814,f333c80d66005c21b1837946301d44157af3c40c6a6fcdf91883bd1de0447442
train,4k,104074,723af965aaf93000c2aa37d625b0fa3f3409cf3a85ccb8f30f14125c4cbb2f99
train,4k,2071,c3663ad8373a92462d86536fb52c970097f64982af47b9c853c43254ee196740
train,4k,29133,bc89defd019819120b6ed47ec9d5e083b6757e0af7db0bf37995329928e1a922
train,8k,88865,1eb0ce30e1bafe184293447aa4048e1af7c7c61c2e1ae396d345da6c4bcc3542
train,4k,96242,ab43812710b457a46c7460fdaef318618b21250958ff865ed4189f333defdddd
train,8k,52885,9808030fecd2fc802aadb61db1987fbc2d752b8ce84541c772df5549791f8a0a
train,8k,92469,76ce9e6c6185a41a26647f0ed2c7d76f901077e14f8551905428c41bb691d6be
train,4k,100350,861afe851dbe2000938e867d5464f3f91399e2a26f2a236ac8ee41147f4d9c28
train,8k,85408,548bee4173f053f8679010e885e417eb94334fd2dedb065b2355769c9f3be1e6
train,4k,160652,9969c4217efdd981a10bfcf69d7a1d9f421eb639636bf14902beb7c130c1f765
train,8k,158001,592d840f11f9783bfebc00464e86154bbd211ff49d4c34b12ec65c89e24db3aa
train,4k,92610,00a14e8441d61243c5e1ebe410256c3935f20eccdc5550ab94be16e43a36f7b8
train,8k,170673,a3e6e35b06269b97dd596d1185b44f011a073ed56ee652fda83fb6d76e2c3417
train,4k,81270,fc8607835a938254e8c0ef7b3fecc2801cca744b66a16bef2d598476dc180579
train,4k,15884,b25ae349b9a60c7fe9ca67fdc9b343562a331aba235375edf6f57d417e77c7d7
train,4k,176263,d50d068a593e27018331bcb7c222e53ac3e82e0e424810a357901cc07898bb17
train,8k,176385,892d3d7546164bc999e8b247e3ae2227bad54af49c6662bc0c1f48e53f4d65b4
train,4k,166142,408408106db1efa86fae75ec073a2cc83d8b7d83319787c0de4d509738d5897f
train,8k,75820,25f7b855d54935cd10ee253285cfc07f6be7f3153f88577bfec41fee8ef1bc26
train,8k,40328,27ccf90edff186e4ade8a2418502b4bd47e11e62360818ec6de7c8eef0ed292c
train,8k,16613,39b3f790498266d4e8cf5eee576966f7461b0d20ad1a93405ef3b6741c6d119c
train,8k,21347,6842a09fd85a396cb271da7b8e99d99dfd161a6a8d7cbd4ec880b0a33432cb23
train,4k,123341,66f3088eca9789cc9669a562805b1b0e44b121132483e2e87b79c07f0f48de3d
train,4k,86847,60e8747945bc30d032809f4a70e2031f8f87ee19b95780b7f77c215cc410eb42
train,8k,63889,d7d00f1bc212d733eb2d65050599f99fc1ac5b9cddad3b2f18392a3d556c749e
train,4k,159081,75736de3dd69760fa297cb9135c718638ebc4567b5975ed2cd08708e51ca27b5
train,8k,86586,6c09015e0268de6d8089a1903f672f81e7ed940df5c39c2ae3a9bd599c638a4a
train,4k,1557,cabd79eda06389dcf7eb30f4db28701fcc45a84f925be3147895c05b7ff593ff
train,4k,60301,77a9c9f3d2b211c1659e0d557fb0f19f93869b6020dc54bad9ee10f7c047d58d
train,4k,35387,857ea204fdda8f3076af32d9fe956bfbc23ba2f7ab4a0cc9d14553c8d0c8096b
train,8k,11330,97d85a8096e1b074d5dcae79f38dc2410994b3b59c0344826493cc92167870d3
train,8k,42720,fb8dd1120ad5ca84261b4501965d89c9bb12a3655a5721dbadaf82f2395f5138
train,4k,50313,a9fe84c28b080da03cdd85ea8dba765b2b873432c8e7b6d2a9f27f5ae18a3ec2
train,8k,86300,ca47fc4ae5c67cc443c78a216472a14ef7042509d53a7a6058df49b517dcaba1
train,4k,169019,61c2e1745ae057f883d5f10e41fc0cb7f653fa548856a23d3d7690a66acc7122
train,4k,25348,2f1ff13ac07052143e94e01b9b621f7b3aa3b030ef912a4e5083cb1257c136ef
train,4k,45533,e7ebfbdee07bfbd85770bf91516d0ab59f492a5ff6a8980ea005b79b236065a3
train,4k,17190,f7c082179052953007ccb69257105df7617313ff385865b8d826624575f104be
train,4k,100964,6ebc4fc23933a5a836e5e124da792aee86a05846e5ab2f6a11d7a57cd07391b0
train,8k,127879,d65f9a1bd102cdb60d2e6f415b7bc22bd3b537f97f116315752ef0aaeab4657b
train,4k,15698,d8d97f6c4ddf875f65729d24c62d16b36f2b9ca159e9df9bc606a5a0dce9e470
train,8k,102726,9070ebe35f293b49b1486c53db486345a0ae88dd3495873e931283757dce6450
train,4k,145665,57295f9f63b66a4b546257f869f88eb857124a232f86c2af08953f32c8267220
train,8k,45405,3912d4285be1e63bf47bb2c66211fa2f248c38abbd39cd788107b90c33d5293e
train,4k,23999,3ff2458f33d39d0a17f0e01be390060a99baa31413e6e3bc7ddba0dcdb14dd00
train,8k,144862,c47c8659eca8137620c1436b82a082ac3d233c48fd92d3cdca6687531c51ab66
train,8k,35804,9cc8a9e5af1ee503dd3c59364e9e40b5c99cd8d925e7005b259fad76dcef168b
train,4k,181287,726aaba9424e8f05a2c8b421ea9fba5cff406ed88d9d76e768441f1718a18b7a
train,4k,170627,11adc431dd93fe754f53b8d394bf84b326a88e54a5f5e407de028feee7cafb85
train,8k,178967,61e06086e609983fe7e7e2dcad2f75838da2c2bcbc1e7cac5d51c932258d5360
train,4k,146534,505dcb7220cfde4885af9ae7360c3903711130f5c686d80d084e33031079112c
train,4k,61963,d771232c566a39d4e21049c1c70349f564df9a51254db1ee78abb88c9777d1bc
train,8k,161336,cb7e84b5e0a00b5518b5feb2288187dec3572821b1377bbbba8e02436adbfaa9
train,8k,164090,1d055a80abe924b73431db270402e66cbc9c0266225f146e18af32be1a7f3d3e
train,4k,117571,c9b6f80c59d6a19a8af081410740fbbdb391a3d592c5e85426735c8d37d6e232
train,8k,79957,57913e4ac614261a531fb9fa6ef53569a93bc96b16601b57b2f9a66022ce80c3
train,4k,56542,73d3178b6a7253564b84bb01f929349d95c4d13c7008efd6b777264e8ed107c0
train,4k,34761,d4cf4b08c83c6e2aaca7790e6585d8b9b8ff7b3c5b3dd37285cfd9c4e7126aba
train,8k,48723,442a9f0e1012dd6b65bc80675fc6345803d53c92816c7931c0dab83c848d558d
train,4k,152095,5b14bdb09b4339f2d48816ac7fd1e4d0e48df90d4271b82f2dcc900c68efa9db
train,4k,91827,df65d49149441c713f8e610999715140cb3a3df2489d5dbb34ef7457860d5fca
train,4k,75326,605c589f5b463c0a312d273023b25c480c7d54f6b4e450160d6983faa29c3bec
train,4k,117252,59733530a4b170c9516c0753c91a95ab6be19304c299ff97e9f60ba591aead70
train,8k,85255,ae52e0943cdfb83460194e337ed728fdb0ec76820bf55ed357cdb8c758d4a962
train,8k,177281,f962a0d97be81d926239ec49dcac9236786c4a6be2118f42b4fb2dd9a1ab5c33
train,4k,105785,ef03ab289e13991bf404e8656c4dfca50764723d4ada83bee47772d9ab7bc174
train,8k,131576,df6cb1ab0f8ddda5f3ec6e9a6d955bfd9877a08a0490c69f96547b6e3dcd1942
train,4k,184610,62cc60a046ce7dc98862fb03add3c248582a0b345cd10b3b3d0798d02c3a6159
train,4k,97154,308cf15bd3c51580621439cc9078bfbf3cfffd9f91f671b8d33ca800a12051b8
train,4k,129761,d05d993540ae7d788889b5947957d5082bb03e06c4ccdfab46fac4a75237e488
train,4k,104855,30155a2e752c1b1afc971c767ae0bf2e77ba475ff49734c018b7b44edc998303
train,4k,51717,7cda7c2ad73215d4a73ba64d9ba7599d8f74f0cff2f774e9006f768d42e1d6bf
train,8k,111478,33bb6b94c806fcb5d40725364ee8c368860e8e7465973f620a628844bc8b2590
train,4k,151566,9903c170da111744041fe139f42bee6252c00b6abaf5bc5704f4c10e62c9ea76
train,4k,30165,ce2ff146d4e8a1914183cb50324cd1ebbccd1d79c68e75c1c9b5809477877cc9
train,8k,89029,e6fb5919f8d7ed3adc3ceaaeed2a97030b90073217c64cd97de33940852df224
train,4k,57813,92fc89514ddba2969e33de5b12c2a58c865c833ccefe2726f4dfd32c7f5a5b0b
train,4k,161250,bc9a3074b2375dce3c4e8fc595b69516e88ead404215d39ffbfb25f9a5d2185f
train,4k,148487,7bdf1068b129fb06b1bcf406083c2a47af949b5af99a869f68519845490e5409
train,4k,76551,4d8abe3b6d8f5afdb6f4959fc05a2af46810d360b1ba3a1f60f5ec4e35f68e5f
train,8k,107438,468532d1703385ecb0dae3360eaff469e818a03f78d3b9bb955948d46a5dfecb
train,4k,148226,f273f947cad1c8d352b2e1c53b9dd0efd649ef1b1471531aa32a29933238f709
train,8k,74288,d29d75e0d6eb064706b61e207ccacfd241daf0caae83b8d7b79ebb1b4eb935df
train,4k,78525,eff39203ee109ba7dd257a5d6e1a1cb775d9fed615971c9b38e5a0e30c75fe29
train,4k,106294,3ac9def25189f67db75a47aff083baa5cdce0273815ee5920db80d34fc0ab376
train,4k,115093,0149f98d6e18666fb36dcf7aba0e4f7025a6580da88e6db5a9a60696db2f1529
train,4k,69172,c2eb4c83d4cd9046a9501712e86b0f406221f07d86e2640dab2ecd031382c2b5
train,8k,70537,7811b9da28935fb32e481f573eb8e343fcc8e25aaa6896d5021398932c4ff624
train,8k,60546,eb5b951061ebe58484abd74ca7db4d1277e1de1420d93b9378fd7da18285cec5
train,4k,151175,377ced45dc6a1e1802d9557ac9b6599e26327227d4e7b0be4fb7381d588cc58e
train,4k,182274,b541ad7ce706f8cd675e797f80b381440e31f85afa27509be73f4a93fdff0efc
train,4k,78455,700907b8489a7332f6390dc9c3393563650b8a21facf6ab9b9352d7cf4642add
train,4k,121366,f2f3c70999b10c939f9aa5a1ff6620a7fca2c811f64875cc4053bd9e1be53b8c
train,8k,163000,6230ae1d68134bbaa13922467845eabd68739432072e9261512820a9fe5cd09a
train,4k,192088,a44d6d274ae954ef4a9589f164d25cd993ebeb1f6e4587b9cd15e59047db4286
train,4k,138865,c8dcef6e277b7c1a4df5a4272d713145b2e7a49ec3e23e01a49b05a7893eb043
train,4k,107097,2f4bb23f44be63359ad6d52e7f0699fb024242d748bee1c7877a3e9a67c5276b
train,4k,91446,ab9f34603d6665cc589761632f49b0e6563230f51bf213c4c5811756d37512e1
train,8k,175065,d231fa8d9aaf2dbbc606903d8bbf5a217bd7ef7f1c14d97ca8316a8b7cec9706
train,8k,131227,bfe0ea36ec44f8cdd3b0fbd0dd0ccdddddb5c21b869e5d6479841a1d888cda45
train,4k,189507,1dd45f62f86fae8a69f2955c1b3ffbfeaf177726d4a2bda4bb6b1d3bd5d71dcc
train,8k,134655,19babb513b1768b3b5fa8a3b48c5ab5771ec568458296611c5754727cf6cd90b
train,4k,104277,158035604fa7be878d62f83122b8f577dae760fc124d2075270b1d1fd7f00148
train,4k,118276,805e5095c54474200fe07f2c912405cb8e11024d40b6830e505980d22b224df8
train,8k,137760,cb43dd6ea4a6fc1b6148c3b921898653b7a424cd535e394f74ba433a237382d4
train,8k,94729,60f84e5aa3a4b9991d60035554c11fdae1a5486e68bfca6e9dbf32096b8cab1c
train,4k,138249,e9cd160120bcfb3d5223f0a968f43fa426dd11c5f7e7863c422b2ca6d03a43c1
train,8k,59134,e8d79eea6aa98794d318496be713a29db1f34e210cca5984f045ece2d3063938
train,8k,32819,82d1f54019df50cffcbf475c1d49ddbf1e71c7eb029aeee17c027c553179582b
train,8k,105275,ef48a153fa94eb1e814e8001c5400312f58e583e68076afa8f2923842a5fd647
train,8k,82023,7a2019479b0af80b1d137f469d58a830e1e90fc20800e9396c0e07848220b3b1
train,4k,122225,16e66fdee408a70779f0a66c5e8131d0b8ee8e612691d3cf5e9f7a7f0cdaa2c4
train,4k,149898,d5ffeab5898a6e0bae86dd4776a92301cbe72801e7c51d98ed7ccb3493a3f72f
train,4k,115486,6a2adc0d7822dd037a717ce3821a5ea915969373edbdb4545530476c62c875d8
train,4k,82425,11fd78a7160ef5d126a3257cb49a925eef792b23043b3bc27c28ae735b410ca8
train,8k,29614,faad0fbda39d9aa187623031df3a1a3c18e9688b43639f10272f93062a4d921f
train,4k,103323,f54ca9af1cb0fa943a9e4011ce33f5ba29747139f0a559cd1a87ff3a82540428
train,8k,177559,017b033a3e3761f24b49236e79c2a32549f9b0dc282f2b0f042b34ec665873bc
train,8k,169038,c2ac547e85f5b0c62b908d787721a5d6a2c693b99b2006ebc5840e13399db4b9
train,8k,119197,fce7fad0fd5cba413c6316d0e61e06d790d0b4f05e41a9f6b7e4ef3954c0a756
train,4k,88332,44a443b8dd7ec8006cec52aa84d492fbe7d3aad2bb6d9343c9cd8ef425be56cc
train,8k,161629,7d3988898e1d69657b18d6abcb41150a389d50efa7677b3c209041696e8f8395
train,4k,159395,b0217c9b70d326bd5ee77dac60cc4f13c913e4faaf4987e9ab3cfc79e643ef5e
train,4k,151820,7813f45fbf7ea15afbfdb746a53f982a13f757331512f9505a0e6adb5c16a6b6
train,4k,128810,f4213fde792ce36da52f2a6c5ebd61099993c2b4126f03ad7af322c796551ad9
train,4k,74820,9a5ce50b2c79d748db76654884a7f175c74ca57f8a306079fad92e900b2f6e74
train,4k,78239,9577b66204d2c05e92880c1970853006a6edddb521212d971f56bb2b2cc987b6
train,4k,169903,e8661d687bfec157eea60b9d3f5c304fc5e5a473f46b01583b683e729a58ec7b
train,8k,78277,cb2673f23daa3c69d43d8ebebdade37ec0ae55f11c4e7c325bca0223e6833b16
train,4k,117230,ef639ac7f8090197c654a3b282448ef87d3253cc31f35b44e2b350fd2e20db79
train,4k,56324,d0e09ae1923b5b805b5361a0b70aecaa978c82bd6d82e261b6f7a240c44358e9
train,4k,162976,9d94eaca9ba0e0bf5dde42823ba0b51a2a54146e9e21f4448b3bb68224e4c7ce
train,8k,138602,efbb2c549ac6d4a824a6138c7066f9248a78e11a3e44c290d9fd7dceb67fe799
train,4k,5680,6e412a7e6615c8de1befe428ea5ea7f8d36b97490dc72882f5f1ba46fb648b2f
train,4k,112122,853862ee830e4da401ab093c475a71225ff975dda48524c4927f1ccb300e7663
train,8k,43527,32b1317e5e9c7321c79bc0a7d2da450160dd47fe7d7acfb8c5da91f69f70ffaa
train,8k,105088,8e51a7988e64f29af640a63986cb5be5335daf3365c117045cead9e1928af593
train,4k,25552,2278f1a446fb018e4cfe09932fce7a005abb8fd84bfeac9cc49fac83bdb8ba40
train,4k,155336,1812bf28ea4dcbc06f1f7f241f1a29a1c880acccedf5fc0e7f44d09972fe7305
train,8k,125816,702f7c8e3af55c991535bf70750246ec27a0c16dfc8bfb98ff835d15788e234e
train,8k,43681,29e4b69354ade91c9b7daa7323af29c12e4e4dc840486c86ec178abe66b0aadf
train,8k,14173,69884982239d5d1cca06dd381dc9b898974baeca3e9e5a8597b811899be9919d
train,4k,72976,2a2d7ead6892526c7b22480d63f8c4353e2e17c9b7027cbeace924fd5a742793
train,4k,111947,148456c29b774b61f9e05057c894b180f5d2e4c246059981df2ccee2bfcc8ec1
train,8k,173674,bccb163d1674814c549064c357fc5473c7b95a274590dfc78d4b727da78c4fd6
train,8k,150671,0fc2619fede41d6f12a5bcf23fc34ff0386290ffa849398d6300a965362da48b
train,8k,40017,5c0a80ceb2130526dfc187412ba9040f5dfe78cd856ed0032bffffb53dcabe9d
train,8k,170206,c248cd54f956092c214e1d822fa4bd90022d021e7c2056f2874afa324a4cbd70
train,8k,179434,dc1bb34b6200d2d35dff707943a6b62a64276880926f2cddc3a54884fe92ba57
train,4k,47124,67a1166b5d50b0c38b148f0545f009389befcd71da9bd6d8eb3b3de35c17c51c
train,8k,89243,85063111f112bb3c12f236edcd41b120f518fd2edf88854e483f709a1d775213
train,8k,42654,c6573dc7948e0e9d31fe62ecf48880df8ee67285dc6eb80ddb8cc0f302f56391
train,4k,169282,963aced6be6f8b442fa27aba7546fb066121b0f59d80d79e908b11bc08912f2c
train,4k,147342,37959b3d591ae3064062381c25a507790912cd91956ec3d23235b0d82c52ab83
train,4k,38177,f850a8a4b913d71beed3fc88a2c1dab60ca996b2c70b5c5090de7ed09fe36235
train,8k,176180,25ebf75b5b03525805bd70e13282f5946f64f5686e90506a5843e8256d366622
train,4k,178892,b7c34db6e3a334e83e85fc186b3570d26bdc887efb6f5ca0c47f7e07459220fd
train,4k,26891,c77881c00e73c7af6852ad6af407873f9e0bcec05590a91503aaa595f65f056e
train,8k,16299,06bb98e158ead465da22008ebb5000daee7761de1ad1ceb390ee658a234838ea
train,4k,28044,aff1299a38600f314b0d88e632d85e3d52233995bbd23be22fb1c268a353131b
train,8k,151744,024a7ab00e5167376bcd57d91f0d2aa3702e741a477c12fb3db2397534c3db28
train,4k,39555,1cc78c9a46e394ac4376b68397a67afceb997fec7dbcf811dbefcbc0460dc508
train,8k,107000,1d9c0bd8999c7296d03899be09f99f4db595975df1ae6548b299506c7cfd6b27
train,8k,68763,b4653b635c1b6a88a2cb61d4c5e09d62a48a4f9b2299f4a6eb47120fafedb9cf
train,8k,22218,1faa6ec655520e027c5a0c5032f7bb1a48a2fcd561f4194e3c2db05783862a53
train,4k,121352,77c3dacd1079985a3e8b918314ea40b9a887e1374b4da40e16a9c00f3807264a
train,8k,35340,81877b135e5d523e2d49740f414b692d1dc7fe3b9952b7600766d05cd2bbd9a1
train,4k,39490,fd60c240c77b969c730ea318349204eee0884fb95850d0b91529b7edb11a1c4d
train,8k,168739,307f82c8b6ea5735324b395f504b9dd62728aa6b3c03436cdabf831a561d01be
train,4k,145943,e05d86003c229274c07c260c43af4a7ae135f800a20b7b35e7d87198dd1a7c5e
train,4k,9125,737fa4e9eb76193e58778cb4e600ff4e391dfbefdac82fda6e4ae8a27757239e
train,4k,15814,1b6b584c28db9b158c83940c602b8cd6b3c4916c33d8dd82becfd0bd19cfd2af
train,4k,147309,8cda9ae50eaab3b328fca65f3cb4a5fab967ad90ea8a2381c5cd67b60e01e94c
train,4k,53785,a3f684b75b98c7210f376a4461f9b55a36c5119bf37107d5785cb30ff0958e5b
train,4k,21728,ea69871a9d51d0082bbd8fc64f190f7e40abcbe65ad184e900f4f18fb136f27b
train,8k,353,4cc3da4344f5693ba7b3be03009c47eeb3cfc7c27feb2075187f0f15fb4f4a85
train,4k,174616,6e69408c00d0f6e8be316fe1ae6e4a5a7f8197ae09927ccabd6477b28e4e8d5e
train,4k,138024,7b12e962677b14be79bbc9c2de1a66d238f6b418e3c964a8d86bcc0573c94f9a
train,4k,104148,74dbb57d4050ae79bc3382813f77faacb645f240ad38385993a74e0289486ec9
train,4k,31078,d9eafaff2ff1c91e5c38ce583b8123a7f0a3430389343e7e6aa15dcb24489eb6
train,4k,112514,09fd69f7020ac7d26c1150cd1a73c2c93a847bf556bf254cc7b718b897cc4f70
train,8k,18187,fd26f5eab88c86c6e1baba0fbdba8703e94cecaf1a2177fabc89e67265e14745
train,4k,49508,337852c87bf1ee8996696a04c1bd22a35d3a30a72d15ca72a68973709dd66116
train,8k,159747,4f3725c8efabcda9bc72bb253af220b56a2871a84f64cecfcbba4ef43861d0c2
train,8k,117917,0939390d84f920bd181a7db1b2c00305a0ff428a8f2423b066465ca432503769
train,8k,163397,a1b3f1da35be316b1a18f7fa04f5e6ff9123882993adc13517a867fb07fc414f
train,4k,168586,90c60bf111192673580914632aa17b380a16ce7b6a5e6661a1a41bc1594d7519
train,8k,2845,10cfbaa02f86839d31d990af94578659b60f4e4b2ebf72333be82f0c8d7c7ed7
train,4k,43003,c049844ff48552076880117dfe8fad558b0b74eb163dc1a91d47f9d9ae3ed0cf
train,4k,15761,d461b51410e0394feb5fcad8eee638a8560e990de8e1ed6a8d6e2fd7ca5d431a
train,4k,39013,4e4d6da69fae4f8e4c4288bd840567bc769b449ddc42c32ae00c1d03e7c96cf5
train,8k,152786,bb8f9bb46302872afb4d46653d95d5d960efb9a51292937dc8db8e868279bbc0
train,4k,168222,68ff5ce8a4601cca5a354fd5e4a72b00877842b24bccde67ae39519d889c7f59
train,8k,155790,ee545b22cc0507fffc0853907fe72435159723f41d44951c2465f9f8184a242c
train,4k,188772,5a998bcf714cbb3d2c2cb7308d25a0316cd4b5c2330b104ec76ef42d541d149f
train,4k,103445,26230875628e44adb750bfab7557109bfa6197397c18019797e7a47e6f426bc3
train,4k,182709,894a16b4271332aacc73ae8c6c68f86902657bd80a9096084e108b2d70538615
train,8k,33543,a247bbc02234331a5852deee46d20359373d2ae68e4df138fb84454c2493b4ba
train,8k,153320,d2951a92e8dca8f189865fbb7e03b3b2f5c8ef21f11d0ca540cb228a87e553eb
train,4k,72187,9080659e4c3c285ef66db729363d6dab8ab719be0da5e252488d4bf3a5c341d8
train,4k,4696,041d0a6cf7322df7b7e3a95f27356fe53ee6c7f3f7d379205d5cb74fd0c6640d
train,4k,345,b88ee5bfea308bd7c383311731f6ded346a01a3cee3e3f8f96cec77a4509ccb8
train,4k,31760,f147b2b7bff90d226f694f30781f8c929f0361b0a159730fa00d0855d6f5ace1
train,8k,66204,a5b7555dd8a01ebb0f614f98f9363b2a5e372ad578063d1f767861795fc67308
train,4k,112519,2f87fbeee1dbb153b085abc6dff46049d6742e20fd303dea5a3d5af809699377
train,8k,118586,2b9b34bb0d4567e23735c7fbefb479b71f80f2698f583f21b1cedd863a794d4b
train,8k,130392,a7c40e3e5a22f09543d3a19cf0ffc314507dc316d0c759469e841608a4d80cb4
train,4k,136941,abd2f00007066c8f189ee36732bd95b1baccb2aadaee59844447edb9a7f8a899
train,8k,13504,7197f5eac55bf36a59065ef2d6e76340b04976beef6a4bf82d12c149cfdbc0fb
train,4k,67000,42316732f393bfff1f01c3cf38a354e684342839fd743de3fc7eae9cb750e913
train,4k,121805,dbc5c38f813721a4e591e5e742d9202ce75486ddf4bf44d17b12dd381367a0f3
train,4k,155726,e2790d16b31040a02e777379a8157ac613fce86444974d7aab307d16844c5aab
train,4k,192363,ed8561fac746c7e716e309b59fc32dc9c2001f658e6937973439241e42b3a67f
train,4k,140589,39a4515a94fb058b2e82b8132ecbdc77e0f0e332268ba660b31d111afceaf79d
train,8k,89031,8807fb2ce32a6afb3ac3cb927af8bb2df57c6ab27807fde32e27498f3667de83
train,8k,24102,7d3804dd1e33f93131efcbad365a1609ab47f1331165f68fdcbcd209e71e1feb
train,8k,29986,c9d65a687510cf387671c41a205c5aeb62e186e2c8a06aff9ba6f41aa763ca45
train,4k,84235,f01d0700b7a460ae3a60f568e6efeae8aaca9206017e79a666460e49401615d0
train,8k,102268,e6120f7b36c0b9741ab9a7f3eec246a3299cb92727f878cbe7cabaf431fc08e5
train,8k,157421,af90a82ed6a947cbc5e63f04536b3e7b7b4e341f9ec57cf75d7acbf66d8a3283
train,4k,50020,9f969638236b4f8e0c330ef784b35cebc9db286804bc5767e2485b3de53c2b26
train,8k,10727,b3a25d48a99361654f4816e8ce3c77cec635833e5585f5f93c5584bcca4f7977
train,4k,75329,50eccfa03ca3af13de47151ed6f675469d56a434a2d4f6a6ae2fe904f79a4798
train,4k,124183,5c20de37806f539c6454310248cdd1b60265d6e66d723af74e6543048f514c72
train,8k,64738,540a775d0d6725286a90383e882fdf006bf348c371d3786734ee5ccfcbbe7a8a
train,8k,34384,27bb9e0303af5ba3aac1acc06caa82f1eb05f5bb2c2f438bcb9ece11ba0828f2
train,8k,35665,88beb1f981b2de70b10617a06d42df9d60d5428704051fccb81140a6910cb1f2
train,8k,60230,48e66fcd8e725288d17eddcfe2bb92e45683bb21be5a740d82f44377bf4c130c
train,8k,170954,d8f19e393f8a6e6fde277941fc9f6046bf25274258e4b0437fa1e499e11ce741
train,4k,124350,e98f57eb453a2f31eb54d36a2b62c0b3d695984e351612ed4534f9853e9a9180
train,8k,91927,0b62118e848a0fc239d0e47208302abdd45be974090739ff258c23e46e7abfb5
train,4k,169787,6b72de2605dcb4306fe25a996d11aa02899dc48148dc6d55bb42daa0e59b60af
train,8k,151341,87b0a2e84b29d13517bab240343b851d1dd57bf4727006bedf1de7a8edd55a44
train,4k,144792,6dfc5eb598a3f23448d24ea02c59c5011ede8f7db89419e65ef77cccdd85cca3
train,4k,181699,002332b24709ef985dd4b1cb9c8e7b9f27df030c4d868babd72fd5b4cc322046
train,4k,149544,80f1653895ddf95c96dc335963cdf62e517b8746a2c9ecb74245074cfc061656
train,4k,167119,27c1302acbb876b63168ea2e62aab9f63518223362bb90b7e38ef239738c8a3c
train,8k,8278,34d6afed80eafeffe0224bc41e518a8e076b828bd3367240c3024c5a0cceb819
train,8k,87233,a373438cf29f553f480d534e83b1a66207c0a07de0eb4bf08a26a3d2e17d947b
train,4k,19489,fa8ae1f5df3512a5e2ae4a706d394281c49e009fc31db7a5ce981718c844c27e
train,4k,174931,6c117dac1f00b8d0bcb6fc4f23ba2b659ad4a3e52a62b971107391acada1d19d
train,8k,94867,5b6487621fe0efcf5de2cf01c31a7c3d4f9c978b87bf74773af9e66c3ca629fd
train,8k,133975,865ef3fbdfd5287be8cd8242661e43ff425e1367e15bd3c82c0326dc2d4f0ac7
train,4k,6295,5a35b1fd4c6db8ffb980e71d1bf1888758c502dd517f9c5db3a9d6c5be559507
train,4k,177723,5f0beb4abcec76f43f4f7d18523a694b7f12c4b2c7bc0cd34754a736e9463d96
train,4k,103419,6df71de1aa3a853181541b420728f10ca3eaf74b912438820a82afe020958aef
train,4k,6848,917340c3827fd9ceee37b2c440c2b8ba34a44eaf6e365cca78371df557a98574
train,8k,84488,0603a893008042afde4a2d0139f03ddf82f3d09768e4c304533a3368cd8fbf1b
train,8k,104399,552b1fc83a35546f5b10fb9746a83579c3613a95e6e50e43ecec86c1c21a4bc5
train,4k,80038,125bd5914138b5d16ecfbbae44fa0d48a51959016a18b996642a6de1410087d8
train,8k,14136,144bd13b69cd7bee4ca9f90ff4b9ef7dfd895d86d5d6d4d194078d06f2d300a7
train,4k,164454,d12721868b7431d74c6ab42046694abc30c4cd4184172729b606e35a8dbc0ebc
train,4k,42775,6f191faf75439dafc0fddf21d3edbe981f1f958be5903a4fcefcb2e4932e59be
train,8k,95729,75a15198e3e9f3962e1498078585cba05980c49351f7c38a6ab82ceb22073958
train,8k,69609,17f0ba46d0880d042dc667e6653749e9a342fbeeae62ccacbc085be6bf4633db
train,4k,36219,b98383ecca68044d02faa8132cbd37afa8b0b143ce0854b182480d2914bfe722
train,8k,29799,0f6efebde9a7ad76c97ed02463af2ca3ece245f6cc745d33ff4293e51f436012
train,8k,156012,5efe6c733da068794bdcd1a76fe5f2e452c7f9c1143a3e23b412f1593a5b4a6d
train,4k,40421,5d4544e7c817cabcdd59c571f1b821630b4647703793b4741c1740ac57d75c4f
train,4k,189071,b746330ba1b8585e1b351c70605868eb1cb8ec2c7908551bfea92dfc42d4661c
train,4k,25976,5948ac0b0efefe17661e5e1dee76a41e7a9156502356e1bc42a4c09fecc6cf91
train,8k,136388,02350b26e2a7e75d627d551c07f8040684a2a0b0e460c23b5d1510e1b1e16a8b
train,8k,20519,edf80ed3b43a86d78acda06619a240c0021765fe372c8947b99739c9e992f25d
train,8k,24625,7f66081a28fcc7374c8fbfb946c43f7782c7770614db1ae611e9598eb31635e0
train,4k,65015,7128c7605e53deb55f9785ecb265e879fbf7433c6d8800564b9c93318af90a32
train,8k,128087,be0395bcb179d53527dd09160aa53c094db1e403d9a20bc6e228cf068c811184
train,8k,579,b402819476dc78b4b3562b82a5fc9f20994243ae831176c947a267a83c29860d
train,4k,78182,e064f2dae04a67612af213427e38377ff7fe64fd3201b26dd1578cf613c87f2a
train,4k,187956,2fa20fb9fba694314bf8062631bdfeb685a3751413b2d62eb26b07e8f798e4b6
train,8k,89943,78be9dbf7884a1b11a0931a6e3165cf269a281cb7f41be0b027c3d3313034129
train,8k,174576,e62e148bfc8d0f466d55cd16e79123c35bcc767b8b3e08d522dffd2202aa19c0
train,4k,118038,10e164f41769b56417af01bccd3311e1081aee45f85258703fb1e3a6e3990827
train,4k,50060,b5fccb3f6fe8e7cd7a05e703d751e9b81a6f042f12824a0319df53d4700964ce
train,4k,126668,7ebdcc7df65e32f1d29ce10e2e1d0c0b9ed55cbd8ea59869fa5029d0475720a9
train,4k,147642,4810713e1439a1d7d3ae0563de4336c6b5824f5b0b779e2c7b29295931090d0c
train,4k,184818,06eba83a156b317b6336ae5082be8134a108085ff96e2812e46233b93fb71177
train,8k,162551,95c9e07f97018939e685d7a50cd55b32c49bdca813474bca776e7fcacec9ab40
train,8k,28193,0a240dc5044eccbd9b30f700f82c3b9c34e1cb9d6499ce5188b58fc0f8d1c0c9
train,4k,180576,07a86562508014d3b4e7800ece5f464a8ffce73c262928ccfc234c84002b5028
train,8k,64505,742ee672029a4508abb1bfd666c9054237c3f5f4f9f63669f27ecee25ab5b90e
train,4k,127270,5fff1e5c6368702bae7def6c4e3d0488097d5cf48fb820452850ef31526e9fbc
train,4k,138525,1716d49aa2f444935b2ba8063af85f7ba4df9b312a6515b46c14f187e42a3e49
train,4k,110772,c01e2b9f98778ac969f1fb01a470ea748118e8e564371f4a1f4c92546c456cb6
train,8k,13278,8c06ef67418e72f9050a10a0941770cdea016da1dd47fa01f2fbcf0640fae5ac
train,8k,112006,854605cb01942fee1220eb8a16553bb7d29f670ff8c7c822f019f1353371d4ca
train,8k,104283,7b29075315fcf4525fe9189986b24cc483ec2371ed693a89b778667be7f1ec28
train,4k,8512,b4a0ddd9c9f3ddab851aba9911f6cc8d62727ad9a680989f9d15c6b0f67ad7ad
train,8k,40130,05cbcd65a95f2ccee42768c1c9d19b0e1c3788c0e04de58db8d40aa2b0dafe17
train,4k,15101,10e50663afae7fce05ae9ea138973f2159cc41587fcd607105e8682302306f6e
train,4k,38260,c771eb87fba0644b89d13041757c1348c3977406d49f21e56584538201c26e42
train,8k,114370,42a15640f17e412247c601d8ab62159a4b69411f008ff1a16a663850a265f9f1
train,8k,153031,ef3a4a1c13d87bba40519f89e81a41bfa64fd73bcdebced7162daca68599e79f
train,4k,60582,bb6473e5cab6a28a0d6c007734078747a51bad360245345c3d3052e8073398db
train,4k,23209,6dda6e2cd588e11dacf7df9cf4e26623d3a785faafec0ab89f6097f15e750210
train,4k,69580,8c720516e459051733bac693c6b3afe0cf294a1f258b77740bb13abe8ca48f03
train,4k,99607,99b5a905a11722f5dabbc2a0986906572085d863027536ac228ac7f55bfd05ec
train,8k,39925,fdc29a5d0fb693d91f53d629f21f01e2d64fcb9a842ac2cc81db8d776c992acf
train,4k,21140,e728de1881e8dddbed7853807bdf3ac44d07753dfc33b88ebdc2e762df9c0145
train,4k,68837,c5068577d51d479681e1b40d8de0081ee1c8408553dcbc7a727467b5cd2a3fcd
train,8k,46543,6b97785024a37df5879fe1123f4cd6472095c38ce491e62f26ac3b9d127271b6
train,4k,133392,a20e78bfc70f67db20d2343e5481e992d2b2a50118162c3528a77481131f84de
train,4k,169272,ec943c1420831a8993a62b34c236549277379f006d72d243c99ef9f0a7e4e248
train,4k,80337,f4e0b560f05f9f9769fee67869815dbca8e2130d185463aa9cff03fc2fce4d5c
train,4k,48115,9ea47528b4d83257d42592f9612c25bb6c6ebca95c55deeffe3f86639f74ad84
train,8k,9348,b7537154da782cca91ea672d5e72fd7a0b833ea61cd08dc71a7c4395b3a45c82
train,8k,57570,c096f776096c893ce9b66bb70cbc0db66e302dff522dee447e5bf81bac4d3577
train,4k,103726,7844081d28122f95171a4406a3f008af038940c0ab23620bd999ba64e6e0afa1
train,8k,44321,7597ae3cc7b20d5a56c029255646d963420c88bca6f9914aba050c739b61c43a
train,8k,90214,c91a35ee7e628be19644b6e6241a17e3e9cc276722d06de71c08bd8d1637d403
train,4k,82791,957453c44a1d3e74d2ff508930078326cd1d37c97651ebcc50241b3accec02f3
train,4k,71644,cb7f4ecad143b1ea8f8895261683d534283760b281ada34f19ae0988c48e6492
train,4k,151279,b28ece06ae4ff1627005ed244dbd0e68e768094305f5006d46c10c30c196a5b7
train,4k,84902,89be9d739d290dde6b0183bf282576d460e3b1c40c1bf6e47356f9e9a41c6c2e
train,4k,87869,c5f2a91bea0e46df8d7e331e08c469a04cfe72c00497b47d8e9e7307513f4bc8
train,8k,119734,4e5f4dbfec3e0a02335aac20e28f964c5ac67cd173db5de88541032bef30c7fa
train,8k,125298,65c2204695c4474b6e9e79f0fbfe34fecf3cfd029a9251eff892d5c150aa8d9e
train,8k,114544,3417a5d01d716336541d42a3ef8ded6ade052e5e0fe1529ab5eb4d75978bdc8f
train,8k,44954,1673bb634d134bf3f371a21a5363f29aeb369df6a9ceeb6078b90aa61e7ef0dc
train,4k,68140,ab56b82c64d87151403b7aaafe5c5031cc77758c6763338f13cbdd862df3fbaf
train,4k,37582,388cba6eb9a8bcf6038778d6adb3d0ba284deb89b84ab65344d2d8e0564dd329
train,4k,114261,a2eb0c49351f065781e8ecc366f786ac464fb3b293682fc509003a42e4c106b4
train,8k,52695,f923c257e806dad3df12991a752e77302d3531b431563e88979287cc23dccd03
train,8k,30248,6c435f417788eec2bf75e60702a50e5dfc6a111433ee4d898025d5172c511f68
train,8k,23976,1176aa68ce1983b3ad0e5ee586f5ecf7d07d29b1bd6ab7c804deecf0f6278ee9
train,8k,76097,b9118791f0308fa38e7465e27e79c0ca456be2b1c95509b1c923ef3ef4caeeca
train,4k,38685,33a02336a8a47b889435d05c8cfda714c4251a40f2d9f13f535d6a629039242f
train,4k,180720,0b1d40301f0747956ec07f892c0125a9e3a8fa25afde92c0f8cfc0222f87b3f3
train,4k,43079,0dd2a80184e36884fe0573f43880b604cdb40ceae4c19137947ca54e234e9168
train,8k,11834,8fd99d87f2b311a6108a8b492041dfe9481811aefbabf300dc0cd8e224fe5c88
train,8k,31740,ffa6a7b7b805e16d6f2f3d19655b32f3d5a7637d64602abfee055dc78b6b3732
train,8k,133790,b6b11ef0b59c272891edbfbc9cba6d62cb3044bdeb89f19603b95df0a7a5517a
train,8k,15535,fb9591bf646f48a1259bfd85db202a8362242e541e3b0375f57d6c0efb8a4949
train,8k,50002,3374432c63d20585d3a6445a0c9122a92131cb006796f4d1fe27382a11534db1
train,4k,133959,564d3be0011a224e099ff78ed91c48ac10965e686c8ed333553b19df4e12c627
train,4k,9883,d76fab378d7eb09f5acf16c80bd2ae61972bafed37de40f05e7450a8e5a3699e
train,4k,68231,9858d0f1025af22088abc6a25d69416b7eb6b1dc1521a899f40b990eec053db3
train,8k,69719,51a611cf52980c41964cb34259a1266d0ee752dc7702246976333288aaeafb78
train,8k,66745,1b636862110e782e37e218a2490a653217f912fbbed42b7a7862a7ccb964991e
train,8k,114382,248ab8427983d7b570d3e8000e7e38ad15e43bc801503d5b1e21bc38cd372b5c
train,8k,181098,86682c02df8b5ad0cc81143429a6bb29affc75f271bd6d7a4046b0abaf199c2e
train,4k,69910,92f4cafefe03457420acf7f1aefd35353e6ade193eec6402b0eb030056cb87c2
train,8k,75124,44320167133cf8741911a3a2e5c868a0cb05c3f3a49e6f1c8b0701ef38c05b3c
train,8k,146139,6f0f8c750685dd83054de68585718f2e2843eecd75bdcb9f03240acf1150d0cf
train,4k,174834,e678b47ee9d02a0f83b6238d199d172d5c50f24f8577feb8cdafc824563b7365
train,4k,165481,a556acdd18f6d8d4f2f0784d1efff2f13dc54d7113c16e6397015022bc799114
train,4k,23069,46bd33ddd119930bafee1156fe01a4521d7dfabfc4eb3556387f43624be88491
train,8k,181221,b9b2c2c29be4c35b09fe0e6f85ab5145f6b334deac558df06647a46ba2fe5c94
train,8k,70241,d40e8884f2810d29c4863f500c17e607b75fd9b9d5b27b32c1b5180b98642c5a
train,8k,130364,e2290e4cf6b0654281d6b62392a066788c98878e2558f7b8643d71306fe097ef
train,8k,1445,81f491a0bf33b4f4956ec0099b7df5d5c54aeb98b04c01ad1fec20637dc54a59
train,8k,132287,576d1a63be158be142fe3a3b799ab6cdfd57b60fe2a47f495ea4e0adbf38a5fb
train,4k,72517,ef0feb7dfaf696446e050ddecef48411a673655cf22ba6ec64def91068640dde
train,4k,159465,7faccc1d28f5c42a87acc7cd68f6d5db661bec505803d7a5393c80c57ce9afdd
train,8k,100585,2b589171a2beea9d52e70e9d25c0f17945226d878e7e00627e4dedc84992c778
train,8k,21578,8a1b6074c3c505c5105cfb7f3004c38320fd91703e7c1b7e95d4fa8a46bf35f3
train,8k,126646,6812a34017b72aa969ce5acad177d975b2b06f84aebc0747220e988f53cdc1c6
train,4k,41299,87bb915f36aa8b5de7de571cd2d90c00f62efb2a0b0fd475a2e0d0f02f39b747
train,4k,115934,554119d21f8dd0d6f22f50906e8c29e76ecfb60abe31c171e501b105cb7f0d04
train,8k,179417,caa6bad615fe82da78329eb3d2e58d0fbe7676dd8eb48ee62443af38b286974f
train,4k,113234,f14c7aaeb2c54674ae25c45fb8cbfe71ff2932ea71381345af6edb031aa79863
train,8k,78297,a931fbd787886c4ebc319d824022d5b8be662a1d9b39ce8b3ac4183bec5b4d7d
train,4k,18326,f07d511c223c63a790e0921f874bbe8b635d3612336cc5ebf5b33a24097f290c
train,8k,13478,7d4ba21e63eb388b7781d3cc28f7cba90f4cb883193647871dfea034a4dbb5b3
train,8k,131163,010865362afb1ed2cdf2e3f825e2d65f8183dc57148fdd9e1c8fe01d98e84d65
train,8k,79162,1da0b64bfb06ddc272bb828e0acaf934c095864fe3dc62c87f78f4608dfdbf55
train,4k,24161,8b5a0574c77a4e0dd32ccfd38317c4b0947968e14f1396a07bc48bff3442963f
train,4k,160865,c6ac9d8da37609b5a122042a0049d5681eba0392e98a91217e51971a84e6e680
train,4k,170009,4630ba92e32b6589c722dc9352e9a44f219b2cf27ef9174ffd3f1f3090f12b1d
train,4k,40837,d38448f9857d94c55670993357e472911d8708dbde5e3a9137700cbab0dc275a
train,8k,79013,73a9785725d6bb2cf7ce89306d267b65b46e8a8642259cb1d78bce3cb6f7ff26
train,4k,108719,f38505e209693b8e042908576dc4d3b0b8dcd17728d429fff22bc34e233f03b9
train,8k,125286,85c736cfed3ab721ad079f18c9320710669cff92b861ce07a68ee79399a303f5
train,4k,111153,821364241e3038125a7dddb35f75687915fddd1a7aefae58692951f9d3b6417c
train,4k,144939,644c8a5a09ce67c8b217e593a9c3aa437f96dde45a3279b3a37b7160a7c2b591
train,8k,32621,193c1bd26a2cfbdcd449564f9e8ce28ca82378a1871ad431b600ab71ba7b32d7
train,4k,150930,62f638e9910da72035095dbb5b05bf5deac90ff1513160b4d5f46abda653f29b
train,8k,56029,c320cf29b4f96d578a70f01b49aa7e12edc954b4d350f89f3418603b596a4f64
train,8k,129930,8f13658e1e7703eebb89a02658ccf5835f6f510340a38431f512e84793951d96
train,8k,147150,357f30f3f4124d147e2b35b6b378b9aa59fda402acfe72144e00b569c7412b8f
train,8k,71538,40cf47f0d55094b400b408bff340f6136820aa492c694ffd28afaed4061c9331
train,4k,135239,91d6ff5f45eee3b641e1c006c66c16b9f8967929a3fcd6b4d52986a1c075098f
train,4k,124056,fb99b71a3b03df3b5fd22af937cb872964a20376f18b2310b42fa9d2f119b390
train,4k,59797,1b2abe139a6876b039462a68bfd233a2bb392c1a1543a664d85b89e90d8d05cd
train,8k,17743,83c6634bda42f0742964af03d2f0d8a3f932afc2ee932a1b5accccc83eacffc1
train,4k,36772,fb1c6ca39bb34638556806376889873413740d9a0dbaaaf08af7a5de865d59ac
train,8k,110598,2b2c2d2e5fa53428ec555a04e545a05f99d3c9bb7eb1aaef18f6f24d5c5f7b49
train,8k,133905,504a43b260f5e351d6abd8e2078d5d76018582e603ead9a70fd77cd9c39804c1
train,4k,122198,20eaa0aa20421f15b76250afdb1ab9790fa26c1e9c20896f2943901c3fec8dd2
train,8k,181833,fb82442072b35ab78d4aa2863c895a24fd9cf7a728bdb0f20af43a43865dea86
train,8k,22031,4a529fdc4e77532995c9f4d6623667092030b778c71ce61bebbc0980d3344d3c
train,4k,173175,ee0eb37644bf75414104650ba8bea43d9074ff78d4093541459365c6ba886a0a
train,8k,162313,5cd5cd1b09232cb840df9d13f50c03ecaff057784016d7c5a3fd745d41e84771
train,4k,172950,901893c8544ff015cd6c04e84c1fa42e1d6de3b82ec79fa2bb755247cd7d8099
train,8k,178781,0b2107a0aad9eb12a3b31e2a80f94f1c3985c17349ebffb8991b4c980bc560c8
train,8k,114166,8e2e8eacf91632ebaf6fdc4d4c3453ea66ddaa795877309b177c8831dcf48f1d
train,4k,187689,4150887355ee92a330b3fe722c87bc42a7e00178d5e7621e19d55fcad3db7844
train,8k,119004,48c9477a4d962fbc2d21b43627bed0eda506979f0e7ad3ceab0a32b4180324f9
train,4k,126088,5d72eb27e124622995523507dde3ce31788c9d49df2f91fe6e44eb6ddd1c0b63
train,4k,48366,882a3eb887c3bdee38596380ba5c405c60040879dd38f01d74c2a9b526db44f9
train,4k,152283,6f4c456cddf853ce9f0afaf0ed5aa23e2005d4cb31b6b6fe8a7170c125fe6cbb
train,4k,109102,1e8508d7fe98e5326e749aa8f054f896dd7560a6fb488ae81a472a183b51c878
train,8k,30411,9cdaa35dea63128161431ecf41af20d1debdc7f1399800e48235039f086c4c4d
train,4k,108288,97090ae87a0ea7a95143a3a7ea613eaeaaaf5daf09662227a3e3b60c568c6365
train,4k,147037,2d34a9b0029a7e4c52ea9cc7aa65cccea89f01e9a4e82e241bfedc6009165c11
train,8k,157730,2a0c3974f57f85cb2099c86bc8d426227501fb4fff11a0b4d64ccc01196664f0
train,8k,171644,6615cf0759ec90061fd7114b4cd6f38537085625446db6a54986ef792bcddf8d
train,8k,35972,ee1946fb8aa6a5e53b19a6672b7b87f26c146caee80a04c03b718c3d9232402f
train,4k,36895,8e77cbddc6c32686ee8b5a86826d549d7aaeccf3ffe512de01683b1212890dff
train,4k,100538,40a1910c742a3133cf92259b242b830810e4799934e4400de66a70166924e9dc
train,4k,132924,aeff572bebd6196b8dafb53f6d00bb1670c05f582c890e2e521136bbe1a58e7c
train,8k,163872,716f100e00f127ff385168566b5e9fe5c6fb944c36810688bced30497d9358ed
train,8k,44268,b1b6890ec1d2d7a464670730de01cdebce9e5d3af4a9591bf38ba2d243a34c55
train,4k,57838,0aee1b245cc6418a632b8975ab60620991cb30421fabc63238576638ada52e1f
train,8k,128081,bab46156d777b364219152c446f62e6370dc24147ef90ce157e5c8ebba797c65
train,4k,131399,c3b3b8fc7f11f3ca565393fb868ec2da20eda946846705acbf7638e70ba88084
train,4k,50683,ec45b035bccb3ade761d1c19971e137db4927074acb2275b85151c1f8a21c210
train,8k,156901,1aad7b72e5279e2e46a8a384311b12f79ad6e3125ef23f5a87daf679a221ca5c
train,4k,107404,bc928b0000c8cbb60c10855d45b052967e8a7ed4462e010dbb5453578804bd0e
train,4k,32935,9140a8da7931153295ace36c99005d0381a95a99f2a7c2ded45f23e96ddf3619
train,8k,56932,3826ba397444ff52c3a9dac3da444bc60f8d47a71e8b41b9304739b49d83eed9
train,4k,119407,b7ea6d1b18db8cc919f0a2bf9be187c756a46f132d1fe6c0e453714c610b9e61
train,8k,166335,fd93c2edb43dc31facbb905c47f2aef1dd63f62b9dbfb02e26e71891b9972018
train,4k,109406,fb0e9692c310ea65370598e4e378769c5a1bf526a45709970da134a61d22e148
train,4k,16084,08169d52c5eda11e1acf7c99242a527cfa8f17a6f10e543493ae10b5e0ebbfd5
train,4k,116222,d472ccf86360fe2e9428e5b27e363f0fa736f0d903c290430ca72aed674ac850
train,8k,116946,b7f8445fa39a3e7885f2a34d91b439ef3ce0d7af853cfbb4472f540a16412747
train,4k,188619,07b0213f2b81a3abfe58b46a0a882c26e61d897ac9c9b5d15b6bb04e0aff29ac
train,8k,66379,557dfdadba21ce865634c9b413ef8eb189ec31c550d8ac9ed153073ad4dcf173
train,8k,82211,b7dfbcbf1a13216a44304567313e01b55cea9b25b9c583a6a2a2d45c16cb24b1
train,8k,61138,2133e004b8da0305fa1643b803a0f05874f5de5a996a48423b0a0067fed4da25
train,8k,134134,0054f353733cb661188ca30e10ac1ae9b5754b8bd61b242d0c1df43a2582f9ff
train,4k,45142,44c28973a7e730f73713ac931b0708dcd1b268860e30bf16d87387919b54aa8e
train,8k,165264,29af979ddf0d29568469a80c20ed7a8f625a38c74257aae0ba5fbaac8a64bce8
train,8k,148043,22e86ef10623d624ecaa29db2a7491df072903389b6b2a2ea6280b8093ddb6f1
train,8k,179941,8bf331eeb0de309d2dd3a11dd759c7be514992b5b8ca44db7fe5361788a67a4e
train,4k,62889,1f60d92786e2709101fbb3b72b874728a176e307c661dfaf308d1f552183a6dd
train,4k,80836,c80f2a2f64b6f5df136a81f6b9ca94b0965dc3c0e6b0a3ae5b8aad043c1807f3
train,4k,122104,a368e6bfaba4a48c7f4b6970e77adb2179bc3af720dc2a40725f644de30d6ed9
train,4k,147118,b65ac2f17a76cbb191f54bf75be5ae378bc2acaa4e8e2d3b06919923e1282769
train,4k,25043,e8294ca9fe3d58792eb21ab814321e4c12c777e658b2a70994e24df6cb063e4b
train,8k,154727,d166f2eb1f3267169220906b5b760a92330fa5e5b3f07ee2a1cbb49a767d0ab1
train,8k,159003,3cf5d762d21989b4fb09f963b937867aadb087278094be8a9f1cb9b46050a373
train,8k,165982,c01a02e0ab53bdec069c5fb4b20e3430b164a494f1eabdbaa5b0a08dd014748b
train,4k,91381,7c09a28f6b334ecb64adaf20a0a634edd7bd932d5eca625c1d2babc0394b3291
train,8k,92365,96abd9fcffd82f24b74dd094aac9acc080878c7d436b8850aeb00c7fe2378df4
train,8k,115524,6205f44ddc9f619009c223a04d250455c49544ada4d7d604c2439516f22ab4d8
train,4k,13843,017677f8ed9593f5d72277410db6c07fcba15c978ec63ed3cdecb09c64281236
train,4k,143525,9397910a66443e80159bfcb2693e7ed663eb08f59817e49e2d9a8a7e88192141
train,4k,48817,36245e3dda3ddab7b76b8e1320d663b577b863237d800bc52e0b9c0c672a59c3
train,4k,109141,0dc1c585db477231be5c2214b92fab96d674b89cf5ba4ea1b1068071cf998c14
train,8k,63891,ff1ac512141717142ded2f3ad029487ec209aa2791deabedebc15cc3386a2e0e
train,4k,16683,43d596221d7dca8dc44b096d7ceb337365537a3d767a3ad8c6761a58579d9516
train,8k,94616,0dce4c12ab75e6e4db231e1e905c3d90cb9db12ab8151c95b4eb7ccb95a7269b
train,4k,106181,ad309a3539e2ac58250af067169193a11b93fc140b4acde1d4ebbd704249373f
train,4k,22130,5ae415af10c8c83cc91938225f9e0da03381dc4d74ae14d68f992cae7faa088b
train,4k,18733,a7089a988c3d7e6ecc196b4a0eb531856abfc882468dd3d1f7741fe41245d252
train,8k,145124,84be67e4145edeccbd26902efa22fc2d6d93f8da22a786d3bee4ce68d8c5b80f
train,8k,111419,28441c57aa44ae007a8f3d497bffaa7c9fecdd7e961cfd5d94c6c21b1a65e8f8
train,4k,26827,e07e2ff4ab881637902eaf2f9732b9bc6711ccbef753cd194441dd2eeaac8eea
train,8k,92616,769d4f32643479a80af1a4237ba1007f5df27f5c470a0fd7e53320f0d92014f8
train,4k,176332,dc6a813286e9750dda9cae882cc0299c270abd5d30eabdc4aa299ac7ed722d37
train,8k,11912,ec673a12d90b51507e752b999352f752e2401a8bd52c4bc291aaa6162cfdc7e4
train,8k,5006,ad60bebdae6b1c39c1ac1add8dd84ad226f40b6889bc0f720d066282f3d1eba1
train,8k,48923,b2858ec2b7f4017ab0c4532c609a7329d4412a33e25354beb27c7df94da96cc5
train,4k,161640,e582e581d8241b56691bcbadaec4aeb38505e846917511c6172cd7aa1a65e3ac
train,8k,35005,8b57aac4a16d26bbd486f5e334b3b476f24b3c4e46ff0d2a59ec3b874ed3023f
train,4k,54561,084ac1e0e4c754c83705dce6ae544435baf39203993320ed5028f10a910440c8
train,4k,175429,a74b43263ec745a51ccc6cd9330a4238f6ffced2ffeed1b9d4d4e11856a77bc7
train,4k,81473,6dc48c303299144af1c0c3e120fc834e1db45915b0e8bce15f52b3eb3447c0d0
train,8k,29086,9da968107c6f15a8b288ec8245a72bac9812cc58407274a4d956f41606bc5f30
train,8k,37819,77df2e57d76ef4d84340715afb2953626147f6dbcf0b0cf0493a92434b48e1eb
train,8k,173020,92f963ec3b64db4d182a1f9bfcfef4dd26542f7e2588087a613b20bd24b082d1
train,4k,79444,ad6883fc3ed21a7fc14b6eed9e6af92d09744d3d96df145dd9619c40257d80a4
train,4k,151646,eb151eeb524e4b43107d5c9e58e917e82a0ea79e07921525948560ea7dee689c
train,4k,33273,fdc1bd8ce76814621fdddc150c288add4d85025a03042a9dd620bde6b04e1cba
train,4k,178375,880473f4fe3cf5bc73ed67924d41ed35a2aa0c3567196fac805e5a8de4828808
train,4k,158738,55aa781344d83b9ce229b71dd51debf2937ab4f6844fccc7f57651cd7d5ccf80
train,4k,114915,b1d0566adb5285b2549817ea20db8f28e0fef24642a54674ee66a495674f2a60
train,8k,23050,71bcbebe8cc158f34e66433a568ffdf27a89acc0a5492d445538c6bc99dff0fd
train,8k,24829,006f4987844f055c8e7cb73d706ac4d77b0f514cabd97262a652f40ce0273273
train,8k,152873,db9718679c8eb17d364ada24ba34aef7a80b4eeb239f7f00f3261511c052e0f6
train,4k,149119,0e2abcf89f27234170b082e4563635393da9d615f9c7c741eb850b6b2b720e34
train,8k,62102,629d02b7acdecde419d29c8e3906c918ae96f3584d59f6ab21b2022bb55d6685
train,4k,108186,50eeffec84727d6bc7c8d4637dff14e1130aded27790a91d1209a0bfe8df8019
train,8k,128487,b5d01dd61e4b621d695cbcebb9c4f721f14c6d72b482156a1a91e9805ec91ad7
train,8k,111615,ff8eb6f2695020e08cea2d0f3a5f29026f8512103ffb20523ee2f412794388c4
train,4k,165860,f675df91f370458a98577f6592fdcec14f0f00bb727c9b370a952e830c1c8a6c
train,4k,32360,73b9fe0020245db39aa4210dee80be050e8e0fe85d1cd208636df942524a3944
train,8k,88409,88e7604bbf90e8529a6c34353fc113c418464bc3185238e7c4df257ff1a2bd5f
train,8k,96615,671fa81a26159c96e217fbf4ed875aab9716801e3256ae07995952356a26cd8d
train,4k,130993,69ae4898f0a3947e7d8bcd81366e666f17f8446205c21cfbd1327278e374e494
train,8k,59195,a244b893d20f06470a8596b3c3680b012a4b7fdf305c773d4da65eaeb95de026
train,4k,135949,233dfa3edfdb35a0e5e72fae50a16e057cbc27627abfb425dc60317f5217420a
train,4k,182703,e09c315f918d056bd01075628f4d3aa57dced3bfaf7ed7ff48a1d3e1bc13d22d
train,4k,19479,8e0b9407e5aacd07496b0cff9014a08f8dc244ca75a65d567943b91a2457cf70
train,8k,178923,b8a4ad87ee4b628387a85dd8221f3ae7e25bed230728c56da350b798c80e7281
train,4k,181465,8d8a1753cbd26a221d6bc4690654df0349d0a80dc0a8201362813ff0656cf20a
train,8k,177840,15903dd86710c94f8b5c299d0277d5add48635e27fda563de58cd55a286845be
train,8k,168301,f7cc7ee96d2571d5205d006488b4a0745c414ee8efe6aeac9709390c67c7a68d
train,4k,24275,73458db5eb6e0852dca6425fff68e11d774b1d152be0ca56c4a3cda06afc9dac
train,8k,35144,5ef5936cee26f32ef22bcaf500a311210a22f0a95952fa997fd33268c50271e3
train,4k,140810,23d34d1184b20bed18c9da9ebd284ef79b8f3ca32356a9cc5b7673459d31ad71
train,4k,131077,9cc528b9879276cbe9eb484011324bfb9f45f7d11edb9d21c45a10003a420c39
train,8k,6497,cb1d2a410d7d254df83e4e8487dee5f584cbcc3b1fb18d3eb2191d2042bd35b9
train,4k,172355,a6343ade9c5e4b63a9211d508c7cce892cf5898e71594fc7484c635de3ea16a8
train,4k,168720,f67909fbfc1adc15918eb73ec2908af8a4ba0c59d3bc071530066a8f9989c061
train,4k,159379,2de5b999156d3c536df53d9eed69544ccf8d51478f57cc00a083e40fd86b89d0
train,8k,118993,c2b45231becd30892f91de0c0f45985a0500255001d977d7afb6200d61b5fd32
train,8k,29898,f31997c4037df223620f2b736a5791124604272ec4d0aaa6985a50d4972edd5f
train,4k,48791,2e1df46cc07ad25c24c38ecee5a30d823a58bf2fa8b8e4010e1456bf04ef4d85
train,4k,86748,e5ced3a6875f648c1472eaa99a1a0e6e053121992c280f4273c2a6f0ea1fac96
train,4k,152369,63b44ab79c4b72da33531aec7fc814ed23f923e86768e1dfcd5619e325f7e8af
train,8k,59822,197e6f644c1a9a37e808db8441fdaf9c0255f4b0ef70e49438f7a61a0e96c869
train,4k,137674,9e56d66719c89211544b6227d87e915f80081f6825a02c370e3bcd8de5ff1611
train,4k,75230,a2a91bd6a3d201be85a4fa6fd427da44052e215d24128fb2b9f818a3ce92a67a
train,4k,160915,bb818d20b4d5cb5da27bccaf08db97583fef86047c26350d520886996e44d61a
train,4k,54646,8ba2f04d03069c6ab290de85acd2a2adc2027f698ccf3b3e767606b329efd994
train,8k,80829,9611957c8209c9341599950490854fcfc9a5659fb2efc90e7d0f449fb53552bc
train,8k,41925,2851b7e6a40c56209e84aaba55d5589fd3f89052ec46213a5ca0b3ae188c3e2a
train,4k,167511,6dd9d1ba1bcddb88aa351bfdcd4c509ddc252bf146452b71eb6bab1f54645a16
train,4k,61131,e628dc6bfc1d4deec79576f4977c3c72298ce1b25b95d435d07c476a11b72e35
train,4k,178795,8229dac42f11c9ae6f3ab91b5605cf2430ccd9c7dfe83f1392eefbd1082db2fe
train,4k,24576,1343834c6a04b3e4661ce2647fa836adc7525e78866fdc340d8bc22003740de1
train,8k,48220,ad1c1a7e6b84fd48fee9282265551a53de0b07e8370d4b6e7eb360633b754c0e
train,4k,164326,d952f143e5752f131708cb61e28b99407cdc0732efc0185a892c2ef78aa265c2
train,8k,152493,83190ec2720d1e4ef6874e83c345acad1ea8068f776bbf1f7ce74093e7ad2d04
train,4k,127184,c8e7e82dd1b46a3bf057f91b5e8311eb4923f7f5e7bed2868c49350e631fd491
train,4k,27545,ccbe9a47c2e37d7303a33ea14132d694244b48adfc6e5ac12742512e8f4ca615
train,8k,48246,e4195c9ddbc2f182800c1122b924a7a463189e97b3278c03d29d00720c852f44
train,4k,25263,8a9e3f4919a93573ca3318560da2563fa321d011fa05fba8eff8ab7b5b4d094a
train,4k,128526,663ff68bd9fdbe20b767ba9c08ecbe234e10a40d2aeacf8d9994bbcac796a5fd
train,4k,124853,7deae088b4c547257acc4345584092ff823e655731b6359d419bfc52372d5455
train,8k,75729,f5c7f7b55bb9cd6ed8835e9c64a287c813d2841b3465d1ed810a66e1ef10b256
train,8k,82127,13c43aea822561156ff04d19cac3f47b3807f8f460d2c62be5ca22501326f318
train,8k,154244,b1150a21cde3a2118726cbdcc191aef49982930354f5a9adf9914376327f68b3
train,4k,146506,fdb5427e779c15a41d67eaad7dbc1957885da466477f826b34af4c150cd988f0
train,8k,141961,6c84cca7030b94ee6416d94aea915b3dad19ea4d317bacec442b3efd200d01e2
train,8k,123234,a94350a13e69ef459ab91abda6812c55b46ff3932cadbf052ea211a6f6860ff0
train,4k,17595,9a8835f565a2c30b0b08ad15e5191ed882ca71f3ee17153bafef85a9f14f6b70
train,4k,141806,80a991110ac63ee890464ed7c5d2d198374f10adce4a59814b58d5e64bf8cde0
train,4k,46623,65439048e0705093a8808a4b6a7651da9167f46b6fd5c05b57fbf4f8b8c39a94
train,4k,6674,4cd13ee7b2832f4e87a5d9d73218a4995b5e85917c1912363d995d67ab3ea080
train,8k,83063,51a0b69102964c6fd74ea9399901972b22c3c4a751ae5e9f25ec69a46787ec9a
train,4k,75718,291ce369b49eededba661c0ab8494a85c5a9460174aab43f340da027511bf928
train,4k,99486,b0860863931420fc913b257c5d6015bdbb3e0723949845c76765caf7a4b55daa
train,4k,57064,a9554bf82d328e05f925137c171ea037b8772181bc6b214d6e042431b216ffd5
train,8k,16006,b1e4cca1090b9c1044f4dcdcec30f7d5ee6b570b9c23ce545fe1d787451e3727
train,4k,58104,20e146a5dd57e571b9ae40c2c8dcf19e793009008aa8f6375300923ae4032172
train,8k,9108,7aee0fc511f9c253cc16a77719e27f914419c7787e9209399de28ffa0723d800
train,4k,26977,7299010759cb04944f88313bd35a62b12934ca9b1cd9fb368efb9c01cc92c672
train,4k,151612,90a6ca154e36da303096a3a8b3536db7f5297492b80889317d2778b2d3ed2edc
train,4k,88502,88c62f1fae957307a5f9d499b37e91a50d88a0b335ce30f8403d743f60b0721a
train,4k,151392,c282ef8a21feb74a0766e4019c8419e88e9d2989185bda356f371a74d4769dce
train,8k,142971,5480478a3e4e782b37341b6509cff5f446c528eba6ba6ae9037bc4d9e9d64933
train,4k,179360,e406059fee9882fc7f9bd2c0760f1e7b5b75b7b66dd0115a8bb616a01d2bfb77
train,8k,80945,9df8208598af35b612a676e766a2df3043acec330238e44d343ffdcc45ad7196
train,4k,42094,27ab97c89c8ec200972e1fcf7b19d4cb80f76c065ea0c48d2489e9121b5702ce
train,4k,95574,945422290184e8a303e3eb91205e379229761aec3e0ea436faa6ad95417a1faf
train,8k,137572,05eaa1ce814f51b967b28d50d651f64a15e14b8aa5b1a18cff51a3caeb96aebb
train,4k,110582,2e20cbaf693236e5b979c24d5979da48c78af0b9a06ccf34e0db8fa62214f4fb
train,4k,116427,948613917c6b31264e5095e737a31ff376e0046a4dc3806a706aefb55a9bd82e
train,8k,80744,46f57d3422d484aaadaf8d76ac4f88a63f1ab643828db49db7c5bc2e2f47acb4
train,8k,27158,af50bde82515ba71126e4749e5fd174de8ef9d1b4411325e9b242f2faab43115
train,8k,43814,fdf80e3401fac7d657e81d1e9f5361a8a9f4bb9310d9100d436d057e52c0ad27
train,8k,35041,e5256e4c31db6f1cefe1592f3feb1a6ab14971dcffc6c04767cce99f9c861528
train,4k,88848,16329d502a593aaaa87f6ff443d623090e6d0bd9a3cbda49751424a3701e07f3
train,8k,30022,c01e2848caab46cc2919ff1c6090bfd42bf62934d2fd81deb297819f36b68118
train,4k,67457,e9b1a00dbb1e162434081b9dccb89d1aec270cf8a6bb37ead5648416d68c2804
train,4k,144913,816708c99e13d4f71a276f3396209a15087f42a53d823df292542db7e79c1050
train,4k,65523,a11ebadf8182e39147214a542263a648d0f0700664c6556b523e3af64b9c2709
train,8k,158332,69521e73468b593d66008d89d26b5ad06ac6f3f758cb936d25152e8990f581ea
train,4k,117651,4a2f1a404c3043defbc5371a9dc190884dc868cc87415ac5e99749402d330241
train,8k,155260,6042e4e48b0679310f76f384daa97ad37e078c51b5c4127707bbc9f7213c3cf1
train,4k,16186,cac67dac3e3b82bd228cba676b6b39bc0f323d8b665e33d29ebc025eaa855450
train,8k,58656,ecc37e31c5ec6f50286ea27a6f27dee9004a32f19323b22b7fcb88eb27917c4b
train,8k,104732,dd24054ff06ca18d44a49c7e16e4f15677c30e0964b0ea86bf686c57638fe9e6
train,4k,80798,36761c7aa3d0990648758a1f97e402b5dd90bde90d8b98813c7f2693be7ef64c
train,4k,12778,d5ac603eb9e126cb633dd9e75ca855b23f9aa63f27df10627e7504d4bc3e22eb
train,4k,117928,56e8c2ea85a872825e90603e15e1e974c4050c41a7f5e3f5234ba1e816e118ac
train,4k,11836,5a25e9482abfbe20d2865ece42a17b4ffed375862bbca24fb0da8e309d6ed6ce
train,4k,62388,7dc213d5b656875f1f78c0af74700f1c3a86edba43028e3ea7f382208058fcac
train,4k,122140,7b4ef751c3770f34b23c24ecfeebe4967eb884bcdb279f256facafcf01c3f573
train,4k,173044,5ed9c6685a19b0df695ef05513148be86e293763345f51854cd93ad73f27a5e2
train,8k,19209,68c447e54698b81be0c27bd9882a5ae05aff780d95fbafcccc220cf3c91e5be2
train,4k,42431,05e89182cfca1f9a70014c0fc79645f909de4b9e792b433cf6ca15d2aa8f2016
train,4k,62640,e9c87c5f37abcbcc90dec4c7262ff2661afe5665ecb8d369376b5718f29faddb
train,8k,172895,62c3caf8ab6396495cca7aaa2e3510eb44d74a5be930c5a171776d5415e0d888
train,4k,69242,503390b847dc3d6b72af4a550962a1991622d2acdf9bdea380f64aabe63c3972
train,4k,6885,128e7e460becbcf955cee31356bb98d3a55e5b9938d0841017484f569b93d458
train,8k,118843,4acdc5905af136863b8a3c88e3048bcae45513f1116af35ef50bae2d0cce6b52
train,4k,184963,0ab6b0097e58a30ac9eccc8a578620c3368a30e2b32be3dfe0a97d677855b986
train,4k,108547,6aaa3cf02c21e1180f6ef1041799da78b0ebcfdc48206416d5f36c111b869fc4
train,8k,106047,8d06fbcaafc5f128fabf64de36eb549ca28103782b536e2032d558bb9234f5af
train,8k,17475,4acf25a77284b2375159adcd63e39d0e6eebee6de1677552d9db17e053db3350
train,4k,180691,f1be1766fe77204963809b28fac38e4bf4e8685433898c6017b6f6dfb1c40a69
train,4k,58653,e29c30aed0fa938a13f1c547c344e36323d83518eb7f0f6ee46dff4d1f0cc6a1
train,4k,171036,cb894372e1e6a3e65730ed3c5269d13ead2eff2f328a4daf674f821e5bd22061
train,4k,71545,ab69eb072cc0100e3c00c0d5c529d1b17a2eb4c6603640e50ca3065edf0b5990
train,8k,115710,39d39ea979fe4d77d0323decf9b7995657be0fe2989f8412f92b54caf72554d6
train,4k,65561,5e2557cdc2eaf343d36dc04be491f132210807c64fd294bf7cb84bfae8111865
train,8k,83641,1e9869f6c5f72c410525f4f7e7a1d16474eb7a9dbbccd7bfec2f10792206cfdd
train,8k,150645,b8f74aeb3ad232b80e23a028c6d7798f2eac73b5b08a76c83868f70e4befbfad
train,8k,71657,831912e42244c9cad11ee9fbddfb14a7843280b299be1b40962c5440c3f3bbb0
train,4k,57707,8dceed4a797dc138d0696012c2c5efc8686ff1e3b010606901955de4717c0a6d
train,4k,78603,fe8a1acf03d94216d3cab5481f84a3489b74990eee1c0d2822e083b1b0e0e771
train,8k,128471,740d41d335968c3d3410a347722f7821f31435b98b289ff21de79d9101099568
train,4k,109131,2a6b2fe0076b7c6bf875fd69d63ea5f1640f8ed8eeda823885e8d2f8a35ee2e7
train,8k,159452,438f544913211b5cb5ebe90bfee809a48e95ba56d27ceabd16190bc239d76eb8
train,8k,101421,1c23d0d2d0f8684004707f1f823e35c9cb5b6fb74c8fe6e8729b816e1cf671b6
train,4k,181433,c86165dfcb44a2fb260b52cda6bee62bd51fb84f447ac3e5cd97b3bb5096c33e
train,8k,100675,0b6419c7949d4c98ce48c5414eb37ffb527095ec86176c454ab011dbb5920086
train,8k,25948,04caf8a18be4d9e912f7e97c456e03923e74c251b5e045712a2a5fe680330a55
train,4k,179720,49d3ace02a7d69f3ac56d1cc855ac1c8ca2b4b00e8794d53aa5b208e82f7b665
train,4k,11629,b7ab099bd8e19b61a5f36315c776b58f505480ae77298656f2dd88c96d1686ed
train,4k,49142,65f1c42226a3eebfbd90367f8d32aa77b3410296ef22fca55898f58856d873a3
train,4k,164674,1cff15101c855ac05088161862a8d4cdc4b73cfa65842abc568d874e34b6c6cc
train,8k,52986,6cc16e5056ef9db627d41db4c24a4016623a3d16037a18fa6c40672e4e18ae06
train,4k,99881,6f1f967c52dc8d536380cad21b527bcf89eb84dbe33b3c23502af8501ffd9192
train,4k,182927,2504e9a0d7c64045031302690a8779d5d042b5c315b078f7d2d1076c5cc3483a
train,8k,155600,7107594989a1dc199842e4b4268571975bf84184f73d4a04dc320ba3c87f77bd
train,4k,180659,52cabb5741d26a0b9f4eb4c39366d6189aa5cd3d8062bedd58f3bf9f5f97b944
train,4k,159033,c8ecf6d152a0c4d35e28bebe40e9a3b02d607621434d46cdd3568cfe3b423d56
train,4k,27890,bcad6fef9b986565472214da585174c776475dba6c84aabccb379ae2716f0c0a
train,4k,31399,91d4432f9dd557bc6267b027ae873cb49412204bfeaff93d8a5b02101cc4a535
train,8k,125054,1b2fd6db814bf02a4ec7932b6a4255e9d8d38cb6911952b02c65353574c1dfce
train,8k,21481,5bce3d13f4a1f927b90422d916fc414fd9df30e1be2048c84a37cc00c2aac05a
train,4k,135491,c7eea552029ddd626d4acb7f7d1d854129dffdd6c8d2aa67ca4c7e007497680a
train,8k,107179,bc2bbb0ce8cb74a4fac6d13c2af2d15aaae826fc4672eb5a86a1b289a8073b0b
train,4k,97171,7dfe4319f420fc8005bcdad7131f9db529dc1c788b021628b2157c5420b0ee36
train,4k,143128,81441f5c064584adb0cf15533941bc3c62cb42c46894681485dd1d09ab9ebc48
train,4k,120360,83b5dc76bdab4e3057d32f81b981fd4f5f98bf8cee3cdc95de43141b1a50eeb9
train,4k,106146,ec85cc1cc33414ee622b1133cb7b1c326517eecec2a56c6d16d0a33610346a19
train,4k,143590,9add3c16f3142c5d70d691aa046fc9bb6c9f0b152cccf6237d369301be59eebf
train,8k,106854,b7d6196a70981e9f0478524ed4a4b41de71272233650aaee8fb3b17973f4e7cc
train,8k,154333,464a94e3a7b5de9af3dfb4763a40e1430f199aae95abf0ec8ebb862b15a32292
train,8k,160238,d1d0f15aa40ba52da6b7cebb4c32b4f8e01c55fbdaa7a09b7b2a33b2fbee3372
train,4k,69194,555a5e24eba468fa03d02ef0bf6abbee32cd703b85e4b47e0a5c36a64a11c22b
train,8k,168704,a094bb95fc24e610575dbe3ed7b5921d25bcbd0654528afbe7720216e5716aab
train,4k,99598,b896721ca129de45767936d3b910d193c67906e110c24eab606c950df896ca21
train,4k,92958,9a76ec03ce259b4f034b2241b5287b09534f7b2f4852248ea7cbf18e3f0731eb
train,8k,7408,2597ba06b570169b38df2186287589cee4ab2a0b35c942a729d36fcedf634311
train,4k,183320,fe46eada16f966616f2532914c8a9c73b8e1d5f6291306f30744d64c4baadcaf
train,8k,63870,0948c80343840caf1f1e6bce4f02fe5dca39a5753238b218f5ebbcce4134099d
train,4k,157617,80877037e379f4181c6c853ffdfc6f221905cbfca229326e5ed597302286c0b4
train,8k,170515,a9a3522db914253c934aaabde04ba7aa89f2ee2a6bc5619b308e2c8d689ea0b4
train,8k,100179,6a6c355bb97c6b2c2cd2646ad467e46143f2186690cf52ac156822d2f9d2ec57
train,8k,143497,9773dd154b0461bd9d95d778b8c572f990c045b08ba86bf27cb5c6f2ec8b1359
train,4k,81229,47e1ea5696e5b5f85e94cbc63106ae3a7ded618d795b7066fdca7ddff9ad1fa1
train,4k,124361,42132b9450e203f2a167746d4d2c446bbaea4b0656a0c1c670b38cbe5f3d7075
train,8k,27467,fdd17f358733ccde2bcdb6b69801db1e32b6f74af09bb0bf04482d10c93db754
train,8k,136756,f3ba4947b335c9e2cf040efd39b7d75c01dfae1f86eab1a809cb9476cec7a78c
train,4k,127358,c5d363763f27195422b5962b1f5edbc7ab7cbe5bdb5160b54143b1b4a791cc70
train,4k,164795,de3becc421a4d1ba34b14a4b0c34f0e4de8e87ff36095dfe717ed73736159a9c
train,4k,65228,dab84e49f673dc58cdb60a235fbad23d202b21d488f1d1abd3317f8569917a71
train,8k,57503,6fb05a836504106e698d89014590e1202f9ec0af942566eb17648d2a6739c6f0
train,4k,8446,95d9f1fa87b96c8b680a808d0c87fa912cbf13d6f4c9db49b433738fd33e4430
train,8k,100156,13e2e130e302b947a3d982f3abefab598c494c0fa4444af938ca11c1f340706a
train,4k,98279,bbe3f0a530fc6a338e24a3f0545ed071a1fdd6e38fce02c9c9fb050bd61a5ec1
train,8k,116962,e2dc951f5cbe746c05550b53ad8b11a62fbf59b6f43050b86fd940242b1f79d4
train,8k,56221,fdfd795fa279d36b670fbb3839cfe615d0c326ad22ba74332cae1ccec7a1fbda
train,8k,56641,3829d48a4e724b9acb42ffc5560546dc7eca97f3dc45a8f5f582072949670357
train,4k,79612,bb453aedffbd17e43796f3a29af70810d4cf84db50ecc3bdd9cb39e2b6a0a75a
train,4k,191461,dda2cb6233ec22de4ed518a107b88f0d98479322d985a5f3c17959c6dab555f1
train,4k,147039,202defa6b843120156f31c5bc0b9ff76a0b95aa65f736b596c26b1a1e9ad1af8
train,4k,75549,ac34a59cf763db2fbaf1840af5e6419c9c1fa11fbdf5f39e8839533455d9e0a7
train,8k,8349,13c0682e25f45ca48a421228b06d909311cd588930c24c3ee6ed007a4801c865
train,8k,137628,7380c11c1796fd0d1ad59b085f44d905d7fb9953c9c5b74e11c80c02777379ad
train,4k,20580,9eacd27cc635d56459c30a90fcbf7303f2a514a56d65047bbf686a8ff362a750
train,4k,156389,2ebc3f9b1040c81113d5fdd99cde5708fc80bf25c7ac7f3519d80a588713715e
train,4k,65540,c7733bfd79fdd2648a72c60f7a07657e9c88ca75b782ac4590442a0dac7abbc2
train,4k,129194,0ac6587ed1e5f458876cd68fd05925a1dacd0e8b90c4eaf5d5932453757d59da
train,8k,10561,f19b169a4823bd1cbfdd9d4535a83ce77f4c740ddd3b6787ea94184a1d30427f
train,8k,13817,febdce8e2aaa722aa274546f22c717fcf64a4584a9b51eac442b0d7b46d3a135
train,4k,6958,8354ca332ecda1d45b9178397e07c7365db45dfc9dbbdb63431ce91ab58ec953
train,8k,44530,2c21053679832b4347ec1b4fb5b15eaa078911d0ab69d030643df51b6c99b4bb
train,4k,136428,953bb03ec32172823f6e14d7c6899308fe6f95e8953c520fe215e5f5b77e36f9
train,8k,155951,22923a4140b71e6ea2d3a29868d261dc36486f1d94ea8fd13089848f6f7c6394
train,8k,45805,693cc337b5c7d423e8f994ecdd7f888a4a9ccda0d100a50772e897b3697afaed
train,4k,161881,a1148511d0a7e3a02d933c4ca535ad8466aa0de54c6b424144fa5d241e47ee82
train,4k,175069,2713af11e3e60e617fdec2a00dea604b25000e10e0216f7c0da44bbf74cb7bd2
train,8k,167813,32b7deedd627de8e62cafb1c8f8b4f2eecbd8fddec03bed5d5a4b76afedcedb1
train,8k,129713,8934b1c095474c66b130fb22260afc4a64cbc4c1a87d17d708e9654380cf1513
train,8k,54938,e4b0ac71498fa627b7ce234fa6a98e41cc6f43e332b210e3e424c2207d6f080a
train,8k,21149,50dcbad413ad2803fb44b65cb30b377a9ab9c0bb3bcba6ddfaea4ada02640f7d
train,4k,11117,5254882ffb3589578da9fec8200db6acbc045aae0e41b5bce2aa9f14c4ff16cf
train,8k,71265,3a7ae38f7dc2cc673e201288a335086097e041a73ca6b42d7778f9e069fd3428
train,8k,86897,efccb2abcf564d0c7d7fe74e5d783faab18b146cbf348bf5f02a1fb651dd5d96
train,4k,50071,dd6667d616ea47c82195a4a23e7136603b178d897effdda72b1cebed291217cb
train,8k,168392,cecfb1d01baa28933f06c98350465591de76ebece688d92b6ecb6119b453c5b7
train,4k,6977,1e09e2aef25f4d6e56311e75f891f928c700655cc987a7f0666d878c95cc5883
train,4k,101215,dc89824782b80d08be51d4a23c0090cd1ccfb4953a214b40be3c945e54f4d1ff
train,4k,39666,0db1ed3b8330bc6ec2935018b9f4bb1612f464c7a3e8e19fd6a4c3089052f3ef
train,8k,154822,ad8c76fd57092fd8e020eca1e9f2f08616a46a6f23a629e8805a1335d139e14e
train,4k,40617,544c99b5b079762daa4e7a44e5ff152fa6ff3dc4f5d506d2026cc5dd826b7d65
train,8k,79343,ed0d2b382c2ad1163aa5834660a10d39fdc23ada6b88ce4b3bcbec441ec52d40
train,4k,106236,94bd976705f2bf526586a8332c77b34ba77c3e1be4cdd380e470b4e2e8e7bbca
train,4k,170225,2d7e58288e4bfc3c5b9338d855bd96e9d043a552e6c1fc76aecc4a616d916c49
train,4k,35349,cff5b383286edfe9ed99a1b6ce4122a4281452bbb71810a8e9633c5f06c79c3e
train,4k,154424,1311d2307092f35be123e4c25e549682760d43fea5f90d15bac8ff666856960b
train,4k,104163,1476d63ce26b7731a07880d825d516858e49055f27e0ae9e319b46f669d89aa6
train,4k,14497,2fae7bbb787766b8e2e9f1797b66551436b6fe68332df9ba3ed8f53614fc600e
train,8k,179,2dcbc23ce735fd3c5ba480789561d342f00f256214a3b06de0a9c81e62c4b556
train,4k,72637,0c1d0e9653aced99ec99ca3336966ac7fdf7b5be4d14e2d1fa6f43d8a5ffde38
train,4k,37234,7971589e100ce65fa48f93051d3045d216becf465bdd0f159cf23433205d956f
train,4k,156875,6816d124c77c37568506e85234a5fb8a3d1a9906467587c72c30bfc4be34bcd8
train,4k,44798,18b38931bf397780e12e3799e3b868a32d0d1685d0c8c9cc62a2376a8130718e
train,4k,48352,ca761ea18d504c2cc5788faebcde16f9d0d8d0e644a2f1ef73e1c2e991a33034
train,8k,88046,b3a30a0a642fbf48022228e78593efae81e14f8beb00124ecae129634791dc43
train,8k,55715,14329937c0822dcd61374491991a62f71e58307cc59a74fb1f98613e301ee0ac
train,8k,117634,90148ae98ac0fc8b12eb3865abf3b2b82be5660b21ff777fb0020ffd310d7879
train,4k,91289,0a4a349b3ece14fa44301237adf44ff57c7132f1ee7a6a56ea953ca3ad0aa97a
train,4k,95215,80d3f101dfbd240c17daf3f49aabee747747d39358ebd4bcfc6ea7d93447121a
train,8k,91294,27d350784940c7cc0b37eb158f0cd0696cb1b5b79b3a699106bb19d396c103b6
train,4k,117545,49fe5fbb83e86ed5ac46a075f4af80c08b1995201ee62f6570ca9e701adb1654
train,8k,12099,5d895c9b039153630dc086da2e3a2cea38ce1ed08320087dd21fa683ce0deb2c
train,4k,136516,ea25ad447db16f9b80222d0ef5d34704a29d38b48fb1be2fd3ba284e02f70f19
train,8k,24024,aa7aca96a08e53b564a6155bf73a4cd7c9cac0761b5d49c432e5e3e5bf153be1
train,8k,28103,258c9f11fae20f1a365f16170861796a0f7c2f7a05757f98f3589b919d42a723
train,8k,72226,5d2055ea654231ac51850532d8f240de1ac7b8597b59de08a3f102c0263dc9db
train,4k,44806,d3b0c6f9be58b4bda40b1f127dee991f2e656003ae04208f65e58bc834edfbc8
train,4k,17069,d3b5a7be6fdc5f5ca23dfca383a8748f9ffc3ac61d5d80d55c6b4d8aff40d688
train,4k,178177,5814cce86bf68f3c3984310d6adfe18f6fc71969ab61e2d424c5ae6c8851e3df
train,4k,75538,12844632a8e50744d2f7ccaf88dca6bbf266eff5ba2365ae45e07c4eddf75d27
train,4k,172873,5454d4850a9aefb76eb1fe59e475f1d630be31e2f5ba9b9bf7264079fbf8a99e
train,8k,26243,3ff4a9abedd4d7e0aacb446ca9e1c139274c9ae34b0602f38b760bcca454a5ed
train,4k,127858,923099d80f22d6fe19ecaf5a01526d55eee70d0a4473175e7262575c4d41df95
train,4k,11354,37941df53bcb78befc3bd4ab5ef4b7e6a4189cc370b0fe0057439974b7e81506
train,4k,149801,c388cf506e7f6377a5626d368a44f3401fb7262b591be30560eaedf118aa5c1f
train,8k,164972,d47250943309e4bf6842825c2d5a2ee7cf2c8e98d0eec09f1930678895ba2a14
train,4k,56393,6c7549ca15be61c779d2c758e47fb9556800b5376c8ce050cf0b15a04e80a244
train,8k,85930,ee0f3a9e2b354eaaf19a44c34c4d1dcfd42dbf5161afcbba2d11082ad0ca416e
train,8k,22051,90c77e566c41bd819e8f0a24e0fb07fee84fa069953e99316ef21c37f9e1e2f4
train,8k,169345,a94d43549797d20948a6c505f9d8b7999b3228a9a4cdf1837082e515b38e80a4
train,4k,136841,2a30c4934b2c22244431a5526e120938076d29cdb7742817d66fc37cbab35d7f
train,4k,118068,99ac494d9223e71833d4746874b43e4e49f24378893f6946558d48d9b333a138
train,4k,79622,d31a80ee7b77e835afb846fb5bea1368e64708b6287654aea403e022f7aa2453
train,4k,160699,db51d5f4999bf5de804c5e3ffec9eebf8184b08844d11b75350470536cac8106
train,8k,18984,d813cf6b4025f63050514a569efe5016f90f2da94a33379fc01cb183c4ea5e27
train,4k,68688,10b1ab483312647d11d542cb2ad7848d0209a3b88fb44c51180357a7bc3abd6d
train,4k,59869,efad8c2d54183a74df50a625a3ec274b91bd51864cd3ba8eb8532fee1979b98b
train,4k,131251,f14e12ed093685a14761297bf07f77e43d5250fa65310c84495622e466923ec8
train,4k,153597,958ddf6ff8343468a9da59241ade004a7ad6cb47205989d84c93be26d9c13d91
train,4k,108041,5e911a94f25b30d98af95d4246ac35f4f37d65551d9546671efbb31d9c7e9cd3
train,4k,134726,036b10fd3b2823e69b4143acd0124373c2fb89dbda8cc6a2398a29882092cccc
train,8k,136329,0579c3678424c4dceca39438d3335bb16a37188ccc30420328389d17d3cc975f
train,4k,181014,4bd7a828042a633856797f22b9ebee4d50ea5e23781fcb40ae9be27d400cfe3a
train,8k,7009,e3b8e9756c76de9ff557a4ee182bf727b91af087135df48b54b3716db7c8424a
train,8k,42903,f6814ae494378f8c159a811602f4bfc2b7b0162421ecf56207b747feacd636af
train,4k,59314,e87ac9a1d72122d7c9fb6bfba4127943cbf7546f3bb6546ba8c81bb9f38ee542
train,4k,113467,839ec2fbfffe22d4c973b3b0d66d0eb9b57ebef0ae5eda416fbc6373153a9fcc
train,4k,28409,ed1367c0c660cd41cf188b40b59b9dc7bcb551cf69cbb37f488599cf50408e3e
train,4k,132189,ff430cb9752bcc9e8e2f3d276480eac87eb2793cc10a47aa1b531f840e86c633
train,8k,129571,d4633f057129ef0a8165ce5bd67f49a4cb235a9ed484add0c7f30394331fd8b4
train,4k,18840,1ba5a14d56548aa0972a56c74c9d5e9387ab01d0bd75e1775bf7d570cb03b586
train,8k,65443,80719d4e437fe8debeb06632c42d6635c96ba12b707b85086f396b2b41e808b6
train,8k,107023,84b041342ed16c0e7bf4e4af3353e7960fd7638b881011027aaeb748b3c2abd6
train,8k,115463,698825489986f79b25f9ca77d70049ff5f7631e21f6ff9f7805a77c59386531e
train,8k,29219,4ac2e4c7c7408c64a4662f3995ab28d20f2304f14336a95e5acdba49d103d225
train,8k,58267,5575b04a44703dd534c7d4d13174c094e0b77e67f2406c75aa237c709f6e723b
train,8k,126488,e1c606b59673ca573dbdeb72e94910b21c0088b23f3a317bf9074f4ea22594ad
train,4k,16597,453aff7716c58aeb2f3c5a5f29851ecda4da56ec3e425e8133872aa23b99b9d6
train,4k,182545,31faa9b9b9659e916b96f3faf3292ee64a730599123b8b3fdc7a62f55b200f7b
train,4k,185189,2ec38b1cb66c4e9ec9306d235042255ad853aa63428d7911f896d89db8e613eb
train,4k,27288,b6ec9b6e2f6139710985178bbd676542d67668048d2053399897abde3d1a83a8
train,4k,81684,032b14f26e8e780f3ff1f82643a7363ac295bb3d538b73c342e6be8c482c3317
train,8k,131982,619db51b5024228fb05d1d4ca25bc30126fd4ce3ea5035634189610464c16135
train,4k,97760,94b2524b234aaf9fa305ec4aaef9295f349ed3c9879f63822036dc93b7f020a7
train,8k,11517,987ac4e6d32b1db21a140d006db6a536bf412781928e786ddbe41301d8fb68cf
train,8k,63430,9ae87c9f1a098ed2a06e3b15f4406e9f0364f44213558e39709d264343927347
train,8k,24752,ca0076c11a84236efe7aa2dc016551cef07d9dbb2c9a3fbabb5c41897ee243c9
train,4k,181880,79a0d65a2f927dd89c9f934d82bfb9b4d4684b8fc9d734fbda263ddb95f7e8fb
train,8k,75961,4c84cec2717cc28d71182c910eaf605c5263447fb449659641ab8404de886e50
train,4k,20920,5ce4f4d242d3cb3692ba21c621b8ec085aa2782b0d339a9e43adbea775003ff8
train,4k,85662,f2132f5088c400dbf42466e702936293b60623a18e1bf363e9f631cce401bad1
train,8k,149302,d14b4e93eed2457aeb4a0b7f450ac8db33c09aba4002add4403509dfd4644073
train,4k,123052,ee3be8d44ef4589b82721b8d8b840f779c8361a98f01155c99723c1b32cc2548
train,4k,137287,3e683360617dfc63ee8bd8ad5a9b85f4064527aa670c096ebf05be04c31dd647
train,4k,175847,cb14f4b6875bc7b98239d64e429a31474a38d2cefa266d14479ae0c94accf06f
train,4k,91536,5a17ef8ec8e28090b4c6ca5792d0b65a9112a1bcb324f5363f1973d18947ed87
train,4k,181976,a6bff5685ccc8381fb7ce951d450bbea1548a9149a11f5ca8f15066cca888849
train,8k,74107,6c31ef71bf2e6469e56fbc9fbf637f33bad0d23af9405b4d2dba4336ac6bd3cc
train,4k,131348,b3e8c2bcc435f9f1ae12f38307fcfe1aa9bc4db7b79693038aea2ed756f9aad8
train,4k,151544,823da5bf6626a99299508df791ff0ae409810aba9356007e477f9a029adf89d0
train,8k,155700,896aea0ae8d511e25fc9e038dd7f1ca01a288af317d1dcb82f0eee736b76dd18
train,8k,112540,9d39db9d3e6b0ba14d112ae0aebc817177fb2d4cdf15e51ad15e93387222930d
train,4k,17245,a105c290e908b20fff5b8ddaadb37d20df677699665b2fa5f32091f4534daca3
train,4k,30973,e5a515c8783cff4a13b0a0ec42514a930dece14534e6bbf4d611f3e1b0c9d58e
train,8k,17649,1066974a05a1b2444c67e7c82288a205fa513c73cdecf5efdc6e44005ff8f5c9
train,8k,102384,a68f104246dfb146a5086f75a01393eaab5b411e7bc03dd65211c4bad131546a
train,4k,137594,6daadc549d408f96f630316cb9c8ddf3f80fffa313e60211a4fe9c99ba5d7b18
train,4k,61168,06cceaf626203faf4ccef60391442cebac9b9fdb3ff84e2c5ad71ffe95862aac
train,8k,80554,54eca73223ce410d8f2b529dbe03f69febb7456ea91d1bff5dae2ffc9227991d
train,8k,24831,e6487dee891852007fca9ea31a422b1ac502d8b3042997c7ddc708172db11fd3
train,8k,62537,f4a294d236eb670c23762f8189535d0457778be3c18be3381e0f059387a8a67e
train,4k,95349,8b732416eb7885f45f3952e49824e0f393676f8436cedb90580eb420191c52c9
train,4k,135492,43f05bf104a7ec0d6ac4b1e418a2fce9face1d5a3f2ece5445f18a92cf2e34dd
train,4k,100040,dc41c4a20d009e38ff6f8277dcd6961f0ff3d7b472eec1697207178ee7c56ebc
train,4k,33221,c044b49cfc53728b527c515b966a5ab192d9a6b8b0013b0a599c6753195e4a5c
train,4k,9711,a969c5ef20b535409c9a4d46e2ffd51d0afa9b413867b51e15b368b44bf41edc
train,8k,163250,f6a95fb9d6128eb0b21abdd5b705a419f2232cf070298315d3958715208b6c51
train,8k,91285,bc79104d582d060fddb589cdd2aa604f044e1af89b9a2caecfe3e6e7beb548d2
train,4k,58931,809ddea74fe7ab6beb7f8c5fcc1c08e0692c9fe84283364d64fed66265a416c4
train,8k,28562,b12a8eadf4ffa4d0a9fb24691be815f76abfc78a811afa8450864f69fa8a0edc
train,8k,141979,107ff02888164d0a1153bbed919d9c207c6589142eb9a26f61a9717425e213ca
train,8k,117681,3f1842c4e899aae16d4a1c2a83b53ae11fa0368e91a6394e3019698506c6e1b6
train,4k,120828,48fa194641ec7240409d298418dcc14feece38b81093bc0cebd61c2849f7d657
train,4k,90297,fefec159e9922f4dd69d581bd6295ac6ea9a432e67e581c96af39e0b801139a0
train,4k,111124,472b977e76c4cc90a778c3689eb7119e9274182d2580a5224977f501254ed370
train,4k,159241,154d298f6973bb97dd688e2d19a65b3f130846057fca7b86fccb7a341e8d79fe
train,8k,140899,aa29a2a63c7ffc7b51c6cb3775ff257752330a05ea23deea2e91e529e40e4bc3
train,4k,86834,1d3d88d707984f42e77545b603480ba02cb00a810f6355c86f3587b131571533
train,8k,26238,6602af6f8c284d7bcb8a757f0bdfeedb8a93618ec7f519157eff569cf0955a5c
train,8k,119836,b82aa7ea74d7ac3b7496d1949b675d72960fdfbfb8eb2d02f7dea1f686ec006b
train,4k,19402,91a67fbd85c4d81dc593a24a3dfd906e235aa9a0a05f12f9fbab9bc10442740f
train,4k,61583,34b8528efc3f1cb9148ef7c7d9fe5abe1fdfae46ea14763478512aa862e1887b
train,8k,146384,c597b5debac3ca756afab820d7ca5b6a2d07bdda462eb8ed613e00e35e866dd2
train,4k,71230,c123da7cb02e70f0e3f38052b150b229036592c32f64b962151ffb9ad022fe53
train,4k,43723,f90b1704e20d4f8e0d6d14470f5f163312524b3a74c887ec70dbdfba9dfd644e
train,4k,62532,458a696612ca0f625e0f045b8511ecfbb79a6932438e67e304aa6d10dccdd4a2
train,8k,26687,6c5f3d0b5bf5e803f8bef9108bb2b019a2c204b9caf2cea9289133691ca4a059
train,8k,86955,39d5717be10410d1636a5cbc1dd6dd6f793e801aa33fd9e49aee8fe3b32e023b
train,4k,71580,13b71c923c689848ced22ee84434d8913e4b913ca3121d304e7cc0ddb176899a
train,8k,140651,7b06710d8c3129df59d4b6245315960fe1ed72d00ea43becfde2250888001b57
train,4k,153854,10e84c8d83aba75d67ebb9cc942ec06518a3d65a223b433eafefd2220180208c
train,8k,87522,867c283190d0a3e300e90060e41f5c1bf7d6f5a1fbd093641494765cfe508957
train,4k,10798,9448625e6e721cb9f88c2464104160dc8bf462e9b09aad5baa8c365c66cd01ff
train,4k,112024,f8ecc3023e50fa3e0024726d085be839f28cf9ef27e86b6eb95093373bdf5cb0
train,4k,59442,9776bc3c0c2552a84b5a97c49b0893cc38e1a8e324bec797f4a91c8540868617
train,4k,77790,a8eced6985076decc0f426ea48e398b020d17b2bd6eb2cb9f32d293be68cfecf
train,4k,58774,297aa0236f0014483166c0df313550526f81cafd3f5b678e2129424073c8c2e6
train,4k,90842,0b7eb1b97b5defd558347c24b2ea0112003c7b0d262d1c334d7d293a74a0bc39
train,4k,119314,16f29b42c93cfe5a30955ad87adee7d3350eb441fde8f462a51fa348479cb6e7
train,4k,185936,022749d10b03a45e660895265c22dc47599a619f64391bb874ee3843ca71ad71
train,8k,119349,577f3ad243d7d196ada4fe9e3e94a0324906189de2d5b1af2afafbbc3ab6b6f4
train,8k,169585,8b835327b5cfcb4a45b07e0d8c522d958cac07c25e8229023bf700de38af444a
train,8k,18724,3e7237d2568d538ef1fc48738ba024b6fa1f44422f7930ce8147730eb74f17af
train,8k,52610,db7712d01c475a3af87bd289abf84e31d6dc695a9915b3bc151898cfc255ae15
train,4k,84213,de9a9e79146c13c12240f3a9d9702c38064dc83ea260350b5f5f7ba51c776996
train,4k,70585,671f03376f84c902e154f0842e6dd4874c8edaacce79dd49b1d3ac8f92694497
train,4k,14707,1731015434ef896e4e6e67465aed659b97614254edab86ee2cde26cad00078c0
train,8k,152409,05611cb750c5546d149692129925780557855a3c024293e5a08b8450f51d7f5d
train,8k,163887,1be639834763490a21998ccdb9ac13884db23b2d3d3ef7b97983a3233934f9c9
train,8k,15561,7641069d4435ff199c2d4ea9c4dc431225de4f900f211551c5fadb036e08f451
train,8k,89138,81680315e8ffee96c8320988a3d65b11aa8987abae57223e7c81a3d5c3f0e700
train,8k,74276,412409e35cd4281578a2687b6aa3a46cb4cfe1ee256ac44ea9758d9917ae5f31
train,4k,119736,4baa4b785aabd43bd5faaa765a50a83a97224672dcf7ab99830831c419684277
train,4k,95521,29134e278251642bbd033d459dd5475d86e595d95bba282793d406f02a7c219e
train,4k,110736,1eb0d96f5cf35ce6dafdb5efba27dbbd9cb53665a2dab0d2d32f91c481cb5dfe
train,8k,44527,3c129b88ee6f4d09518977511f3dac34a065e52da55141063fec7ff0fe316891
train,8k,110049,2de44da74061fff28f2014ff61ef897b2a36bf75ccc9c18104259593d51b6106
train,4k,58124,885b1cda4bbe6ea828e1181b99c14d27627a611f3955638ded192e93cca27896
train,4k,166274,1c746ce10d400861f11e6666d1559e4d20cf98223383f22995f9a16f63fc82f0
train,8k,31362,8333e79d2f7b328789482b3a43175b1ab2999634b71faa6317b27a273d006d23
train,4k,43281,cfee30d0d90915b01e72e77265f51767cf0456ce17a494fc0626c3b8d7b1b5f1
train,4k,142121,0132aa37f81ac4c67efe1d94daa840389594f59b4fee61f379b095dd88e20613
train,8k,105869,393851098ec77a44e42db6a181264e741f585cb19364d823f89fb03d36a6f922
train,8k,57936,5d53deef236929f2d4eb0cb762282e7f350ec5c4f29a14af515fd8e39a3647fe
train,8k,35317,8b852b2601430da82d14952bfb007faa30e3e97fde59585510651871f42f650a
train,8k,74189,a4806b3b6dd3b2bf3ae00452fac8626a4f954816fd463c85173e67cc34334d13
train,4k,147700,6f8535ea0b70590e9db3b78f3dd2f1ff98d302370c3aa5b5506d85adb318d8a1
train,4k,36286,fdc2d6174dfd909a8997d9e8844c678cd00a05e8d15350c8476067497a2fe0ac
train,4k,86622,61ddbd4284743b1fe44458f8d668303bc2871f1ba010684233aca586831db7ae
train,8k,110146,9e3dbd2ab918da9c33864d6ccbce8929380727c914c7eed62f7fc8eba62a0688
train,8k,54577,4d199e9b55aa157c3f600a9d4c002ffd0d9bc1c32984f82248ea99bb3950c332
train,4k,189713,9386508d67377ea6b30e30da4ad96abfad1f685c47d55d0835d03e2516c375ac
train,4k,114259,b2dc8b9a90f573aac222fa8cdc8021cee7ddde1b0c2810cfe4de9587a51d0f4f
train,4k,191634,9812ee72a179f57a549443e8bd9d9b11899a3b9ec26c5b1d15ff4a4798483c47
train,8k,108457,f604bbd38f5eaf40ab7da04bc68ee68290e3e0d4a89fbce1dda8e0fb6b9420a8
train,4k,56182,8bff7015f606450f482e16d994efa620454aa7e585b07c2b9faa4a81cc0c307d
train,4k,61357,eda289fbe31991e28d6abf3c5ccaaae2adc54dd9e73bc4bdf67761f4b0f58759
train,8k,56184,5132068eaee203fa7d2491d910fd9ac4c799f067512320bf00f51e54f34c0ee1
train,8k,20432,58077ca354ed07d151a348c55e2b9945b6e6c2e54ad0f4d3c4865430671de53c
train,4k,37532,8dc5218fcbbeef216635176476b65f861edfb8c39257c9fb111531dddcde0da2
train,8k,18934,a62bb6d3555b42c0638469278f1e4702323e295e0e64a0bd47864e2518452048
train,8k,28923,6976208e5b9e6abe093c770272ed824751a123fb4d48bdfd508172cb827592ca
train,8k,46786,807610bc2f2ea0600f56753873f69989dc960fa2483c5c03a7924650183def82
train,4k,161607,63d102a20a0732d69e1d27c75f8c1e2d82138b00b347e49f79027f06ae9dc10b
train,8k,63414,5f53d631ff136e7ce690d607be1edfb4e676088bb8ae9ffd7d00fcfa7446c62d
train,8k,45663,299df363feedce14b2bdda6d2608751cc7028fcb10aa1a24eca992c662df1d3c
train,4k,11255,b60d44231c3c5c6442e7afe70b2b05cc23b45080e18a58b8fa45b665fead6df8
train,4k,163191,3dabf165c18c82bac678330d00b1d2727e99bb1ae21590484b3ddd1090e99062
train,4k,55252,3c420622cd122e8e700e5dcf95c207d8bc9b2d9f706a44c5c61061e2f4395c82
train,4k,38771,532df6b8dddba6358fbb137a99582cf9e3b5fe744f094f9f9c28c8156b0ba786
train,8k,26523,1df0e1c9f11eded2e11673d97f05085ce780527dccc0e3501e315862921b025b
train,8k,147053,a17b7391a780b2ff3947d3ed574e83b7540088a3426d19f27379f9836eefb858
train,4k,92270,e04b8a21df4cee506191a12074e3ddae8ffb718b7581537ba792e43c35d57f3f
train,8k,104179,d8b1395ce72b0317c682ca699fccd131b0f48eeac8310d7acfaef16b126e5bf0
train,4k,1282,b80fce85d662f2eb47944b12a19758470db131b2afe92280190a48abeddc644e
train,4k,74692,7065242504a8671624858c7599e0fca90848a2541c45db3ddaf4413ded870e28
train,8k,178082,547270eb6fb402440f785ed526ce6eb7886304c897c5ef2f3d760953f53420e6
train,8k,98350,880a3006e6535a84910c61d087d6988ef3defe586b6b1675157d3b5d4a31807b
train,4k,113450,f8a5fed31a1c329e7d90a1910108b328831508d11e4fabf64dda52155de91a92
train,4k,26853,c7f103195260f98d612f59db31fc582f39fdcf1625197bb60fe9950774fe320a
train,4k,66424,62c1513c2a79e70af8166d9b9d49efc5653ae11e971924d3dede837afee25bdb
train,4k,53887,e2459f7a753aa7d03cea363891e7d9137ba0539f7d31557159700e51603aa74f
train,4k,142494,9ebb6156062cbec9bd19b159cb2063dc671dbde86cdbe1f8d60fc1a79190b15d
train,4k,28001,37848ff06ff870080384e29a593966848c83ada0275c955b60e3ab2c67bf33c7
train,4k,55695,66ff2a914efc29c34572f05e94165022b875fa2b94bf7c00a23290b6d899da90
train,4k,118440,6014b031a43b544c676081ec5b91e34dae367ab29f0c10ab952407edee9775f1
train,8k,39499,43bbc256aef24fdd86d785f55ac5b3dd8ab451005e2923875ba62e64cc5296ab
train,8k,156769,f44d6ed2b23c67dee286a899378e23fb4bb23bd0c700d7b92fac06a0cec3f4d5
train,4k,93212,dce5eb4ad485ec05e754b1ff6174881734bb4720177350cd05cdf56d53a91d52
train,4k,186768,f4f05760422c397c29a81c32769552fc717e78bd8c82dd9af78c1a7b6b9b7e75
train,8k,1460,a70290b4d300c0285596ffdf1ffa7590afaa44e62bd068ba3c7f211ae26788ff
train,4k,171240,6423e91a2779f8aad41f4901e4efef21b226ea594531ea5c1adc7229bf4eae26
train,8k,83446,32cf93e2fddaebb0a6592808b3a3204610a7975b202dbe37e27ba48222f4d4c3
train,8k,87226,b44a1ed9f644ad865f1d2a6d98a86bd024d21b13837fd1d0428032dc763d2f38
train,8k,31685,aed8ee13e1910d2062df7ad710fd5c6cc94277b3ee5d9df797969c5170c91398
train,8k,88195,fa88f84e68eb50ab603b00af9c353d4ff016074dabf8d6a5eafa907b8af13842
train,4k,135974,bdc847b3391a2a737b6b0060c77c9491b39f6fe56a1aa8fb0337a8779fa8f472
train,8k,19962,614e7d3442b75c6861d6090312c3b4a1e605be51ffc13f19cff9114f6e987bcb
train,4k,151805,d63b8115dc61ef0ba310f9b271e029b0a2ac76e68ce55741f9a07f3508e0fd0b
train,4k,5071,9631626b7e812900dc039cf98dee0c96f152abbfdf63523e560353a725ce2472
train,8k,131198,861d2b39b2c16af6b7bebccbd40adbd288bcf5ab4d4560a66405f8bf21acf0c5
train,8k,2939,9d3c5c3bfa1c7e9b1136d8029dd1a07b2fedd0a847bf0b43e8008b32cde328ef
train,4k,148297,d6b2f216b5a08ab3209199b5aafa567c151017c2abd395ee571acceb68fed932
train,4k,157021,6963d3fcd7fbca5adcbec5cc2fa8b36f7b41c0bb4513b228da2728d9a981fb2e
train,8k,68892,b9e1fa38f5f793ce758fe4463b401946d17bdd39db8487be5bc1a18b6d6ec104
train,8k,47620,ccd879e3005a6834121fe669806cf5bc6a7fc21f0ec49de93273eab3c32a708e
train,8k,925,df1ef7b0618b89f90af2dbb8b7ae7d32049a68e82acf3f405c5f441f7bdb044c
train,4k,61358,29301e9a96076cf18c770a9cf7602ef9aaec4fbfecd15d0455020bb25e396285
train,4k,29362,ca508f6eb27f3d48a987cef30a0d3c63c0c5063401164e1d675c57a573896a97
train,8k,155622,2b956294186fdde85e189d08cd4468ea838fb927c09d73bbde8a27b20d5455f1
train,8k,170538,337f1817455e3cc7d61bc016cb518b27c78b0b4e81960faaaa27f8d04126a9e3
train,8k,66604,6cbac1656b034a9077c7a0a5eea41b1311b89e2fe02addea75e5ac80931a2ee8
train,8k,43791,f40d92aed2f1d46ef482157f37128ae333076d16bf647dda161356fbef28fc95
train,8k,127416,420be988e7af9a7e2e35aef8a7139876daea48e07e41f7edd59340e47dd9910c
train,8k,76902,a582385d9e28335e55c3079dfcb67e6a4e36f9486d5392bcfd969a14b4696f5b
train,4k,42906,57e130dbe5717ee095bf97b3c57dc09c831d9b99163c5be8ba7fcbd04c63ae12
train,4k,75714,e1655a41643fa3b056a4270c2553761b47a93c39cc252d765e1cf86ba98226bb
train,4k,3264,de6844e60a3a6fd830fc72bc1970699609a16482a76dbde6f1bfa64e85546ce3
train,8k,39698,8e5ba0116df8ce105c3a545db6c99ee2c25009548876f4cd3f99f53d2e9a0b76
train,4k,86202,ca8e25d895fa9d98492d5412548e864cc7dffa545f1fee0090d0854f9baed149
train,8k,138845,e0055df6e05598ce87e3076729c6b72e61625221ff6e81455dc48c27deabb63d
train,4k,72532,bf61a11a5b5044d219840fae4f74057897c77112814aaeefb81dc2ad66c0a31c
train,8k,160391,7ba280de6a2b370947fc91f2d6d7ccacee4a7349242528e7c2433dbfd2a442d8
train,4k,44345,0d2aa9f898e05d59df1bc36805e86e6ce984088f6ed7d3ea54d465a44eb2d197
train,8k,140249,fdb95e124a0b783f1c130d9797adb8943b1b2cc19debd1a093f4e1e1f75a9217
train,8k,145661,a067a50b558853997f166d7e9d8be62c37a7a0a47dfd5087c2a049c9b3440c0a
train,8k,19646,08159edb0c2922e305eb43224d82166c698a712169de9016469f84f5611b4aea
train,8k,137279,92f12c5dda82aec7dd4d5438cf812d62a89328cec48bec04de7aee21e5621c01
train,8k,138907,aa4e4ef64129d69399587f716473668ccc0542f4e5af8400e2da35f43a852893
train,8k,27919,358cd993c2c2ae9b45d842922cc0fc6aa30249bd11de2da480ce84749c97fcb9
train,8k,91673,80fcbce076eba108429e50faf12b423a6dcfb0c334a1e13cfb909853e99cbb2e
train,8k,94688,83be14e68ed14df62d0b6a43cf0dd50bb636a030d47d2c2dfeb227fb2505f2ed
train,4k,56881,a0e72cbe6011e693e1574469c341e3bf33bbe2f4d445e515cf850130c8261a84
train,4k,36845,15288f78a8c912b9f7a1f2dc44fee349cef8a957976bd1b44f3723be174ccd32
train,4k,69363,9f99c11e5bbc820de1b6951e37a09bdc56dbedf6dfc326afa034ca304dd50e39
train,8k,171876,7eb37e4fa7c859813bc93be3a49a517ba264aa726e15626bd9972c97ea0cbc2e
train,4k,42517,59aefdaa867bf6f8fc1416b05ddc055a9fe5e2d3aa4ac8585d1db9e771a341ba
train,4k,46486,69c15dcff6ea9a23da48444fd0b5ecaaf76da397dd2763c87d3a24002f028a0c
train,4k,185194,34163b584a2d3357dee1f35b4d2c70df85273be0dd704b4274529c2ae21aed74
train,8k,2227,d7946c62a7de2c4371887b1988860bd51f6f1b93b36f0cc2c8cd145a5a68a3ff
train,4k,120418,e04812fa794f40f3d2e7a4f5edf859378a4ed18889b296c72987f1dafd2fcf91
train,8k,162706,f56e7b807003fe4c359ed647069315f8c8c504b0c356adb0905eac97897e94ad
train,4k,15348,8b722c35175acc98de1d016d44a9eefe7d615c94b4191070ac2cff593c0d84be
train,8k,78990,c854b20ab1357c58c2645bba786e1da237a4ac678d934f9796a18a473b6e6e8e
train,8k,7000,305936aaaac789708583d073daee8981f16838af8c482fc483a7f6e9d638499a
train,4k,74343,47b826ff22556691568e7df30b4b75bba25cffafe38825fe37f78d0159b74f78
train,4k,10790,7539547a9da3c5dce4685b56c9b75981813325ba139569d67dc296b208dcd022
train,4k,33189,e8b685b488fdb6527585098346924fc92d5965f7aee49cac71493d6f54aa96e4
train,8k,30595,c775398d221fdb4f576c7360117a034c046596d204299aecf3dba60cb4dae060
train,8k,70619,857a0e124a51f1bdd88e7e72c21932965d88d38c425c128ec4a632391536056a
train,4k,108671,442c271a822a26f864db9442007377c379f49e54267dc814219dff3dd5cc9251
train,8k,180376,e2972c67aef42f159ab121b19d460f04bcc1c02c1605b34f678d8f138022aaab
train,8k,146173,5ba9e137bcfb8cdf1608a9a2eda28d014c27a80423172ed9f0b2098275d7144f
train,8k,75630,ae90e43b984f26c48fae7bc00d34526e4f9c75e5fa39e3a9845429d0d3519e44
train,4k,85010,97260946d08469161dbcb9013eefe31012cfe19a77eae97433a2fcd495c31eac
train,8k,88783,b0148a4d6e94b8b6888dd8e39b7fe949207bfe4b011faf131c5d7d764d513750
train,4k,180177,d1cdd48deb314f5c6d323bdc77f25c3d488854bb770d0aee7778ecfd6bb77b80
train,8k,114040,c6e74c84cea5acec3ebdeab9147e9a892265cd708ac22e6e132b7935068b35da
train,4k,89248,97764adb7060ec1e4353f1bd36902c7967479cea94e20d18fbd9f708ecac539b
train,4k,33029,f2cf6fee252a1ae52fad457267ad70faa759950ab81c3e94bebcdb60f5694447
train,8k,53717,b4aace791baccfb84e70fb9104760e3bb082efb9f4e8b69cf9165cce377e7353
train,4k,6298,2917c3b660ab9b415432688a97c3f318f151fb19e3e81e473563df09491b5a79
train,4k,93979,73fbb876961b1e8cc3e871301cc2bb7afcd3cce1be29b200170391f1b55a036f
train,4k,174757,617a42afe3295d6a6ddee13cbac3d9fe4b58edf244b1d75fe9225921af1ad6df
train,8k,28556,6f25f53663b34eb8ebdb29efe8091336949e788ef38e22e5a3262938b8e43509
train,8k,132956,78eaa81c5ad8cda468f0508aabb190f19e50b2406aa9e2d5d37ee4cc0b4d0e62
train,8k,173813,599c89c1ad5555cd783e845feaf52225bf820c679d57659d5ec43e86172d5775
train,8k,159209,6cb4fb464bef91b780ab91b0f59c3bb9240b409583aca1d15e0584b752ceafdf
train,8k,88171,e740a9801208225ab23daadc9478a4ca34ea49dc95b1245dde2ecd4bb3392055
train,8k,87181,41fa0de12ac941650b3f3d7b475a581eb90fcb036cec4b8e49cb53f457e87ff9
train,8k,166563,608fc5cf6b81e7a73e962305b7168ac65ba69aebbfceb1001c95279973117684
train,8k,130709,e3aecf635b69489c7e9a30718e1f8607b688042427dc98dd16eee8aab85a5ff6
train,8k,54832,5d8f99871f35a0ff068dbe021c523272e3e88a09f34ce1a9c03c0848d1629d48
train,8k,159139,9c02f890c7d8827be44f0ca81aea145fe2b0dafc20bb8cd25d14bf3afaddb97a
train,4k,29123,ee03bb3fa6ae75d09f95b3b1b7803951224c97e68f12c242b7dd130c8af5dee9
train,8k,109513,40a74f432232ca77b7914931160cef3211a2853f6a54328e6bb94fd705aac723
train,4k,34488,ae76bcef5dceb3cf5c033aa0c7aa2777570207edbc51dbe01d0b51cbee84ec4c
train,4k,37731,d3f9b25a5e5a131536903ae8c63036ed43a7f6760db9e8b99a7c1cb0c6567d7b
train,8k,166542,e3e690772ca7882ea1325d0acda679b75d5e1d7b5473b31bf20ce71d6bba1f1e
train,4k,133044,22a4f8fd5d83695e635651f5e3c43f692d86f14dcac61ca094f903bc60911ee0
train,4k,124321,c2c84c870d6d9b8946fb12d6159575ced5a9541d6808a25b09b70ad8aaff3c76
train,8k,124751,b21b03d510d3d8eb05211452ac42cf5fdab6358a1ebcf6645872d7387cd40b95
train,4k,1394,ed3e1310683972d6fbf20cee22bd3961c1539823a86e92013cbc8cb3e52bc6cf
train,4k,60228,d203ec23ffed369e230bf6f193dc6fa00c875100e0eb4fe00f5fed262d697bfc
train,8k,21554,565a09900d655d943d0e955012f27a6f298ca0e1165b47999489e68ca81637b4
train,8k,38147,80138b39a8690fd3595f6162847874115d5cfa1a1dfdcb55b88c3dffcf3a369c
train,8k,114905,2ffc65bd11a3f7bde3425a289bda6d0832f2039f785b9eae5e668dd3d129e122
train,4k,120296,545f9408ad6bf17b495de3ef207384e4ac12c2149fead4b809daf1a42e969ca9
train,8k,137559,3fe6d61b771704550d6159b014fa560d54482c30d68b43c6d59520b7d25518ea
train,8k,31190,20bcb73341b18fed93d7ad6934ab802bd4f567de6428bdf89581899d00cb5992
train,8k,54851,a85d9ba56ea3f92703ac1b4f06a4a16b500728afabf42e2f6d2a07178e7e8fe4
train,8k,65643,bf5f8c48d36f911f586461e1e592cdb1613ae54c4e8e75dd61a98e60a9ff5e5b
train,4k,157925,c6f8410cc7121c781732830ba1f1c39663b24247ffd8ed1c5faa32c011077cdf
train,4k,179250,7b1f6e079fd4b62e07cd4b5c8bbf923161ee35130ba43668d4faf75e1ea5bb3d
train,8k,165252,b313d3e8457d358812b14131acd624e7bd61b64b42f228e279f95497f3745f51
train,4k,190236,b471923d15294efc3f9bddad9c9fa9c539a539f84cb9b85aa69cbfc20f133232
train,8k,164240,04e42b3ed8a86d7d5ebe0e34646ee46458e2fd21c6dc744ca5a650806ecadedf
train,4k,152409,d1b031b347a3687bd4f1bb9037bb2915eefda9cefbaa168952c2a2ffb567a0a2
train,8k,173836,b8f5875fef35740b3d5eb969bc57273512e06a946626e39873763d93ec01f491
train,8k,77601,de9f9dca1ae717019951ac12b77bec358033ee93606369fe0d40c816722172ec
train,8k,142186,53ecc23fc4563255a92b855ffb153ef865d15461344dab35095e6d9e5f394ffd
train,4k,145370,4a1a5c1a5e5e69f8ec4848bfb2ef450f442e8a77ce109fea406e74e5f2e48d06
train,4k,126035,43b395a740e091f0c8e8942a69f5fd5f5695ade8b2cbd5c1ca60b0dc63a65fbc
train,4k,102223,b99ad0d83317ad4ac8b405e1731ca0f93f2dcf801f56dddc072b7a94984fa2ee
train,4k,32653,4877b1f23a37126ced008671c1f413852c468cb5cf91b273aae4e2659ad65bba
train,4k,125073,192d045518e6aca81de040b7b1a5af671d2eefb24bf2c8446d326a1530c4f119
train,4k,153698,e54d910895d1588ee6878d6f61fad6781f553588f47603e7701f3d2f9cbf28bf
train,4k,39334,2255b01989201ce9be95300b5fb480c25af1f32e70eedf13117b9392ba7d744c
train,4k,134245,425482c514a5d8bbe5ac7da595b69513328f3bce5dae875535be274224af64db
train,4k,8196,13e9776651a01fdc75be93245fc1ea52caeef88c301b400188e8bd907edbd6f2
train,4k,30542,b7081cdead0cbb67ed06e22886d0f61e8faa53646ee9eb86a042f9511437172e
train,4k,160958,6c335cfe42874095c6826350bedfc9a252044220aaf25194e8469e171b8bcd24
train,4k,71532,6177e7dad4f321db482a58cfd90144694c8337276475e56581667dae66764f14
train,4k,57884,b3934e03aa3532ff1c420bb6d5e652a65e306ed6e5153e3b38454858517d4179
train,4k,70730,1194ec41873ec5e2c3442c7beb8d3fd70d8434840bde15b5d977f7c7ea66cb83
train,8k,68380,9ed2ddd24c5f87ea010ceb2023d41d4d388a9670f484f58a65320dddd4a6c924
train,8k,35694,bfa716184d0d45c554b4c2ccd245d84cc64c42a29966d1386123207f47cafad2
train,4k,99822,70353a85749236cfa3680a295680194236701f8ca5fd104d2cbf77380bc9e3f5
train,8k,8217,b3ff957391dbb50fe27a65bff65489d38ca9b26adbb7be07a55c8ee94ab58b05
train,8k,64826,110e83c41276fb7a98e62842f430b291f82722ef79943b1ce04195329f8204ec
train,8k,111457,d4bfdd45ef5fa33e0ce92e8a995d1d1126287301c865c8da4ae0b229fa352089
train,4k,145549,041c66ee24b0273ac032dbbc6cbca462163ac7c508e3b612b85d3d677be66ae1
train,8k,6142,ad1455042586ba28f7ff65cab027af07d435a1f6760eb9e1a27c749d5496f12b
train,4k,166445,a51cf51e6e9a40f5dbc76a1284c05d354b9ec1493687ecda3404a02bb41cf825
train,4k,161605,b6d2e83fcd46c3d58efa63a03ca92af1fe76968f9cdf18ab6259e729548ade57
train,4k,152863,b34858983dbeb0a46deaa619a723af1904ff16662144a8a0b2ad82172961cc53
train,4k,85663,19615af37bc47c22a711a4360d1b1a244e1d34c1ed6519a663479cbbcd62d32a
train,4k,142758,6a9af120be5ba08977c7e41c6cbeb079a860805259a1fafb50f96a00f7efe067
train,8k,38120,540228eb42b62e969b1b11972f7b52ab59346eb6033e052893daa388054f0389
train,8k,24280,45f85072f2180ba5af4d8f33723a49387fb2d411110339eb2f6de47014fd7f87
train,4k,17907,dc2df2fac3058ebae66cbf885c399199fe34a2b01e0438f5810c241b659b4a00
train,8k,95511,8fe4c980e51a89b19a497b9ece81adabf527250aa0a8fe1a6b778ba53a6c7855
train,4k,25968,f30def12a185ec94401c84a2cd05b6d7f89b0850eb1d4f857cb4d3c7050de213
train,8k,130934,2aa500c2b8755abb5b228eeb33facafe804a43d457c60d1509d3f34fbdab6460
train,4k,152331,89a185cdecf4a3bf0d87bcf96f691de3227fc994c032a9bd906a509ffefe56ff
train,8k,45192,1c54ceef5e958434c5bd835f082edce59aea020ca68d8c959279b81b72ec6b4f
train,4k,68112,d2bd11840413c6ec167e7783459f377a98700e980ed53a561cf9f1c01e66993f
train,8k,108056,5123a8c822247d74298633a60e6db8c63a701801f8abbf9ba94cb241080852cc
train,8k,7377,4b1f1ff15e01de963552775dd81db87bbe70e7f8174de02105b25ef8e2a0ee7d
train,8k,135235,c2acc119f0729459e5cac28246e7fb4301a843d6a9c68929fa7d0a3c31917910
train,8k,152890,64734bde8c52aa619f5f6175276ec690e8577e8dc4e3ba09e0fcf54056ab57a0
train,4k,118787,24bd5fa24cd7c7ee8d91014846701c71d7fa17f62eb39faad14a8b162165b387
train,8k,141566,17ad836564797356fa687c1ebbbf8cbc6f974dabab03485668c1125e9e6a2690
train,8k,13658,c300fbe5027799c79af97bbfd30f52f86258e1b9258b709a0ae0517558f92fdc
train,4k,68563,0352d1b7333f05c490c7fd688b0ec4dbc8c094ec8002bb18c319b3c689bcc35c
train,8k,44659,4fd42c636fce43743163aa5680a77700bc3b79f25c25002229f5564281f1abb8
train,4k,18048,59a1aa8b8e80d0b5e530f613c7a65d9ae5a93254405554e90b7dc87f264ca33a
train,4k,41051,53dd21cbd315bd7a2836d1f4ae8ee8322f49c44082b96871e0af596947f252f9
train,8k,156225,bccb870572f5411a12e63f5d509e3c9ff5503fbb4c889d6bd1b774bd7af82be4
train,4k,90831,852afcefdf4e5a6a7ba7cc7cf80679734424c9bd1a953408ce5d6d23810da1bf
train,4k,20117,75e9c5dc8aa6d8723c757adaa9f7508b053c3ec66333be10c820dff7a36aac8a
train,4k,5347,5e513796f4e7b829d526a3fad24c479c5a8ef07985aefa7c6b4257b7977663b6
train,4k,186195,35e8281c6e39dde121867095fc1c8c8cc480966a201adbc54a14d99b9a41f8e5
train,4k,149313,f588057e8c9862b6929db93bc00e54446312e78627f7eca4523d2e6a8c629356
train,8k,92472,5247b07c63b0a52885bd9cc30290402b34bd370211a17e541d32fa3cb20dc80a
train,8k,119258,27f117013de6de049cf9ab6ad800ba5ec3cb6f311eea7504d062a6ac189772c1
train,4k,12917,6ac35a6d6fcdf3ad31f2b2af40c6c3367f96d84863fb9ee5a5457abd1e10edc8
train,4k,63893,34edb0aae762409000b5de5ed541f656cf5b7ecaefbe30bba4878fa86e809746
train,4k,20410,4a97714c9731b850f87924c09516bc6612dd22e5d6d196aeeda08c7b80016b9d
train,4k,61807,f77f86f3cdd9c3d00ab02757bbd5c0b844e2a66f0f5cf0d5275bb0282465d997
train,8k,44618,23bf5c0d5ba1be0ce906c4db07722be6083fff6830cde554d02378c552e4c2d3
train,4k,129843,7d46b9485e5f1845374e812478ab46d5cda5f17b4cfe0221748aef68a0c5df11
train,4k,129161,dd0a2622afd05aa2e7dd9b7ab82c2f3755cc76c86f8ce25be44c455828ea73d9
train,8k,15089,c4ddd6e683cc74936c2f999493baecc087f59717c62fae0e6a018463c7f76007
train,4k,86422,d4fa0464d887a5ea9a2fa95dd120493901a163982bbf04817e83868dfe755986
train,8k,63925,95237b4b80870245fc93a004776f07b613917826054ca6051b8636cf87e8b6d6
train,8k,170570,1acdbdfa7d82ed3e16e4dc1d2c23f8513fba670d7efb1955aaf1bb14d889f6b8
train,4k,96664,39763accdc0a4272b797cb6526277fbd24199d85c91e2ef19ddccbf06ad751e3
train,4k,41180,223680d54309c46512cf45aad72d4d7381848d4d1759ed81fc9635c3a1271aa0
train,4k,34036,5193d1c3fa5361fe69053b41f2cae3884d36181a75e81c2f00e9a7b35a1952e7
train,4k,65184,de7598688a63d18d678f255f75af86b46445db5b807d0b7b6ad6a9c632ead3cf
train,4k,45188,d25936121d3132a5d61b68271a7922cc4f910d18a538e50b8cded25604e41aa4
train,8k,114817,e895a1d827632ac6d96ad084295e062561c35d2eace43c8162ffce4ac3d7e33b
train,4k,1976,aed487cae3c10c5c8060eaad231640b555efe4c7d04e89e1d3e16e263aa46dfd
train,8k,71697,0e817aa7b615bbced7f433800619a9296ee9725ad5d2cb641ed195a20177bada
train,8k,99342,60ad09e20f9d3422143ddd77692b74992d2505c853df4970f4ffceea2fc3fa28
train,4k,9975,495488777039b2604c86a60df41ded84ee7098bf37a46b55219a3d49c7dfbb61
train,4k,141980,ae0451e3fd4f62f0ac5b5e0559e7f737bd241a2a5702c4ba20ff7d5f5a1789e9
train,8k,7289,2248ba4f06901c6c1f0d970202a100c866204908cf9fb743deb024a17f68731a
train,8k,108303,ede8391b65039c4b02506c1b661c10171a6c4e357c9b2697e3dbaa50e194c5a5
train,8k,153886,ac736a788b816ae181d6e2057122721f8fc372b31f23c42b4a3ffaea114c52d9
train,8k,165164,66616a3cf8144a84c25c2d7afa68dcc49588067ed3f067518a4ada49d925a213
train,4k,58032,de607c5034c6eb330e8457e1e9ccc2e53d76c5c856c7862b01991b9dc67c9cad
train,4k,14892,a956ff8e28208aa9df92e24a48b83c275ee5056278dd03bcb90399cb3daed9f3
train,8k,113443,29f177ea20d288ced261a588b71cb7c461a8a6d364197a824f3ad3e66fa3790b
train,4k,164158,c525453b7b0d8d5f216c9a53211e2d3450f27abe85fdfe20cbdc804073f57f4b
train,8k,40236,067f488b064837dd57648934928ff01c746b0f815492692b675e1b12e298f2fa
train,4k,88683,21a1696cb19dfb61bcb2c10a6a51d4eac975cd62f84a372333882b08dd1854f1
train,4k,30345,ea9ab99d4219060eb5acb789f7e551019a9c6564e2ccf03f6967dec05408f890
train,4k,35463,04a63be2f90e3bbccecf34d2b05f850b7f15706b771fbaa4834b4f5ebbfeec03
train,8k,161380,c260154f48d73d523737d19284bea667c50e2b302a9694fa31acd9c916feff53
train,8k,4597,6f1dcf6aa527ad26ae6e1c380d9ced46c06635251a9713c36a38ea3134876201
train,8k,126929,4ef130972c27f315c8f502d877aa7d560a8dd35b3015dff8980c3689f2ad30a5
train,4k,186316,cea1d47ce15c272ed367e2511f7a4d27dc8a72587d53b7ac8b4f0997c7c03b27
train,8k,179375,41446fd48e28d1e8f7ebc4c17447d3f0fb6267f9406b22e55d63da0673c2562f
train,4k,26084,10a565c6f15074d2218b6a0485caaeddf43a5f7ffd17090003b1c0dcc75b8eea
train,8k,123381,e40962e35106524b402413abb246bf206c9ff1930a8cc5543e327bc80038e1b2
train,4k,41955,7e2d8668389d4034f9e7fbcdc9cff1a77574513b461d317344172c7d91964a63
train,8k,68743,a31371e58607dbedbd2da430c370fb1be8070f5554161e3c6fb5c22b72900904
train,4k,87429,b1478817fad88c77c2a7bf611c05dd0e3dbaaf5090643393a5d35472ff29b041
train,4k,55050,8e55050bb1a2281a5fb4d050762e4a0d4b0a706260e38bb531ff5b450382fa8d
train,8k,155384,bd66916ee6c962c3a0924c373210c98f5fa432be86c4b68b4c560c559028c154
train,8k,98650,3bfee9b80e890168686c1d7a5b735294367183b0ebc9fb6e95c33329eeed3507
train,4k,134690,e2d340aa64373cb40782bae9eb7a951206abf189882a2885a0b4f1e8fe1bc5c2
train,8k,62525,384bf5ead8f76e7ef93a4dd8abbd4ad272894c148fdad2ef6d45d22ad6411bdb
train,8k,16646,e3011def8f51b1c382e32bcfccc5629c938f68e4c3a6bee77114efb05cd1af90
train,8k,105293,a3715903e9bdd59d4232607fbd8b8027c5e83d34118be22a5a14e8b9ebe28daa
train,4k,73610,e0ebc715cf0506713414a0b50c6dffc847b7af7700b069575ac2783d0308405e
train,4k,88881,45aaf337762a450fb71ca763961f80e60a54861d13a2a641ada8cb8c72fb6d0b
train,4k,107137,55bddaa2b7a7eb1225e3816c8638b34d8df6ab4d7c355e0803b61314e03ada1b
train,8k,116670,3247db856ddf58a4cacacf51f05e6548e34c50b83580e2e5b11263204feeb32b
train,8k,130495,367676543304527d9b79e9461914ef53b3a3c1c7c6bf9bb9b9fa9002c847a02e
train,4k,36289,2a936054280f9da5e3bdf27b580089147abfc032d4baf44561dd069df0fd2557
train,8k,30504,60f9cdc6248f8de93a08f2c52f7d129b6d812810c2bdaecafb5707db6fb62072
train,8k,6777,72ea8418d9bbc149db16d0cb8284188da88c61c50763884152479de169a559d5
train,4k,72786,7b78de0f3818eff26c39b666285b0422cfe7d957b50549cf99c33882f30fe00b
train,4k,82987,beecf3ecf52f52c39a637c273bdded844451e931c64ceaddb5ffccf4691de6e3
train,4k,55693,4fc688faead2e9d506f3eba263c4ee9fe5ece42f0a98466e08b2c27286cc3d46
train,4k,117590,915a5d69af6104edb79f4fe345b63e80ae569f1e8ba5d341e6650b8be09fd76a
train,4k,51372,7a4ed1e06b93813b1d6f648bef19d8607c555fc50c3f00fbef4e304cb5e8bbf6
train,8k,172894,1f03ef1637c93f505fa63b605c66f989db192dfa41688b9f398ab791bc9efafb
train,4k,133617,6b36df04469563862910f7211a3a3899aeb3870a11c3748cfc9c1fda95ea33c5
train,8k,25428,7545711fd0f2c702f5b74984f98f8130d4d96ef3227c4d3f5cf8eccce75e9b93
train,8k,24142,cec58aac0fda0a4e2aedaeb1be05dd9fdc3f35eb7a09b27dfdf400d4056c53e5
train,8k,27905,4d07a0b4d795bb97b75bef5f8c2542ed32af01bb7feb3114760e7464a08eb5fb
train,8k,110027,3937b55c97360a55bb9c22694080d9b402d4087992c87336333b4b6982a60753
train,8k,99788,4c2f5ce3f3cbcd3ac2852e8e15e78850e7c00f3823c2c65d0e02cca3cc2e9aa0
train,4k,92722,2bc97ae1b7a61007a2896feb8162a070ab14d1f4383150066b6d020b45771309
train,4k,149514,0e3d280f7150bd1548bea1812de128f2c8ecc031aff188640c9081a9272d6b73
train,8k,78193,3f01873e29f6a6c719b7cc4acc6ce6dd8a6b5cfa6f3d4ea163b8f2edd9532883
train,4k,126681,9b002fe2efabb3f98d185e9e10cc51cbe5edda2d8d8139b953069e1254e3fd76
train,8k,9927,fd7402475c48818b79fac54296f168c41caed9604391f770d858070ff20d35f0
train,4k,106512,8c81d6d2cdb52f5cce8f2769d1bd54836e8a80c0108e233619338391b2944414
train,4k,95751,cd31efd0301a9e545fb77654684513544e29c27b21c222c9a41b1b8a9e325155
train,4k,9441,78e0d1c2f275a69ac84f56bd94e98a64c443f7e4f20323bc0a253a7880438944
train,8k,126312,5c5146b2c300d2d1a8fe58c352d5d30646fdacc7234555f2a8c383ffdcd6f825
train,4k,99617,c8eb89f1143472e0f58b47107e47f6e3e655068b052d9a0ff47be7c6b189b112
train,8k,106207,8b8f15bf844bf98c4275ac5f5e302efc5b65bf1f7580752b1f5ebc9aa9217765
train,8k,22875,a2b32b8f378606b57e0932491c6fb51bb5cb853dc71e7ce3c6ed6873884b0cd0
train,8k,76314,4b719dab3fac35387ea4ea9c26bfd8f994602494e9b9c0be644b48f07faf135b
train,8k,119704,67e04463eb247d5c6db0ecb81873111848b0df83c2054309c992a5b2d95658a5
train,4k,102508,2efc15959ab71dc9aaa6f633b96df23e0692a131450d2d598dcac0171ed3cb15
train,8k,47174,331df5c6b00b0699656e2568d70348c181d88e664fc4fe0c68dc1d72126f213b
train,8k,22930,57f94dacc56852f274de4df3068ee59c582addd0b8276c79486828e641732e1a
train,4k,184544,81366be2f8358369f4a35570b108e0f041d0418813110f84edf346d30d192bbd
train,4k,19890,6e575f9ece9c374c06ec1d6b4ea7518e136ecb3473c68f66059c30d9cf29774e
train,8k,60493,22a1e2153a823c17007c93d82c5bb821156cccef4efd2717c71828738fa004b3
train,4k,15987,f4c3421cf306e834de82efd9fb7068aeb614309aa10b8e974600c01e04d0eaa5
train,8k,162089,6a602be744ff431f301cccd7ec099ae2425f75b924c478446263493151270ecd
train,8k,60323,dd5df457556dcceaa76255f3168d310c842ac109467efe496a27f4235d8e98d4
train,8k,63337,bcb4d723d72669f223b4b081ef36048c463f2114dd1fd024f853fe03e89b07ed
train,4k,25411,5557daf0e05490e4acf544b5bdaa668bd96fe238dbc256b3cb53aa8eaf2bde11
train,4k,74842,8ab9878385e21427a337f6a3062ae60102b58a8ef8ec7ed755432bf34392713d
train,8k,96666,c7b8f92838bbd1c359241a8f9b521c72b83c680b2f45aecbd6330f1891e84e07
train,8k,181877,d456508c2318a116645d6bd36b78d1c10d84c45748ec84ec63bb73122939623c
train,8k,87700,edfe6a045abf9510ba7a543b6c1bed08607e1606c43d0f78baf9df348bf99782
train,8k,81797,386f63bdbaee80687a7acc3126fa9521a6655b81a6bc3db502a3a4699c6f2daf
train,8k,39860,b9189d30a2541c2431ce8177f2a678b3f2763bc0e9ce51254dbbddf198f0ba74
train,4k,176698,d58b75da6d0851061c5c7fc86bfb7987dfadaa070d84ebe38b0e9a2d05581bfd
train,4k,115675,d46c1fbbaf05a7fd73bd43d4a75ad914108985ed1694a8cae76d699f55039f2f
train,4k,91469,6bd3fde59925f5b2f1eeafbae957e0cf222e0fc4697964e8b4b1e4a64f370cd1
train,8k,131259,7c6c9a2bdecb2d854eb1012206f748dc2947fbd2cf76c39bbeedcb2c2ac6db0b
train,4k,132573,cc799f6f970fbc65c4694cce06061f8f616e2b6cd0e65d361a79735f17f06942
train,4k,146516,4c361ebab51e1d0722ff3fd320a8fc302cd282d57b1c1374febbae14e2193158
train,4k,74859,4b1a5c20c7bf80a5bc20139ec16454baa859158428264520bfe15f1fb08688a3
train,8k,92180,d7d5e898669d0f063a0478deaf19b5cdbb8154b6dee6d9b8955090d7cba95c11
train,4k,184645,5971c6d3e4a0ec8cd7af2be4176a9182b1927a315e673b4b5822ffa1a39fff08
train,4k,78297,5b242d432bd2001b63a482e17db65f683a3ff56dab04df7acb2128c200a4d629
train,4k,84817,2db28861a5199794a133d12334df347d7944b52bfaff19a942261831866d4bf1
train,8k,30564,c376384fa8863dc6164de06aae9e218dda66fcc57a5eed4d6f31b95e2ff115b8
train,4k,10349,0929014e6facf2c21ed8111317f591b799d14262b2cfd8e637e2b9c49aa60c6e
train,4k,111396,88ecedc2c898abbf2a17690eff32769a5d6825f8a96510e10b93684f646b6a48
train,8k,74715,3a69ac343df0a06414caef82533c7bfd230dc9657bae741e00ab6395e8fd1f25
train,8k,108302,f69e71aab77472a948e7e530e74a5780a43540b265c6ff883660fa4eaecd2267
train,4k,143739,cb034f3b033ef7660e080a2af0786fea014d66275952e2743c52ec21f50850c8
train,4k,111764,45ca458bd5b22ea55bd5696e5865c330f1802c08d879a50ab5077e43b49efdf0
train,4k,137551,362b36ea47416236109baffcb307183826ddefe8b0453b958b26672b10537706
train,8k,175997,0160f2720735caab2ef42a599676515bdfa1f38f3424cfd72c2c8a84c31a2c2a
train,8k,41853,58709f81d6a89020a50bf5bc8add63536a5020d4cd6d5756bf4bb492c6e72d41
train,8k,148457,d78724848e581e1e63a8d8ec9a5a3eac984fcc83fe0a46bfc8f4daa2524988ad
train,8k,11188,4a5afa6525e4b12212f4e392c8edde28107ebd258351f2f49da3057119fed24d
train,4k,139146,f632852ea238aec0f8608943055592d7b92238d4637c3fcfbfe444a296e4aaea
train,8k,87892,1077d607fa1ab1a5a2d3651dd6046d2c94e6d9cd449b68d11fd4d09dfec7fc85
train,8k,141009,8c39f1dd15014fd258f25ea1fca09d33f6487a452e13b3057bf96ef2c2a802ab
train,4k,62777,3b771eb4c9c9b7d600789916d6c3eaeac3edb57c574f5c42c721e06c8730b716
train,4k,32167,0d90825fbd128b006b236624ec224e2def56b3822efe08bcfc8622ba63493ea6
train,4k,39434,30387079a1f392729f98b5f15f7074bc73e8873260f9a91334bdad7d394baf39
train,4k,181838,ce4a5422fe07c02aeb3262789a582440d64d088be4c56518ddc4d490c649e016
train,8k,12742,7ab2cd66ee48bfb68c4728b530f83cb1cabef8b090db8a2e4473b5483a988f22
train,8k,156260,ac34d5c8ddae2a6d279d466a5f477c25d7769cce2e4ee2017fad8f312d93b2cc
train,4k,138882,8ca8e2756ffa3f0dd515eb8b71ed2bff8ab9cd6b3e23f721249ae72b88829a4c
train,4k,74652,fbc2db1bab53f270fe87d1482f78fbe976baef16df7c34381e2f624351207f06
train,4k,3342,0e9b144491d419b85f038d5d96b5472442c2a3e5b30d217582256a2e5dfa686a
train,8k,849,418b7414a3b0113f1e2e4ddc766937f58114de5489fc51db0cac205ccb505f1e
train,8k,176298,28e38d48f3b7d1c97b2d34a1aa70a5c7387a5a3071d8f03bc49e2b6f57fb52e0
train,4k,32036,4526630473f518553266acecd19022b862e9d1e04c1f70dfe329cdcf03aa031a
train,4k,155255,6a8a507126542298b43305e1ba63e2b6f5de3b6a532fecdde6359982ee230dc0
train,4k,105748,48548473f89f3844d9392413ab04fda317f5390c071eb753d0f6ce975c782f0e
train,4k,192036,faa22459a821ddc4ba67f60ab6984a070b5e829f9ff97d4879fe44dec799f322
train,4k,103043,44588fd6fdf90acdb790d01a8a0b016097b90fe57546a5209297bb7685894a6f
train,4k,67393,6a86faa612764c6bfebf8753f4212f620060dcdcdf5ce6271b435a4bf9871923
train,4k,129677,671720e117a237f5332aabc56ec54c5692f89c1c57b3fcea688c4506e25239d6
train,8k,163054,805aee210c3315b08c36ef40da3fdda484c1691321286ad9ad4b44c37259b83e
train,8k,41803,186ca7f8797b560fa3ee9dbd6171efa78353968d0da180bc37a46e1fcdae4adb
train,8k,73124,c10c2073df79ea6e550926eee2a076fe1276fa49d16a02da566d5cf0a6abd8aa
train,8k,95357,2b912ae67b771eee81eb2f9c859eacdd2e540473c31e5760a64bdc073c1aac7c
train,8k,97178,5895cde473f366c409fdbbf707d770c69bf566e02724378b35abe26e528e8016
train,4k,20583,ca7933906e7a501625b5f9c64c51fb5733cc4e21938802286c758481f48d13e6
train,4k,85260,8d7ed1170d15297b337300bd830fe66d8cdef4fad2bfc52a07926ce68143d5aa
train,8k,99643,6a0ad2a7d8b716014021843719b3f49a524e5d9cbf30c7139e39a0110aa422e6
train,8k,53993,2c91ae1fb757205ecceb3fe89e89ba329de68937d6854e83867de49468018d92
train,8k,36452,c1c9e2302559b045ddb34adf1ed632d8a44050cb814237dbc75fd3123f5109c7
train,4k,182645,11ae5dff0cbf04b1b55a14af1a98ba58b4b2c1a644036ce3203fdfa20e3cf154
train,8k,144973,93b9dff34765ce474ca81a273f6f5b2b6af3d6b956d13cf35e24f118f849d657
train,4k,167429,114487b2c0eab9643767595c7e4f7423b27c4276abc29fa3f4f54eee028c4d4d
train,8k,150577,412d73176f58778fb8af081dc374096c858e41bffce0281699cba12bcde0ecd3
train,4k,52989,a6e03e5c68d8efa114aac717f81c93278638f9417eaca662a2be60a4ea5d54ba
train,4k,36735,5f7628ff2dbca962e1efd0ef308b7dde6d5988408d7e6941aba5ecb842e4eaba
train,4k,99105,38631a4524a66eb7e1f87f92b06d3bdbeee0ec5b010142ec9716b3fbf7750136
train,8k,95008,912a9138cd3eb2254439e2f146018fc87c5eb600399c9e64cc5478a9ba91a0b1
train,4k,163598,05bbc34ffead986bf406ea167d36a6946e7d607f1b50c04d01aa834432e44791
train,4k,185091,5d96793a67d6a7a176f43f0ab04bf108fe3e53db69bc75ad1e4663b97fe5d655
train,8k,73279,d91e7d0523d357ec836c9e2539c6caaf3abb32bf2dbfbe13d6062e71c265440f
train,8k,111337,78f8b9d75432cf79ae728d694a15071c8dfaa2e150eb31affcacd3ad0139bf8d
train,4k,167042,1fad87b8bf6d18eee04912b8526743d815873d84a41ab00f673ad70ce2fd0af3
train,8k,117386,61b54f025c6433dfc7cf35499182e62fdc2f8eb43ce76394a7204702a6b115a4
train,8k,83751,7a865f7b35fd824b80c99289a1eaff17a961d6c6951d074d045f79142633df48
train,4k,124234,683694117e4ffa5c6628f15e7ad58ec7f3885ac08b006d7e43e656213b590e6d
train,8k,161423,20fd5768311741d107ad8e918e8f978c6f3b860c48dcbce5ac2af10664996102
train,4k,27995,a5a5a0c1f91fb57b0c97ba9a10e97c6370a88a75f27fe0792ce9ea15756854fc
train,8k,134746,7a7ac9268acd8c9daef4762e4995d7ec711d8f8e97c11a0f3dcf2e76b859811a
train,4k,116017,ddd68ff9fb4d40851b1b58bff0f1d04cbdbdd5d8b3d04dca7bbf9d047b21d7f3
train,4k,180480,f3dffa2ddd6c46de74e7833c02681c6b6805b98e77a9963c21bc1dbf4fe49f7b
train,4k,105298,cb8f37765bf0e975b6965dfc6eeb94794e0aacdc435225fa4207d675674c852c
train,4k,145449,37612fbac139e5421f85a489f5c09eeae77f04dcfd06212c37986849b947a8bd
train,8k,159964,01747e2306851eaae2112ce20e8645934cce6245f7e414d46d6fd7f43dd5e836
train,4k,20651,eb7b4a77839129201ee268ef0ace193dd7988a8aa5125919546a49bd507dc86e
train,8k,8936,0d66ce7343fb6417d8b1653db607cdc14dec83c4282c5362b80bb4a5cddab530
train,4k,40310,4b863e63c4ee01f9c9c996bb6e38d41fb9807b1c0f430a841116d35276d5cba0
train,4k,107126,369534b77479e5a584023a43b7514a66b03deab9aced4bcf2e6c358865a02afb
train,4k,99022,5cc52bc75da429b51242b9dbcc3837c3a1aa6d002d48df309bb88b483139dd31
train,8k,150283,a9f39b369eaee61bb8846e6df1e4cb7f6b6417177ee9b3fd4b1527c6631e64f5
train,8k,101611,164cbd9f03844520b67ba496c21e80fd4d71a370521055f0cf2fd20993a80281
train,4k,219,eea76d1dbd85538464bf091057da0fd6c0d5ab31bb6de96fb0f78c0f82345f5c
train,4k,453,5a0fb9adcc8a634e1cad5ca6ba687e34b24b70d874799132ac6e9c695ae74d55
train,4k,67142,07fc6f54de3f68a38c08607a93c75c07a4970e021cf60db11d7112805d1e164a
train,4k,65999,b922ed2dfaf6c505c8b4bdaeb03d5b61ca84909eab5f9175fc45dba28afb97ec
train,8k,35970,aa7a12f0e50e79eddd252c6f0b14b70330941227fb0f9f67a8ba7a8ade8afa22
train,8k,147722,fefdad0af9e2e315771a4b8bb6881f20d1fb1b85326ab82bf47b7c2e7e20332c
train,4k,10591,182639a91945090375510ea4e6262b2db05c84d1db37828c990f6aaf9f78b28a
train,4k,119871,b6a383b1e9085aec1923303fb5eea3ddfe45b2e34bac3eac0428b40d504c0f6f
train,4k,137251,dd064612e3902786e59ef4293f032f6fed9db998acb00efd81312f3c1a7183f0
train,8k,86181,99d81a2c7d55ec55206f8600b7ecd40e38af8b98cd2067392e1e9eca5a31f4a5
train,8k,92947,1e2e63027814112af376f0f1c2a5db698cbec369b84a70127f3fce7a977dfaf1
train,4k,86455,86741a5fb3b755521032f8f21fe13821a6982aa3a528bb1051b300dfbd2e9898
train,8k,175148,dcbca8bc846471933aeb0ab0a6a5b787be989b0842038b5ae2321995bd1d1e76
train,4k,170773,22fae1a02bc725812fdbf732aca1f58171a74809ef30e19901a201d87c384533
train,4k,52956,5a34dc270cb1f8c7ddb231cb0d849569abdcc2b30f0a4222caea7932b2a92052
train,8k,150398,199d4a6b6a7bfded7c52ace1285a8a526f4d0c192f0692f78b96f1874d95e247
train,4k,81418,f719174281f4343cb64972f446bc7086be2462c1fb784967bdb41df10f5b19da
train,4k,63751,513985215ea3b727fa41a5169574713b687565a8c88503874abc02b78e6ab8dd
train,8k,140315,4ba0c3683bf7ab3fc22c2a9812b237fe91c98dc2c91e4cccc79756592fb5ce44
train,4k,143315,a7d98c10fa5f0919c7b8fd5a8cc5e2ff04ea90a146830f53b3be76a6a507e3a1
train,8k,86007,34b18101fe4677ae7494f26694338bb7e3c3c0eb9c1b51ce2ec2ecad499b378d
train,8k,165376,4c3f18b173d97f4ddbb93f57f081ceaa89f5956c7a02d0891d254285982b2c0e
train,4k,60842,e6c5ec7d65fff9b957909ab3e2286c872c7585587aad619a5b467bef11fa77ca
train,4k,162470,f0581e629bb114ed7a6a59281743904ec03e13335d31b66303fa6e516492f5f4
train,8k,46745,ecbdeb1a1e1d8d1df93a0566a051e11d9b09a4ceab93b7d168e6af69c9262cb8
train,8k,144501,36bf0fa8ca80e86155e50b80d49a14607f8a524f3c021c5f0634e908dfa1d3e2
train,4k,56186,96a996bb5df8b0b44fcccaaf73f46717320e96f5c595c72c5ddaaf0c6b129f83
train,4k,104376,2f8fd48b8e2fe71b8f198a9cd6af099fd303f6a39911973c759b74c900b199e7
train,8k,155404,001581ac77ad55187977f5a6f1b7a4c425da3a30f9b26381991e54249ed10e5b
train,8k,119614,2794f7481f113c1b8cf6a77cc1d2568a288283234c4de94db5056196eb6cd8c1
train,4k,143938,cc8f3b24fa39758bf90bb849fc1a75e4def0f20d3e0855ebc63445c95dfa1bd7
train,8k,58791,265ae63913280f7d1c8e7c20660dd794cd0cec5f1f7b27c1aefeeb8dbcc02c80
train,8k,25125,40ea9f35800e811083492b3ebff385ff2e7738901b0c49314da788af1bc23786
train,4k,86366,ab08c0ad157eed76c524920194d8e5b535a4d3ab5aee4892742a8ad876cbe90c
train,4k,182732,7e49e7a8322863c4fbfc6b9fdf79c34b2e88d9a9e25cf3cb362d723c74fb8d29
train,8k,135159,457ad75b4522d39938bb501107cb31f7cdd83a72297cfcc3d85bc6ce61c0d207
train,8k,151867,214cea137c1eb0ba058441b398e7434063dedeb76c89a0d82ba534001071816d
train,8k,166129,3f3c8fe682d762f376343360efd30e5084b731439ac5bf602abd0fd1c2ce29cb
train,4k,178319,5ef3161039fb9586df69359a21eee43829fb50f573e5fdf332ca6a226e37055a
train,8k,170658,f13087b5b49c232bad5e4dce05042e8bf91af00ef806114c54c11cbd0dac1db8
train,4k,178920,354a804defdf932171f3bdc6b158520a51af32330931a2a9017ed97eb488cf0d
train,8k,167354,580fe170e5069c74ea739ec1bca7e58277d33a6a4f0582b107b1c3c828fea5cd
train,4k,134502,a009a9bcf08cc0074ee14530a5283a57e1275a0191d4786e2bfcc34fc07efc06
train,4k,151841,f3453521bd2d792d3b860b9ac31ccf37ca04e73e80702d1e369e63f06d60fbdb
train,4k,127339,66a36030d9bc4779c9681b20271d67298cfec12d2fcfbed6e036d795c2470298
train,8k,42288,239934fc86385f24ebb4df0bf945d5d5e497b5f185171b4dc7b95938087ffad0
train,4k,10375,52cf8d1779cd97751f3a26f7954cd49ed70d1e0eee0a58dd8ae22e4fb97664fa
train,8k,2929,53433b6fa79be948d30b8f77dd297323a364a6431449f38361c0d60542dcd8c5
train,8k,37554,a4a1206905e46d0ad6f022d15daba97a033013e1d688644b26769b47762d1d98
train,8k,44783,4fb598dc28d35bc6b1eeca94783b46b518a2e71c0767e635ecc3314eee4338f7
train,8k,160693,c4aabe15724c02b25873df16f0429c430cae6156062a67a2a0c1f7569a25959f
train,8k,136574,a53df28c6cbed3972af025ffa6b68892d089d1ae9d41c69d6ac4d63a9f0de09f
train,8k,181444,3f53afbc95e58aae4494b75be796a6e71e14d24f258859e3f835645f054b5d2c
train,8k,108336,8bb0b8e74cc3b25c031a3bee86d2e1b703da36c0331e3b106a376b4c0d5be76e
train,4k,104283,7f7823af29432010764813a1bb90624f6752d66a5849b0800c461e44a1255597
train,4k,42388,603c49d0e1bfa2e08bf479eeb414dc1e04d16ecc5dad54e865e8c8f126379bef
train,4k,95402,d781ba9b04d2c4c3f52c42e595a1d799c84d4db513e151590d150a781b740a53
train,4k,119067,63986b99b27cfa8e443ef4b205db278e74429961ec2a3bd0972ac621cf1509e5
train,4k,110260,adcce404049b1408d9a426257fc5d15a156e0afcd1f1060d418e471b7821ae6a
train,8k,139965,258a6818d36f90b66afc1241332e3cb0f096639c2ebc511214633b1432d219c3
train,4k,83225,243a4ec10a39e9855cc48cb97787b94d1824f6102610bf50ede67cee5e4ab1b7
train,8k,143558,6bbf0ac9ee2853743a84910a98217a9e6d4cc693fa9401ec594df28988a5990d
train,4k,154299,e5488e746b6ca75c2938a3b904702b67e7ef470c12c52ff022040354f3b5c8ec
train,8k,178162,61f0b7e7d4b5723076af74dd7ffe86f493da3b3806236f6193425156cb3f23b2
train,8k,175698,ee2363736e319ad453b49f4552273f3cbd8d1d03b83518ff213616c192f37bf9
train,4k,103688,517fe652416f1656af66ea244403018c606db5a5a5ad6e4d2ddd3958af573fa1
train,4k,133844,457c92fd4d7bfb590b00b3e3af4f67ff981c8c1642238ca9434534764cdbaf57
train,4k,33959,1f1e932c125e4d3559ccab9280eb6d4723fbf1c3490d42428688f8883c7b9396
train,8k,84276,0eb3d0b3052ce734d29b7b283f1c324516c26f2e639a8df2fcaf34754418821a
train,8k,169224,d53dee5aad798a4343d0a83d5cd05b1507d4d6bba9ddc9b7493c7ef89c41988a
train,4k,181966,86a1821b9d48f8e0a402f0871002f0d08c42fd28305d7a8b9c9fd900e2c5afe7
train,4k,179415,43685b1eb24ed0e2fa2ab75b2a335fa644e436c9377bf3a3509a5b98ed787875
train,4k,155441,eb54d40f9695090a3eab7c5e021e79b41a9d71e2bccb1a445538459bccea9a2c
train,4k,68357,70ca90004f5b32ded2e61ed782dcdc73a9eea9eedc2f47a314e2a7d41e664513
train,4k,144372,b5e6aca13f83fae32680bd78eb96cceb089fcb515f9f80c49d7c0b1993c45580
train,4k,31262,3900149cb8ba05f915f7617d21d775b055529184e063be1f3413be15595e7c8c
train,8k,19542,bc686d165ee36fe09b7a8822acfa82b3c1b7d8d75b544135882f81be7d7b76fb
train,8k,57096,df1f1bd5f839dd166f1c6ae7977dd1d38c8dab66f4961fb9c4998e418202e024
train,4k,66150,0a0a6716e589d521d9cdfeab528ce31d7208d4aebf30df0266680964482fb72f
train,8k,87953,900286543503d95adb4e04c5b4b615cd0882a00aa64079a334e9fd5dac23786b
train,4k,69685,52c9226b1a6af70171ca7311cf56eb38f9d12d477000eb32ad478122a527f5b0
train,4k,7249,83935ea20f6fdbf9ce06ecabda6ba0c28982dcbbcd18f5ed735c63004a20f463
train,4k,81262,d7827ecdf015eb7c6608d4982960e19c43a846efacf228488cae6532a7e2562b
train,4k,43372,debde82e5472198447bba0cf3d19fad9a82744af492e1c608a35dcd855fc4286
train,8k,38940,3dd3c4cd8f1be747a3a5bbe53ae7d6cd412f3163920703bcf811b01861f134f1
train,8k,18730,71488924d8a2adbdbc87b525aa0845f28a80e84590c19b063211ac5afdf23385
train,4k,180929,421675184b51c688bf2c266a7b2040f0f784a498a98f3dbc581403578dd7593f
train,8k,148447,a7a799f61a8245217a19e2ec8e46df9a87b86f7c49450006e1e35c1384d18612
train,4k,24999,a8e12a5ac61133bc7184667f3054ad1fcdbec23a0f8359cb0865139245e574bd
train,4k,143287,86c371d724a0df4e3bff9fd88e716de268a57c76e82d6b695dd9eb421c8e4ad4
train,4k,36407,e6f52aad0340ccdd8c734629453366fc969efbf43a12c29698a89b228013b9c1
train,8k,153262,1b3ee71c6c2e4ded18488c65285cb0b9c00571ead7002dbe321b79cb531f67c6
train,4k,70172,87d502b58210120e9e0186e83caf43442c71bd592eae84dd0acb3301211249c2
train,4k,8967,1e6f0ca946184e182f48e3c8b2a67b76045f9cad6ffd9f7ee27d45d55a7e007c
train,4k,120279,c06deab6373ee7857b152f63df9fbda3e229302870980f91238e47c0eab9226b
train,4k,95564,312fe53dbe55ae1f33ab616049902b8246ab85e1844d6a8ed92a151fedf8bb03
train,8k,20543,43959e5cf8d8414a615d73adf5c64ba94fd2170ca0da5766bd3f3f151f167272
train,8k,122469,2b62d0619925fce8c7ddf1f3ab74fe880eb2b53a5d3e4c0d607341991b3c0cbf
train,4k,188467,1612387e1d6a6c4b5c9fd19dfa3ca192c3c63f136f9cd21aed74d970c435e88e
train,8k,73297,e4af5033d96a75286d57f112796b4b47984624597ea1edda3b3c2ee127c24413
train,4k,42342,6f8def39ac83efdaeda0bcaffdf7ebd7079a64dd7dad59ed748282cc9d089989
train,4k,123099,c039813ba514d54c7ee55f4b3cbd3a40a24556b1c40e2cd3e9f487374ccb1ac4
train,8k,72175,d45257d317bb1315f55df27a67cae0cc5fd5833560c07c6ca82a4b3b427821b5
train,4k,7124,0193c0b3adc05554c926d2fc4ce0cc9f3438b51ce5eebf2b0870e0d42346476c
train,8k,175198,e9dd12746b7bdbc23aff24aa47d584dde94e6d02adaf1a6c1deaab8f97d30518
train,8k,75477,7a840703fa0f28a31336a744ef38430df0459a61c620fe370b094afbd4bc74f3
train,4k,159705,a94923ccf9c93ac3fd8be617c81badd6d3197285e2f5fab2f01f0c382a95a13c
train,8k,72128,798604ab61557b9b43a5eca947d31d77a3723f8bccf3afd899f9f0602b4edb0b
train,4k,46158,6b6d4b2396f7752756c3e778753bd1e3444633ebb786984b99b88c8e7ebab8f1
train,4k,106167,d1515b4de57148ad7ed302609430dd3e808b38facf98049f29eebb1d4503ab49
train,4k,30544,8612b923976b3de526b592119724438fb2ffa888f13fbb5a095cf1321d70e72a
train,4k,136137,65d30ecf3d7518c3b65caba6a614b2accb7d94dfbd6b2ebb00c98cf85ab4c8bc
train,8k,46068,ac36437b8f571fa863324cf1118cd237a8b4563b2fa5fa9be6460a6edafff985
train,4k,31029,bcb737f105e41a56ee1e2d40ae8497bcb7fb899a72924e6b5507a042edbdc6c9
train,4k,38415,e98b349f9f89f5e2115d3de34f8771baa8be98b246750b2db231488014cb4dfd
train,4k,43514,7e45e1a32951f342a8389331bf29bcbfde04ae63973c5857c0125b9dd068767b
train,4k,98072,b05975f61728c312a2ca31c0e4ca228e9cd9858f859c2f48f03b414bb097ac89
train,8k,145728,850ac2e7d8b2fd168c23afe6fd6092e568f39efce6cfb102868e711925ff027f
train,4k,148332,d4753c996e7bfc4ae346250d4325d37b3046109de76bd2414fc92278c27ccd0a
train,8k,179576,0846a98a153f050395307965a5f8a30fdf45d373af98e59176de10e9362b3cb0
train,4k,92375,3d7199dc676eefd52a104acf1ffdd3faa35e3c68ce0fca6ccee15aba0de3bbf5
train,4k,163842,de0fa0c0fa48716feb6f5070f93bac96c7b8c1c3004365425050158a42544919
train,4k,24791,c88710f7eee39f667bf62a2ed9941526755de1e3f9aa6462d62f778567645dc5
train,4k,75624,344a056c6d8473059f09110a2dcfadb258beea5e787bdc187a5645e8036aa2f2
train,8k,173292,e0c9a49959d306d6196416f1dd7647ea37d23dbbeee21af5d8c7fc8fe49854d9
train,8k,29925,58b1914476ba80050278021276710a444cade0388b8bbab63b2e906819e32415
train,8k,32464,cfce680bf420aa26d683956559a068779206226f431607b95ae21c2b02a90f39
train,8k,112368,e24b6599d4ff1bc20eb4f26146934a0973c77fbe7479d2ccc2c49f83c3ac6e5b
train,4k,69672,ef073bee813dc95cd37c2ca25c8c28fe7d1a78e987d91f56f263e3be3b3ef6f1
train,4k,84434,19893d7836a9971b0e277b0ce3d2d9fc1b757a9e62eefebae203825e376061de
train,4k,118086,83a3600b7b294984207224d6c5489f6210bdff0e6b63e3ae9aa45b8092407e3a
train,8k,146309,074584fe7aa6343f37b3e4ace1890404ce46f7c71b0b2dbb549c810f44a2c863
train,8k,5772,d81ad3805ac3bd5253deac50feaf2f6cf6bae323bbbe1747c83cb0ff81297040
train,8k,98615,5e0e98f6b29c6cab9b80182a0df4681a7532eed629813c51c14f729fd96a3af1
train,4k,77722,3372e0c3ae41402a497f9fe1ec2c6b7de095658b629fe799dd6180f0c0d30122
train,4k,35495,2ae4365c5498ba733c5bbdd3cfc1181c8e51395bb8e59d8fcc3ca7f6929a9e6c
train,4k,84422,d6d9db7ce9d29b4116af3f8a3204743ece7683cc3af78f40713bdc581530beb4
train,4k,99619,ee0920288781b77697e3e258903e3fba31d820a8cecdfafdb2ff092115feded2
train,4k,36846,49ed19513184dfd21c86b7def0f8980dd4c96a9ccecc30cea192cb4cdf054230
train,4k,145476,f875ab919667414937bafc67448a25b36e3099226d383e8983f2c9a97ae56730
train,8k,88533,5a8030a7a27ffb561cbc87fe3f0bd3c9161ae632f7a65e4cf1ab44e8d48b67e5
train,4k,143937,299865b1f80fe3624f9f66c9df3b306ab75f7e967f4b23313e373e76a1111d61
train,4k,169731,6aee1a3990c927af7a39567eb1e40db64a62a9fbc8e8ac50dbadb5a989ec512e
train,4k,189607,6730d2ee704174c838aa9b33a761a3e3c9a2d10043fa8efd101715782fc261df
train,8k,7832,444db035ebf5be3a3e30bd6e6ea374413cdf16105bc8c0b214f36503be77ccb4
train,8k,129804,0a2b099896de68199a07843d8c0ac91c1222a03a4f4b0e1b103d0c800706ccb5
train,8k,121877,5757833b5ace2bcd1529532aef4ce6e1cecf73230f4fea7becd93c6c9714a93b
train,8k,64648,9a165f799611c0567a622edba23d1920ade2289a09a8f15aec97dfdcd1e4259e
train,4k,90992,1023f0c26c7a9d7662f5e20c17d9f6b19849427fe93db77f4179f3c72fa2b139
train,4k,5993,d5ab88b7c7d6572f5658be388e8152bc63be373103157e18460bc6c26e7b1885
train,8k,20444,8cf53de77f536c55906aed1be30007fdeab480915d695a5500f1ccdb0a0eef0e
train,8k,75356,8df1f518d689ee5c4828e670eb55c0374e2b56016dba42967c90d59f3ce840fd
train,4k,149571,9d77372ebab10e5c882e10b6f10792089a45544e81cdab5974c8a6e85cdcd2d8
train,8k,168472,8fbc726aa96ebc4fde04969e212cdf16404f2b800eff665bfd6315b0da9e78f7
train,4k,106044,8e1f0d2d6849a4679233c713cf9bdb432959bbd0027fa0ef89fb0ef2e488a8c4
train,4k,98993,b2ed3f25cb324d568b61bf1422a0307025055d97c063d26b35382fefd2c71929
train,4k,47500,97f93822d371644110ad8140a005cf082c57cfc77015d44d8d3b4926387e27ad
train,4k,124988,89b60a87af962936879b59d9525c8162367e9562105b0e18f4ca8dab56fa5f7e
train,8k,42829,d3e044968a74f5e7dad1a62698a4bd42db52010958657f7b1d7416b630223285
train,8k,81438,63614ff8066fa3fa58a50852c189f4d2858e2d0f4498c183027470889eb86ecb
train,8k,161160,8f1739adb427d645f2dfd3fef95cd99319debe7eff97413b899bcfd57148813b
train,8k,172558,0be03345a37ec7078a6d93530556c7af3527f1421c53c852e26b74e0098f3bcc
train,4k,15335,573c037d0295b127a9a317f9f55651e028cba950d6662964a37b6a560f53b53e
train,4k,190828,78e22a2a0d41685fabf644020b0e932f0a389c0c0337ac1c7a69c6d4d987bde6
train,4k,170652,147e967ad0c6ced94a2fcdb82f5ba0d06fc253ce4fbcc9154360b1a2bae340ec
train,8k,147326,9db46abec4491703a0f5eac2a0f38fd9d21282a872b2393d2c76919df6cf6902
train,4k,101934,8f8fe03eeccc50d1cf7f350b4eea53da86ed1d6eefde39268a042cb3dca9f943
train,8k,30096,fd149d9f2efe2273299239a40268e05e20b0971f77f38097d0dee380f6127039
train,4k,142073,b94c4e0edcb146679af76fa1d0d80c879e668abdb8d8af9df24b40c8dbffea62
train,8k,14262,9f5112e46db4019bab56a8529ebcae0407a0849e25d8b54b62075bfc960a9278
train,8k,54615,71a45d6029ec188e374aa505a3bce9f504e1d878e31be971cfe0653137bcd675
train,4k,14793,356fc6771372aa41a41eb452079161e4f06b42570c3c0b75b5d1a3e17e14eee5
train,4k,148858,d6de4b6072a6ff08a9e36ee1e6b84b544f762f3b6e4fefe104ef1e460b7245ac
train,8k,13502,911325364bc8a21bb2f554d9e32ae00e7a2b93feab45478707268a8993de3962
train,8k,176846,d3bdfdffb60491521d17e40ceb0a08bb4c5bb9631c9ddde40fec740d68d8d07e
train,4k,173875,60c7db7967e3db274b35286b84195a9af424892b063ec644a85591891edff3be
train,4k,128588,1a2f22161a2896fa790cdf72fe1a7ec9762af81dd924b72f17b1f85fe94fc6b5
train,4k,21980,ae09add2ab1e6ff36e9636bc17256dd9e663d53cf16b787931538965130b65ac
train,8k,57740,b411ad6b750cbf961c4cb18e49f859c0d16223e7290ff14b8fee2a0b60325a30
train,8k,20579,dabf1fbf89656d67fca513b36e6e6c8c71e548e35ee1bed684652b62bc5e44e4
train,8k,53316,3e1325d5857a5a07c4293d08158afd05ac9dcf358d3014792729548dec5e7c83
train,4k,57965,41db84188181ed4466b816dc6c042cf8610c08a2eaa500664047d1b506d5e003
train,8k,163647,7d625d940d10a348e9aed8466ddf1b3df2271b903fb1063f30f8988b30d91967
train,8k,176894,797074308034dd7ae7f9500f2034d8df8a5d04ec4e9b5adcbabb7733ca0ca977
train,4k,168480,defb6132e4e012b9ae736541fda1ed1bc799f69d1324fcec20c7c4c9732b9583
train,8k,116016,0852d2cde73a7f8d29f3fc081fd505e2656f3b9f5511bd26482c975ad96af8fc
train,8k,116702,44de049d8467c22f15947c367de31847e9ac77bfe30b3eb7408db62894ab980e
train,8k,181576,e44573589ae519a1e798703e24ed8804f434f752ba82cf0b2bacf88cbb0af172
train,4k,188714,901d8daec9acf58fda79cd78fd4b1cca5ca03cefa56ab6632ad34568ea14b86f
train,8k,3958,93f47a6e78dd94f8684b2fd8edea067369d2daeedc4780c190481a8f842f460b
train,4k,115659,1853dba2838ef3927d4893270e24c369995237b8a9c52237fd8789f9dc0e15c0
train,8k,58105,5b43c137bf7088f6d5475d7b16e471ac3e3e5cd4ebf1495b9792647cd47d0db5
train,8k,108564,a88cd7fbe57d6dda4dc0d2617be383a89b962612f7a96b5fee8b10536d374672
train,4k,6301,ff007223ee7e85e894223f39afffc2453a9d6aaa12cd82203f93a596d7e4f579
train,4k,30918,058dd795d1c1591fa1c9fe7735c45e489d1819d1145b720694d0da2661b6c5f2
train,8k,119415,3d8b075343737093ff5122aebb67c4b4e2a9fb7d4765bb7d0175089eb092f975
train,8k,87783,d8a22f88867bf2cb806e93c835f38736e4706869bed1f7b56ed2b2c5815f5b6d
train,4k,160967,6d64a98c37b0858ef40a85b2f45d261c1af5fed889131c0157bc92a29095b0ae
train,4k,97492,70d5d1aaa34772c23cc4be9bd27d91482a96013a5439e27d4d65110f795ee38d
train,4k,9054,739ef5debb51ea1166490904b59d5e6f8f7e41ddb93ae3900921693969ba27a9
train,8k,24122,b9f1928be505fe65763033faa9b72d5c34b6d9b4786433014f536bde1ced4ce6
train,8k,138654,1f624fc665823c1b8f373803fa355afa0e48eb7aa146f0aa2490b940289da10f
train,4k,26869,ce05658bfca5c1eb4809e1dc3e53736d91fceb6eac7dae3b964af66b5723bcd4
train,8k,131306,252f0abce8136413cf81baa894c9c6404f859783963cbc8c4b07aeae487dc9e9
train,4k,60419,8baf1fc35a56e6d2e69ea5515e895ed357d25be40868c5cec82221fcd0d3471b
train,4k,162068,6c7602e857b119c261e1268b1db4923ae6b7471ca1d4e5d5183e8fb409ae6379
train,8k,94553,35afe7412f1ddb4bf20ea09d30a141d4682f2fa9ad1c8c461cb2d7a9e7879315
train,4k,15968,b08f968b162ceae2dc37d8102a35fd2adf1bd1ffccf8fb97c627309703589346
train,4k,179265,4ac412187774adcf8341d01e3324eee8f052c1787419d55d34a2e8a1ecb67e29
train,4k,14493,59bcf18a13745712f8bb3c1bf6edfd3ae142bea2ef14a018022bb1d253c18848
train,4k,17170,b466e53d071177750f6c0272a9948459d0f93c37ba36de42daf088c352d6772b
train,8k,157213,f1f3fd8f1953de1139be6b073c7645cec697f0d873dc5cfed9cc75f5be8a8674
train,8k,26055,0de026cc71b0442b25f406e246e39a42f5a81ba9ca3428f2d29c792fb868267e
train,4k,95315,e75ea03114d97dd7bf85f57f17c3a64887e948892f9e1cc8f7fc54f43906c3ad
train,8k,163143,029646847c25666010ee53f5ea0af3a27611500d33b918d5ddfb53751cb873ab
train,4k,92737,c2dcc2e6fc459354c1619a9aac71f691492b0bbe892fec59b283c953e19d61dc
train,4k,72987,1765a08a7408be22b41c08b8f5fb113931d40bb9f1bbd0f44c76d2825fc6a7c5
train,8k,47926,318bcf52d7309c66d657ae16be617f8b780079b5944915f82ef2882aab658962
train,8k,73173,c0d33ddacd82ed94bb0da73568ef3b3e05c19070559888382061e0eaf1718d1d
train,8k,94192,46c5c80ed2159ff8618a7b1a9c12c87e74c93a4d94a4784358d80d40153b8f0a
train,8k,11575,668e2d9906d2bf9ef1b2d85c8322ef7c77fe86486956dd2f14f662db81dddd88
train,4k,155718,8e781caf9b89f89858dab55fcce7e846e152b009cdf4c819ec0991a4618f853c
train,8k,163888,b1552e486873648a77180cdeda95c6ae3519842507f9d368675d72ab9c9a9017
train,4k,35489,bc1c8f813e95c6806c4728d40830863a0e31464615b36ee836be2424d9541afd
train,8k,81058,7396e7a264860060806c025d9329aa068715bf772d176ac5b179f168139578ad
train,4k,112889,1144b09789be0eeff11e09d0420dfcfff5cc497aa4d33bb2f406053afc172ab3
train,8k,129624,24850f4acda9addcda89154bf744086477ddeec11eb045c680952785e3e6723c
train,8k,45327,dda21f906caaf6b14d20dc8a5185a8d91cc26fa4cdc971cb98fdbcec7a03b601
train,4k,136279,468fe515122027213ef746f829223603dc6122233d58e99fc23bdbe037705f5a
train,4k,137104,19029c1fbe2007fe6cd2ad5ffae89bb1635cbbf48257345c56bb8ea6089100bc
train,8k,6907,37b046133ed607abf351befe44fd6c409dcec7553887178517709da891f899ec
train,8k,173613,7d174633b21e9a7e02fbf40eacc4bdc464ab7e23231f4a2d8cf2fb3ffbf473ef
train,4k,121426,75d29a045d870df98cbcdb4ccd877f65561944388884cf3fc953e2485218e010
train,8k,47104,7635532d49b3a2828ad967b9c98c546fbefd26efc441aca205853a6922d786c0
train,8k,34695,77a66fc9123989bf801463dc4b716426e920b49cadbd2f96fb0d95b77203ee4e
train,8k,105965,8cdf9c9d67d91033376fd5c9306c79d2a7a5d6e70502582597e7203d832e8a82
train,8k,167564,6b3b7ebb9fb3d0777ae33b83bbe85c3f285624126077da659f343149f2f40fa0
train,4k,13968,4b812eb267dda896a19483409a9468c7af4a734061790ed1a63a00e887036274
train,4k,74250,e80ac70c9b8518f9f5d47edb249ab224f5368626a3c3ca0a69e588f22a0ea938
train,8k,20683,4099fefc377cc859943b34826e94e53ae6e47de56203a59a7e530f5bf1ac801e
train,4k,94206,6c3ef523eccfb78dfe173128a45dfe4d04bb3598c067500b56a7e7904268b996
train,4k,186134,631fb4dd8c547a63dc4c258e5eb3e0fdee17ab632b2336c6c43331b1e81d5d7e
train,8k,70939,3494026cf8e5a15433b2fc654cba0eb7a4cafefdec078078f17d14d6889b9af6
train,8k,64596,f5ebd6056e072bdafcc70c5ae5871f64b9dc12ca9fe55d222d5310bf360b45de
train,4k,142191,be2974c0f193b4938df23fc4584c929dcaced7052e6cc6103b8fca60e508019c
train,4k,188151,da69bf5529e50e48d3b56cad48068ca1e732eda930e4f53b3c1d1af3c844a449
train,4k,189537,e70c7db0c4c025f839a1aebda59974d774bb5eb66070a63aebe699ad8f4b4e5c
train,8k,80736,201bc3a0c33a104c4253014ede7f885fdcd176677a56342a25fce4450f7e2306
train,4k,132640,7237f28c9bdf17056027fb6238c8f187bb4fa9b6b420e490ef0dee6c37460767
train,8k,44660,b34a707982a1b45b25fc9acc42db1e06402373691e0e1dcbb48fd87320d95ab6
train,8k,163412,4aed395594f58d3dcae32fc32b7c5e9ee32560a7035e31307b48b6450bf5b1b8
train,4k,78585,663cc5bec6e4fc568ed7d4ce34a2cbeb9552a6eb14fbfda960fb5155413087f6
train,4k,81285,487b94a5896d1fdad4a025d0699f8b62b615b5a96e7432aa83f8d6f71e2c2cc1
train,4k,31343,3fb8cd8abf089b6b3ec0740bbd463291e26eb51491f7076214289c8f1d5980d8
train,4k,64656,8e7d5dd374b035beefb3f1a571a5c0e85a46f244b430f28dd438f01581288696
train,4k,167160,f1c2131e067d96b16dc12617c1282a383322b773851443c535f32a095ce6b42c
train,4k,100801,a88220b8da1091295df766f1e7226980d493bbf6d070127397d13c1cbdc8d703
train,8k,139714,eea2eda0fc925bfa65d3f3e63c10974ab5f99c2c6b6f19e4e15beca4c6600c60
train,8k,70845,b428312e10580369b77fa3c8a1e3c8097e419b57760b92e220bd3ab95bfb4f2d
train,4k,64847,62bce7446cd8989f9cd92da6a63d87917666b81484262f9788176c0e541a0ed7
train,8k,146174,292e111da10d73fb91d0ec53bfbd03b3397b82245ef8ef5eaa3b7c98cee120b8
train,8k,29584,5433ee7c946ecddfaf51f84e713e5ffae77cb435501c4092db7ab408de1fd431
train,8k,81090,a50ac902aca68d788478c093078871cb3597ccbe70513afc179ccab3a0002f88
train,4k,78678,f95720207d5b90ec16c11d9a7b321fe7d7e5623b477fac2422b38111e0aff2a9
train,4k,44012,0f39519db548fab9cc243e80bea16f57c514a4344951ff3748f89432f0d9a80a
train,4k,83778,95af21238bd37a2599d434a237c1356dde21168ff5ce24f2360e62a08710c712
train,8k,82354,76b5e717da29c74affa52cd6a8441aad0d1380e8cb51a8dbd728293be6d704a4
train,4k,191191,92c2cd42927afbb9690f98747f04eaa26603edeea40c314ec2c02f1ee0150074
train,4k,25387,02fc7b03df5e89e1b86b180b992f027798c706f7a47c9cf85bce3665c7b83508
train,8k,171812,bdf98bf0c8bfe2d6077d7b7c639c4072067f28b264b45eb1e383df3df0cb804c
train,4k,159488,132d0134d4fbebcaaf05f1174e442cf9818e326e4f9a3bbbe144e44d4d3de57f
train,8k,47892,837727ab1fb0b79c39e172e2297c2f630705a81129caf745437385c23afbec5c
train,4k,36971,82bdd1a138bd4493fa0dede6bfc664ee45d0c37e6d1263d030fd6ae8a9cef1fd
train,8k,135410,1b34bc32f38724b1c7842f4ba06d3978fb4167d702d8725e0bacc1cb8c239322
train,8k,58493,f76ab427d68f3bcd9fc5ace311e5da1f64c7e84f0367d8674a29a0f97749b480
train,8k,13030,364a207b1d0f512d30efe38a6e4a24993baff4e06b56eeeede067dbabfffdac4
train,8k,85580,79f88adf31b6c236386a8f649fd9b304e5143aad948c90a690b54b689d8b04c1
train,8k,54661,20505a107ffbc620e9a18dde8f45a20d70cff3fb1dc919dc53b19819aaba7ac6
train,4k,51819,516c58cd2fc8d04136371a43f99c8312e984fb32de42731dd04ca249c5f28947
train,8k,42921,2a5bd7b6d7d1b727bbfe0b9ff1b70d399211414ba606cb8a45a590116f4d75a7
train,4k,58960,3a933aff9d687316068984ad27769222639d12a975fd99fdbffdb6e162f80d9c
train,4k,181857,077291398e0eb9c947de2fc9b50d63ad3d6b2cb67fb5be11cca0cdb2f9c0e5c5
train,8k,26810,447c551ae6b0403281a843f54393c884939808429c1d127ed8b70e0402b0d633
train,4k,55739,c8e109dced45f605455722f22918a101cd39bc7be25a82dffe0e6c50ebc8a1f4
train,4k,157922,31c1e1f3380d835dc03bbf0e2ac95e8a7d7b697ce16ca3269a53bb3b905a4284
train,4k,61840,7cfb3cd6d84b1b524e70b597793f9e5cdb4bb9d019ece78f4ab75eb4ee5512ef
train,8k,21606,f5310f41fe96ac8404b9e6081c548702e287428def23016f4c4b3a2363b712b2
train,8k,131598,ea3e66639684b640622545609d2acc3bed8984f01b8d588efbbffd5ffecbaeee
train,8k,147972,99b7df762607166a424d10184e5963c01de5cb4e42b3153c99ace2aa96eb0753
train,4k,169332,feb10d2e899755bfdd1976358394704a8bc4657d34795121b01bfca6c6508bb6
train,4k,132685,7db81476c133470ba5914a75fe051ae992109feb1fb7c2c7346b315ad67e201e
train,4k,13337,dcb10f285c91af7ef2d2db7bdecda3cf5e4c86b96a2451feaf4185eebb9a1a88
train,4k,167370,da579c69b3f5e68c346338e3993e10dc3b43ac9ac0fe6704498c97a5b1529258
train,8k,128872,d8c155b1cd4eb8b6adde7b5c7cdd27aa2ef5241aceefc328274af0d01d1d7504
train,8k,150669,2ed3aa11221776ef32eff332a9c31ff6a99a0e48b249e645219b5eb6e5ab393b
train,4k,165795,e11e8f8ad591a05f4e674784b397c681a354aa317b765c214a073ca17191db02
train,8k,105446,073157c68f10358011fc70cf257e94a1864fddcc2fbdbfa1feefa44f91b1b62e
train,4k,172027,0f7b4e80412c80c2857f84f1ae8a388c60465f4b3fb5ce5d29ab0c94a7bc2fb3
train,4k,128843,38005de53af246f0e546438818985674aea09353af0c54800dd8432c6de3506f
train,8k,116498,47cec1c713243ccf5f30019429a0a8a16c5d23f958d9786626167d2ab8674f5b
train,8k,110567,7d441ab7d4530a8b415b31ca84acc309e93b9c31b309128e90026113c827ff4f
train,8k,442,dabe2abd8ddc4cffe6bb20fc3007180e533e00e1c692e7ae6e9e9a9378e994a8
train,8k,138542,77e6e0ef25bc958ea561f62eb6c1042da80c1440da5986f3121a44bf14eacb33
train,8k,172596,908825bbceb496f976f58190c7fc90b77324116e2d8a332b2f64167fd030c35d
train,4k,78778,11fbe5ac11784cb97b85355dca7c75d3a91b4779eb33ef8719a0f13348522441
train,8k,12563,703a55f697c0a06f103e7558cb304cd650c39d16682d0eecadb9b6d772de1888
train,4k,83976,72cdb7c8c78477e2709a78bbaf79633167d54470f05ffb92989ea733f50c6c9e
train,4k,63885,0c0db98c095e05a2894d51b846de1db3be78c5c24bff6bbfe1a6c941a1d8d031
train,4k,53346,2f0d172884b605a02a752053d537c08a923330c5ebee62497f741798f257cc14
train,8k,176319,ffc58fd5027d6ca753b1e2d94648328fc4243879579a33cf9f1defd5427a32a4
train,8k,102964,57f5e849b9d8df09971c52ca3c2babeb34fd1320fba0768f043971a3beef77c9
train,4k,77112,c93fe060805f8629daeb793d92b11d4f3e66f15ec715e56e2e2bf279552c17a5
train,8k,25601,2cd99e4b77a1b00e500276061d482a84b0f8c4b917f132e609e4ee93dae68051
train,8k,87656,e803717405b8f0e4e35f62b5e75cac1632e95207e03094a445c706fe8ff9c489
train,8k,57516,57b0f69c79f27c49938b7397619f21cf68885baab6ed257dc1384e7c479aba51
train,8k,128585,0ad101a47c32ad1c6ddf9ea1f259eb23db892250e4459ac784f92105a2bf3515
train,8k,4191,9f49c3f6c61d6e041a6e82112945f13bc506329a37f979d03c8db001cfe1c3e1
train,8k,163728,9c64d54d3882f82f47def5bc79f784008e4254cf38cea341df971387fcd15389
train,4k,110604,1548ffe78e593cc579139f05a04e8a117ddc8f6e4708861bbb41d49679065dfa
train,4k,133197,e4acb7c58baf256fd94ee62f601ef6dc065114d04cac7db911ddfc3d83ef556f
train,8k,174248,ad9abdbc5a6f9a726d93638050a721daff4b533efb10132be22bd34854b79475
train,8k,97036,06367e734014acd518043c1669d319a6d028413c18f1694a8ee7b168070e8737
train,4k,171444,f0d503c3c689a4b8f7cd57eb9f588b2f909f9c7305a06c94b7cf9b4d27528f9f
train,8k,146451,9a769d82d9f0e88f1d847d6f24d5e61b0e7f1b1ecf3db3560375cd343cedbf9e
train,4k,63724,d2928a31c3751978bf897a9fe80c473b6b9cc6034e9e8ac1368501dba6e22680
train,8k,92360,bf532c669253d410767a7615d91a5cdc1c956b921a4317068ad2eebcda2a649d
train,4k,178856,132f85d058e6f760927432248563fd8131647fbeccdccc8ecc98361c355bc949
train,8k,171526,886038e245176d5092446bb8c4dad9b877a9959a383be6b94b975a2328a8053c
train,4k,18536,55c800886b5525c463b87adf2b10ab2bce34cc3d8fdd53f6bfe4d7b19be1ca0f
train,4k,39,9c10047195736d58049209b3ae651e1f4502171988e5a99da3dda75f7aa0c245
train,8k,131698,1b66c4465939c6b966975fc47070a5a1f26c332fea607f64a3789c194c06cde0
train,8k,18317,3daf6d96dc0ac6caa002e4622bd64f1afce81cc2ebb72efe08264e8d6db1fb7d
train,4k,20957,eaf8e4e37f7f5ac154685e77f5be66a53e5739f96bb0a28454c9d107eddb3018
train,4k,4960,f713ba2fa20209076c9573f37e10a4b2ac87e79a73efbecdf5b7b43906398881
train,4k,140364,25dfbc9ecc321d6e327658e0fbd0486dbcfb00cd59ec0c64255e76bdf1a666fa
train,8k,152361,371d086317afedb2f5b9b25c1204426732f7c825c716ef927f5c9fe1a10e1b7b
train,4k,33628,2a8efa57e6520fb8174619786b28022f5db028a4061f863c4a3821958e73d582
train,4k,72419,98cb8cbc0a0b75ebf0529d0ba46cbc63320ed64d2e709a9e7acc189335df3419
train,8k,18079,0a4091f3e9cf73e91514b1fa9753b4c5d2d3edb8049e1bcf9f0f2906c7f24e9e
train,8k,142712,15b3510075ca4adf896166f8e10fa042b6ab1611e22cb02180b8c0b1dfa4c8ef
train,4k,1871,9ee24bbde724a80952ef54fb80046a419333daed33ba95e7b65554aadb78b6ab
train,8k,159819,747e4ad4f32efffd3881ab0d6f2e652234e1ec2a456b804a161ba259309341a0
train,4k,94383,1aeb8967b14985fd73b6b3403c0ff016f48fc6f8ce96d2a6e162123838f2855e
train,8k,966,00e27120f827d504169c40f65edfcef3eb7d155e6dde6fb1c4872db86955b879
train,8k,5116,49bf9385f9df35f85f475901bb232ab5f5b975e77ea364f49e07a7777242a642
train,4k,20984,faed572278dc43520386499954bce69ca5dafaa3232ceaf7b5244ea2f0948178
train,8k,179344,e0f8dc7781a38d3e90d44bfd0dfcb4f32f81fadce2a5fdf9fa24d811bbca1222
train,4k,138186,f1ba34d78e7e6f6ceaa0c1330c1c4542d8a7b30c9e721148d27d935d525af01d
train,8k,54215,d4a5cbcc65d7bac0bca68ba34fd4fd91a449eb037d6938d98a83bb339357f5ca
train,4k,36587,eada6ee868eae25d9d844f5835faacd2560156e8f21bb92a8fa7dddf79223f34
train,8k,98954,fd8a234f0e28c1c6219b763ffce10ea3c4d5802cadcdc23a502bca68bb6bdace
train,4k,53173,5a45ccd32851cedb9294589eafcd7f906323ed7c170969079956de5168684a82
train,8k,92187,8907ab3232a529e654cffb528ee11502937e58923c250a06d2f1a992cd2d3a92
train,4k,137807,ec81c6942ada75503d1240f8d435b7cb06c6069aaf8a54cd103df807dee2eed2
train,8k,149358,2ceda0205052e1f370838f6c2a715c38bbb0cdd55c7648f73bfe88c77f9c7bd6
train,4k,95489,99d74348437dac844443b3d01a96217c5de5bee967453f0ad711faa673585cd9
train,8k,2378,50a0965d5b4c1abab5c082ef2e88a23e06c7950a7f49d22f558ebd93e2becce4
train,8k,33253,29bb01208a6316802386672a61435bb9ba905f01dd76eb47070bd4ff9a1838d6
train,8k,116882,759992601c418daed2de5bad3ae78a044749a09f69cd2931bd8f072805ad79a8
train,4k,117283,514331e82bb1ef4ac642ea37fd5c3779b6b4a7caabbe40c4ea15804822034391
train,4k,53504,e9663b53fc733b391bacb4e245ff3c9780321739009d0a9172d44a53867609cc
train,8k,143574,b33ec84dfd309a1c274f6914e3faf48a64db10925853465b321e772e7e3099e4
train,4k,84081,ee8d553dfcb036b1b1f6b2b7d6db1c95eea558ff65dbd7432f4940ee8ffc2e1f
train,4k,103456,d8d7b5ffdfa06608e9934cc678b95302bf3434b17ed4e64c10b0348fe549ae34
train,4k,100147,06d18906a52a74d11d5b694aead2313280bc4e8cd73283f67107a8398bd236bc
train,8k,134370,ba77614dd067e7cd814f7e5b693603d59cb3b2dfebb1790dadd008de5804550a
train,4k,68793,4bcaf0d5982db6ce8d02e6904564e11b78f132ff5692b3329c3db0a9c3a59cd2
train,8k,26552,6fb60717199aa7a08b2b8cd1405042db73c9fa492cf892bb44f0143dbc7e251a
train,4k,115617,0eb71591237c56a1a6201e40bbd183ddcf83128a9ad209f27c8f3501de577c8b
train,4k,144461,6ceb7ba8e43a36d086c5b7a3b7fcc0758fe29667d347cc601029c8ff146d85e3
train,8k,134450,5fd3b7636deb52423635e4d3df0488d5b9989f4ce912ffe5e63458e07e87052d
train,4k,175354,726e7f92e7759923c1847dbaed378238a77e1345646d5ff96ecd88e782b54628
train,8k,135496,f00754ff2e99a8c156e47412c61874b2081a63edc331abf8410ecf3e657a0d0a
train,4k,157106,1f36321999a8f7a17d5fc8efd4037cf2ffa3e267ffd707a83ff3cb74ea357ecd
train,4k,5501,80ee621841f91b09f8e03daf530f69cc779584c321064419eec5c791b9ee2532
train,4k,171131,a2dff57c0d9c2a1f19ce3e4b29ed35c4dae36ae653fa2f14f3b0af64a92276d8
train,4k,61252,81bfad1ee66e8b73183d9237e94837b488aaa79038ce44206dc0cfd8d9953454
train,4k,16332,00ba4e907ba0b9701c7541c4d19aee26beaf178605c63fb5f12bc12e319569d2
train,8k,134210,fd1829db70d08a8c136af4ea0eab592e4948ec48d61d8ef8bb8abd4cea3f7f37
train,8k,26752,c7fe196bdf5d06c751ae3b1090812f9e0ec5a616e0c238623d75989f4225ce07
train,8k,148745,8e130eb294fe93d1d84b60baf4b5460e7fbaa5f41ba719debcfdab87b655d966
train,8k,85641,78610f96fa7de5c53951ca3e8b029e56f71de8c60607bb484b2577d686124621
train,8k,57469,7550069e13e18037bbf60b297efa841224abf19994eb22099e147c4c8a14cda7
train,4k,8601,0c516f4f0291b5e7367be7839a4aacbc1ac74c1c8c59b9b09b51cb6db2db9d4e
train,4k,168312,972ddf7776ac43b831baaf588130984e50220e17701d68b4be2ea26a9b88682a
train,4k,28237,dc9c1df57d63237a1bf5b96732faca4bf625de6dae700b012e565bcb69aa4bbd
train,8k,30421,2f753f5d2fd9e7da122b65294583f1a4bbae294aaaba316ff61d11b1822026fc
train,4k,36826,3762688d8ae49505d2ff89c18e1e569d9ff3984dff4a741a85b5e506ea3bfcf0
train,4k,104745,b15829f454307228f9ab9fe4a361adc824b378b3d7582244eca6d49babde9cc3
train,8k,108945,55f4bef56ca02d11ab053abe5f497c312e0836413a62ba91374c7205fd6d2543
train,4k,161902,5721e64e098cfb5a7d85de1caa36c89b5440f40432c1415ade1a9040bdf12b93
train,4k,107960,f6071aa1a14e0aff55bcb5f954d2b9d5022786def0d731d0d9e3d1a70906bb09
train,8k,117323,a7cd652014b54a39189f68f90cdf0ba02893241621e68269b72661f6d7d5a918
train,8k,62017,ea505fd64f59a168d50a63e3931a995a4de12b25f93ff3976aa074a4e08cec73
train,8k,117496,b22abbdcb0e73a9fe4a00a2494dff5287d0002bb61cf0bb8ed3c751a55b02eaa
train,4k,9197,5279e6fb459b42c44a58643962c3bc1a7612251c6ee3a176f1aa17a0d6cff151
train,8k,44808,300390819c34afa462e1506b7652f4f798babaa83fc6e2b098f73676491938c0
train,4k,63689,ed52ad9c419c3a164a1d74f00575ef9918cda70fd677b687831d78efba19c3e1
train,8k,41612,49f5025533f4fa8135b37fc61fa057b8f87f16a341f20ceabab6378473028a32
train,8k,139484,db19f7f272d5efdaa9cd76c313f5cb8bf58729ce9b22107964ef0e80de81e9dc
train,4k,37809,c4f19d072ecd059509b010bb73c847f821c600218d022110068cea1af13bdc5b
train,4k,89418,6296395d0e7738145e3a8ec1482de54580998b493a8774a9011f92a5ff22ebd2
train,4k,113080,8187a9a5d5e3ec0bacd133d602593dbbb6d2126f4222be2f0dfbdd2fb43ad238
train,4k,49515,c1a7ae66173e7270c6138dc0a5d36f3f29ccd72f5f92f412a15b5242b80d5d91
train,8k,50368,a97598f14e157de201cc51318a8dfb027c7eb063ab439e23de29032b5ddbb117
train,4k,138379,bfcefb5799c956ac8f0057c36e091e3c1f4d31f3446dd00bdf57d7ee3953c686
train,8k,153433,1b381f7d14becbe539b748a368789a783d70f7e82a7bf7159b310e73383baa66
train,4k,159800,da6c073b0e1ed5f6b40602366b031d7e3375499cfae3aec81963923902a631d3
train,4k,63275,189e09fa2cb3fb619049b16a42d7f1cb8a533d8e69e89cfd78027b63a6e780ec
train,8k,127070,9502bf64e744ded3d215afe04892c484a160ac8b4d535f5ebe6dbaf28e4e8f3a
train,4k,66401,e69cbd91018094060ebc00c7463e35d778bdccf7ddafc29119ccd6baf44a4249
train,4k,17334,7d5b8cba8d04a39cada0bdb988dfce191afb88863090fc4b9dd3157d31d28464
train,4k,163372,355f0860f708d09f9c1ccfe7b2cd8e7a3993b102051a53560f5e490ad2eb0b2d
train,4k,64765,00f2f32376f250afa739e89590a5ec781d77728c3b84712791ea742b863c5e1b
train,8k,128325,6cc47d84ef98c560c60d91e5880ef37acc9e5552d1037ef957737f6f378ed5b3
train,8k,33551,23493b61f4f687abd0f54306e5c6dd0cb179f19ce7080e2dda7e592145b169c3
train,8k,40931,276485e8654eb5f4c83e17e9994fbfc2c89ae26a7df88d63ab8e42473b55c0ea
train,4k,111232,98b142b0aed5f38794822a5f998620ed2ebbac6d2a8d5f91d03b92703d4c8ec7
train,4k,61469,8d38ccdae0908ec8b5b9a1a746ab635c5aed48f0d08e1ec132d803f0146a941f
train,4k,123165,aa0d1364ceb3d7eb9c413b1bfc174e8e4ae0464e298b4047ec8b229be1f524fc
train,8k,174251,5e6a95c61814b24cb1c4a51cc0c045fb11167fa571e17d5290546330a1500a7a
train,8k,69468,455219dca761db2f98eece41687cd972deb19306a387e646e1a8caff5e35ec36
train,4k,163232,86d2349b67b15fa142dd5467ef707855e3c58eb3d8f6529d951afb325a8ef123
train,4k,87046,fa1ad20ed20bec89b28269c3055ad919b97fdcc87aed246ae60809bc2ef27606
train,4k,103873,0cbd5b0ba75d959a282e2e96a7e3a41705578dd892c300d52df0df0ef7353e52
train,8k,102905,c657e563b9cbe1c694408f043716ff8f8a97dd393a705501d06ea9189239f6fe
train,8k,116752,559bdacc071a1a20585ce46a3979c1a0f0ae320c60a182ce4782b9adf9d0f428
train,4k,101479,d27a6d2bd7058eb4de4f3735ee62230fb780fbf5a1477c0e0869bb99677a489f
train,8k,26695,c39666563817a686468891277ae07eea8baa02bab4cb8703452fbb0d21a9e765
train,4k,164226,c1ed1169752c1d1f8cc490f5185820ab4a4bdbd595ef618b7bc22d2ad0fe13ea
train,4k,120964,dea013c0a5057a6734d1195b155cc1567783fd4d92fc890c26c528774a37a169
train,4k,855,7cd359aa2bb3d8ae68c419c716a43e17aa0fd7281d72c29cf9d7572587a52ee7
train,4k,37501,35f381027c604934866887b77fd6f1d450c084c134d16c0d75a2ba7d20a97211
train,4k,154417,43889d019c1ad520872766e2d7d356102d8a647c442db6c07e57357fbc8ee4cd
train,4k,95513,e6cfdb650d844cdd61dc96bce4478e88ed616c2545770f7f783a8bc8e424a0b2
train,8k,174035,5a7f7416e8ebe36ae6e66975b540fdfeb0cc6428605ae02676c28dd68ecb77ee
train,8k,16485,cb76cf0b198f101c460b5941e82a4ead23723499ee59f58d0d309ff46a1ffe4d
train,4k,128505,057716d45509c1b5b91ef4369f8b0a22c10a91bb9f945fde81d17903840e8d7d
train,8k,47378,979baad3cdfd6f8c973a02405f04f0ba657d798a59ca64063d10d1ce8a01781c
train,4k,86814,5d22427a55ac10ab15531e67189a97ad09f5b4abf210d052a9fe29626831fae5
train,8k,160417,36f08e555c8eeac22cf9f1e388d3db687d1704db75b193d54ac7838ee587753a
train,4k,56848,4321c439a4c1aa51c9aaa018f747b2cabab29f4e404f11b3da7d1bd89319e981
train,8k,26652,65d097fc6b28ae3fa78d51e5f75739bbbd3c97704ba09e997210cd660bb13904
train,8k,16874,387aef681632dce7854c8ce1735196e1cd644aa8f6ea671c1ecb5e026d1c299e
train,4k,105862,aafd51a01bd52b9264463900e543ffa4f1cbd99bb0ddf430eac04942a24bb5fd
train,8k,7936,4f11e3a74003d6ac08af17f1c5a2b159eed4127c7e7b004884f80fc1fd45c29d
train,8k,55621,e78ee444ff39a18aa1277fcf0214b6e01b3ea8550abf4816d403eee2d4035d5e
train,4k,95016,488d558b782b864361c79742078ec61cc85e641361c3edaa8a58ded97448d8da
train,8k,64098,ae7f0e6b4bb3c417b6ebe61606d700dc8ccec300f263d27a4971c85289afbeca
train,8k,68378,d052ddbb137e6689bef48c6f9a9551ce17a86dadb6f6843b091eecf5f6c71fdb
train,4k,61513,be0728803c6adbd7a821ec9b6171336d8a340fb94c9dfdb87790a7a730a80e9b
train,8k,131611,ea5476c075dce97d81091b239f8afcd797edf8c53026b5e9532d6b2416d91b35
train,4k,34716,fbab84c369f2ff705479accff88003baa99fb992b9a718707d176dac0588f2e7
train,4k,113529,b5cc3746d99256ea1cef6cee80bbdc646f097ab7414ea98a4ac3654736b5f01b
train,8k,68245,78014f7b2a6f2629da60172a94f945ec4b581722a79860cfe4e182c9be5835ba
train,4k,140625,e1f40dcaa7edae21a16a0c27af5f09312019c72fae136936634c9490f5a14153
train,8k,36069,8c9f3abead00e1fd65d97ae063203bc5c51e282820ba3daf9983ffb6e2cb95a4
train,4k,123865,76776e6291a4ac06bfdd426ea6a1cb37035666363913adabab419b873cf2ef7e
train,4k,110649,5e6b4dad1adce4da6f7c35cdf37c639b02dfc45d1972a890e5d6f134a7ad06de
train,4k,191511,3dc4d80622ee57a978098f36508e4945d66ac960d3ad80724dd31ea15dfba5c6
train,4k,15362,b3accceb0fc58d43fadcfd47b473296942a9d95a4f2231ea012ff522c24e3bbe
train,4k,30257,7e8fdb2c52a76a57bf7adfa4b336d139bdccc0b25167252a9492cb00d8f4e824
train,4k,43104,b23ad57de991b6095339c28508da75fb2448b08f9e710979ba8d08a68f145abb
train,8k,159324,5fa522ca06308603bd4b4ada0047bb68e99aa8925b8197cc6933497d87251a5b
train,8k,19353,269cb7efe24b095ffbce29c9d194e144f9bdd3fdbb444b7a0ce977284c98dcf0
train,4k,190624,28676ec97ee002007471a170090570f31d5e67d95a87b218646371fc7b750e52
train,4k,171944,69efdf47d9b2bd536a7ed328852456144b090f75170b191468d510f816c7a321
train,4k,3845,4f049f70c536730685e4906a516405cc25d60f7320b9f4e31867694c5fcffe27
train,4k,111636,50237b15c8b3b88be93cbfdeafc276d730d9238b320e27eb6fb7d64960a3c41e
train,4k,186905,167ee5936c60a1e578eee6b3f15c58b9a3336bd24655645a8366505f20e12f68
train,4k,192319,a47ac904eccce0a1374a951bd9b32d9ae8242cf61abc2f778e627eb60bfc4783
train,8k,176473,a845ca47741252d098758e05a8156b308f497f2054822d71e5683ef74e34db01
train,4k,99883,85026c072b224669a040bffaeb0985da66fe7488020c8bcc72461a446c4f16c7
train,4k,184034,6dcf074088ed0a04d30add94a1682f2aef1ca192b9bf2ead4331489d014e7186
train,4k,181129,faed8db386483063548182ab40b3e827c00cbcd4b71f5467063c9e681937d5d1
train,4k,18339,ffd609ef6023978bb369f2d850d5847d595ecff5ba858b1eae022e5ef6e9a607
train,4k,86688,008e45bb86a81c4b1108059d9917061b992777ee65a67b402e53234c29e52681
train,4k,186574,1a699e7b38e1e4a7bea0afab7d88c4fe1d841b56c84f51d4fb9ce4bf923e4ce1
train,8k,71502,b0a91b65ae891eb6fdc4e47ff2cc1e11cb3a6b3456773ed06dc75d09afb05ead
train,8k,80381,f6cddac68c37eada2cad0189249f85cd31933e1ce9738ad0b3f0751995570b0a
train,8k,98843,7b5b7b503bda531b1202d9488ab94c37bbdbac42cf97f4f94b2c9c39792d85e1
train,8k,110393,1d836df4768d003bd4206b663349f55f09b609c6ff03fe4f1e156f1e024439c0
train,8k,114594,e84e73179c3e1e3a6b07c37e840d8a27abdc6fcdd7cab0a0f1ca0eb4a0be328f
train,8k,165888,6d99712bba689e36f5d2c9beb24168029b6d5e7026b1fb6a45f4af48d801484f
train,4k,140788,0c4e3543862afc25b822a6abaa44815df1e94abba60d5a03f63e93b1ff89bde8
train,4k,33059,670a6259b8a62bbd6f4f06cb46565da9f1dc5e4c9c2696d3ca0d0e3bc5b68ada
train,8k,6309,12f3e7b035b180be7125153a665f51a6b131014894736bd7344dbcb40e3f3fdd
train,4k,69847,c2f30eb2a74f3e9bcc22a9603ee7a9b9302c52c05d7864eb45fed6a6e5d11c65
train,4k,95847,5eaa5d53c186effd57ce176c59cf708a302cff842f1f59057b31ea0348cb928d
train,4k,67028,bf4b4008a92fa2560b60001b3a0df060a82671caa0af1a1acac5d3887c5691a3
train,8k,4353,b8de473537c52160fb5cfe352b579f87051910ab06bbebd50a86cb73bb96443d
train,4k,169362,ece23891437819b506d626e4432c717b9bd65952a4b6f177968fb30236078c06
train,4k,107701,7c2b175784e301b1d3601528eee0d81975152e7da1d123e167e4863502b617f0
train,4k,3026,d4920abcaee67e684b12f7712a66d38a9c24eaf78bf40c2bf2a0e837369b3ab4
train,8k,162911,6f6cba4d65e240f0976bc9d2d67767f48981e0c3efad0d262b498fdd06997a92
train,4k,114710,e03699322d3c1226fabd6bd1cdae943a2431e5574b4b79d139c32774e0daa6de
train,4k,135503,b0bb4c0e10ad6a41699c0763811d1645731cbef4cdb4a1c2caa5ab718717f9d7
train,8k,129550,7500fbca4698ca4a0f841202881937176791d814acc9061a68345b1fc7e91b78
train,8k,32272,0ad63e770fffe551944fa35a9c65355b16f759773562afa7d8c614c00d81e293
train,4k,11908,b9e2f01b253a0a8e1cfcc2d0835a9217a8fe8601a07a8e2c43c772c5c6433ef9
train,4k,141832,8f94b4d81b3e373e955fd0be73fc29e0b216028255655b09cd6a17688fbf6910
train,8k,135784,717ef3a721fb590bd02e79c5a6adcacc8078283d7c6682ef4b17d92ca2ed77fd
train,8k,159672,ee833974767e1677b448463e5d0189968a2daab9d624b5c8e22af8967e637045
train,8k,52404,a8aab45f1b89edae7ed32b2ad307852a6621ecd35bc5b304c198d21d48d6a25b
train,8k,125608,96ecaeef6a983f4073ba49498e52cf2fb3c547e5bcf92c016953681aafd432a2
train,8k,4284,9af4a36612bf7e650ec893207cd8391156f430747427e9386badfc15b4546b55
train,8k,131693,662691d05441a6d285ac575c22e5fe6c68d77b931152549af5ed898db1aad824
train,8k,62279,00804f0eb5a58a5e48b479a0b4051b1b460d5e0bf9cb8634fe691cd063ee9b41
train,4k,51552,48962f470b7103378745adf1fda91e2e94c3fdab640a8c7affc3a953f1c5977c
train,4k,125815,511b12e2db3ccc87fb5feaa875a4f5f37d0b2ebc3c3a43b5725377ee0f253633
train,4k,167027,93560849b0da4dfd40c605f35ad4a088f26ed58354126995893030847f3e0556
train,8k,34350,2578b7bf0ccb4c5a0db5c3803c70ecced617bde57146a9b832ee2193b50a32ab
train,4k,52230,a384dff3ed057715cda89698d359b6bc66acb496e04a7e8c404ea17c552ecda9
train,4k,154139,a3d6c2cde20d8e98e8eb4d01d43cb440c445a0df7fb5df1b116f2f085e3b4e37
train,8k,120927,c03db0c4d697900ee93bb56aefa0196e7bf43983c32ecb8d87b314600b76d586
train,8k,22121,4c258587aeab4491e15f7d7ab0e8ac5662a0fe60df614c7b64bae537fd546b62
train,4k,75490,bdd1321eacfd4824b92ab7862a9f16f239c55c0587e9c114e6dbd159ccea3ee8
train,8k,69294,80ffe1160d5603142ca1353043cf3122349857ba678f44f6922873d71e87edd2
train,8k,115297,51fbd069505061ef99fb43753eb0150fec379c0857d7914a557a1620550db3c3
train,4k,6570,cf2bc13b881dda8eb22edd65a8fd5e28564b7967abcf5eba0196d509742ccc60
train,4k,158364,c66007105e9ef36cde948b2fd6101d4f8078d0ba7ce93bf5b3e36254917e9a22
train,8k,85634,7699269bd4e0e5375f10ee9eca25cb7415827c41ffae652f7cd107061c6bae36
train,4k,122050,3658db07f1647d406b8411d334ee9e59b691f32672d089c4d0efe4a43283ca75
train,8k,102063,75f7831432ec1f75c87318d8ea0bfb795727ffc14b91320b8f7eb64cecd401a5
train,4k,124819,ec64a21c80269729aeca3b45ec89b72756f00e3ef220c143323e20b7f3d3b636
train,8k,2407,f25362c0e4e9a0c96342660d9e58c1bcfe81b3972e51060fc6caf41204dd8ad7
train,4k,34651,41f3d5e03e55fc4e1330948ff283e860c82c22d1da9e9856c0b708a6d648c958
train,8k,95758,898c0d15f1fa4e0150677b63046fac7a214cdd097cd46e313a5370fbe87adc94
train,4k,70142,9cafc7ea00ec87229d5e20fffb0c87e1a739a68668bbbabe258b5a5969a30f76
train,8k,18715,be5ecf062dae0850aee6c008613482fca350db86eb23a50af62aaf6d2cf182c0
train,8k,174244,90f0b739d2ae85d7a5ca3e5f6effba59f712af7861b4c6008ce750f71b383223
train,4k,155097,606ab23e202b9538215a6eee2d35a0e12084c2ccb48f06a9d96c21598074b75b
train,8k,116202,6661a84838d40b72964ef48046cb272ab15f792daa6d7cd23f9cf94c6852d3df
train,8k,57415,b05768c81c35cdc7e9ee2a5fb0773365bee663c53d24d2716b5baf67db1caafe
train,8k,147339,15c6345b050b66414fc72bdd23f80040b5de48069f9c6c5eb6de185a7a59813d
train,8k,104897,47fbead52b0a1321430822c0ee7045667aff67465874d1c56d1892305f159511
train,8k,118620,5fee6cd44db60874e87ad21af5e3ad0dc761f152456a100b0cb5a6518448f5ae
train,8k,57518,dfd36bd7cc5098e9d41b9bb5a3bce9855e2e06153937b89ece14160d9af1a9eb
train,8k,34135,a8b11f07665fb5c9db437ac5ae925031d25ef06c445979b56f5ed367ed72d942
train,4k,37812,86b1a363b9217536990586e9bb403bb713294bd20e9a3782d528b1d976c0d4b0
train,4k,172434,296ec5c00ee51ba523f6083fcd239357f708a7b5761f4a374bca2f1755a6136b
train,4k,4017,ad5add5a5e72e8a403a308674f237718e020d85c7f1060f4f84d22f84134723e
train,4k,13937,eca7e9f7c1c8f037a2b2683780f657868be460d46c1127aeff62b105ba652ebb
train,4k,109588,f17417d342d0eccb94ad329afd0d74915bed4dedf490a9039fb7141789948212
train,8k,24337,da082505b3a0c415b4889acf1903fb3b492d96bea935516ee4e81758ad500c69
train,4k,173020,fd8d7e51ecbee9cb4b5ab379be7fa299cd64869f971a0999f3ad7292ad31d8c3
train,4k,98790,ca6b4b865cac8011de09593a6c588cd70ade3e820c5ce5478d96ad3d565148c0
train,8k,76434,361d99c97946fec63f8e99d8574f2ba81bf7782f2e9362128389a5c48191d60d
train,8k,46218,9aff36b38310ad61ea7ab49ff55b9aa20f087429c29d0895b50eb733c93211b2
train,4k,148146,e5048f9c5d31fb53e748703b6c67b5c78adfc1b026c3a987a538bbf25c0d45ee
train,4k,63397,f7fb9b318ce416c4d07e4a71a6b2a8c4389a0277785b64b5fb5ad61c6b9079b7
train,4k,156518,5b167283e853d6792835f7f056c132e0906a7a91ee2a37c476a2692879146392
train,8k,75514,31a5c1ab900cdc3ca4a9a96c122299fb9226049e796c73f1c6ac5a475250c1d7
train,8k,63338,b618a07602f1792523f8bc4bed5e790e9942ec5ea6e353bc62868c854a727adb
train,4k,159132,f495e9e40a5b6be4c60f893603a73b103b2b72bf874acf6fd76a85e50d794bc5
train,4k,25068,1eb88b75367fb07d104ff44932377981081b8c35bc2ca519413eca69d85deb81
train,4k,19125,0170aebdd8f7a2fe3035d2e65c1f901fda16268903bfa26b252585fe7725f91d
train,4k,152925,bdd6c4933d723ed785b0783330e3626cab239a66bb80fada611611c75fc1836b
train,8k,109150,f1c5229645e60beb87576d7f0d63053bfa723ed7a63e846c55d63806ee94bd65
train,4k,185288,5972f7165f6a14db009aa3dda5db3aba4690cdd65f2b333da6312ae640e67c1c
train,4k,184821,2f2097d4efc4d1eb3004c6dc0d9091cc1b4e903fc82c32702c17b144ea22810c
train,4k,144587,46b1869c3f5c69f2f2840a338ab5760e57ff056054f5fc475585b8c2f1d9703e
train,8k,4858,aa146d30a0171897f7a69af6856222667671cf78912fd6d862766919d7079a2d
train,4k,145436,2607176f9b7aebebaa0aabe772e0232df32cd444cb7275b8805898f169c774c0
train,4k,168175,9ca43155e40891d9005575f2f5a9859608504034a0d5b0a30a1ba3ffcd7962b0
train,8k,101697,f1e0faa80c148adef7970d3322d163a94d7cffe93ad4be7bd16cd3f231a39ef4
train,8k,93753,98e201b8e3acc5792ed244ba4c615836fd71709e8655646aa4cae8a9e5f1cddb
train,8k,170702,072a3b6d2c0d1899a85baaec8b9ad3dd5b20ac1d11b5ab6928d90e44adf5d961
train,8k,6674,b4d7119d0e36982eca5395f5ed7d90fc7df5f0d9fcf615443c23f935658bfac0
train,8k,180973,bc070f69f094bdf5664bfc79a0c93d4f714a595c199bb5033c35c46ec29effbf
train,8k,177513,1b357827cdf6b728e94abd4c4b6edbf52d430cf96d3d9eeddd1247f22e70b21a
train,4k,63164,7221a1ad2b5dbdd9b4b18900da1ba74aa2646449b33235d1913ca6a900441ea3
train,8k,117223,5b1a8dbfdd5887b52e2cc889305ed4f8e21464739868af142a5a3cf525104922
train,4k,182615,89fdaeb1dd335f3e2cc0635d0747ea0b2e9cdd8053fd9b9a4d13d889a12f611d
train,4k,138138,14eb2cbb1ff338199fe669478329d85022b3fdf2e376687f6b2dd6a0b86d25a8
train,4k,3741,e4c128470a7b3e24fa8880f9414a9b615c8d999513cb3d188938b2560eea6f73
train,8k,85378,edd4cd9a1941d3bbde10386fba63499f2e16eeb638b990ad33ba4b086ac0022a
train,8k,112848,c4d3a2fc9680f197f563e63875a3c5c857e4d2f64c39fcd951e95bf5b76c94a7
train,4k,27821,286af73590b334bab2e00e6c0f725a6faf74088e6cbd5c847345b989f927c17e
train,8k,64801,0c663e2f42a7312edb20b6b6b66bc9d6f30ef047246003294971cb53efb64f02
train,8k,56430,3481cdf31ef9213a2bcbf2c9f25d27dcddcb82870d9e275171f6fc9f7820cc57
train,4k,13100,b503eaf8ec3fe504d5420d144d1ea86f296c746b63e466b5151af280ce8b3960
train,8k,14306,0e93a524feaae3f904c21faeaaa9c342c8fb95252571ce892f6147e8f1d49a3b
train,4k,125524,67224b13643f67aa2221eacc08a0f412b5d81323bd297b11dec8e574d2f8dc59
train,4k,84733,bf4b0d1fb9ea8cc0de36e40272d4230fe675bbc1c20761e9416a56c4cde8c264
train,8k,29419,87fb679068c03cc6103872e1d6a5f373c9df55de347c36ebee713621e8b02215
train,4k,130175,ca3d1bad025814ca7816c8dcc0d0f6aa693836b9e2838cc6acc9c7ba34fdfd62
train,8k,99015,844673ca9fdba9d36233792b9c47a669e4e79ddf4f48b858be4292b00f811373
train,4k,2470,918459d8f38fd1b937511dc68a02ddc89fc13f951b0c8617fb384b8594a8a10f
train,4k,73696,5b1bfbf15c84db18a2d7c007b62ff9dbbca0a034b13e77c6fa05e3f8d1f335db
train,4k,63103,ba94582dd1e0bfb1272971945f7bc8ff1e8916521abf36f8ee479a4625479515
train,8k,125710,3c74331e093fe6974aaeb0b4c72ed4e14700dc1ce92122fa08816e7e07555e21
train,4k,44803,13459fe127fda3c3b8f243ac1ba8f62da4652d168f6a4df2563936dac6695199
train,8k,75235,08988cccfad225fd2e61356f156481244e0e4eb2d304d124e42b3a1c3cb47174
train,4k,79779,212c0a5b81fa608d5d332cd7c0fe8c2c42129a7d29864d0856a5a896741a7117
train,8k,1622,cd4af86fda25ac3c6d113f758b8d46d9a7d053d4f46dbc863ef8c159bf820b3f
train,8k,143218,6171c6601e1c893d7d933cb5899462c42454db667f252d9f8bb4cd1f38e8aaa2
train,4k,183010,c6ac790b7a831c2e295a2d0f295b14a2c24557dc51b501700ec77b5f8c9dc61b
train,4k,8767,2cf6c589f41100f56b67d8ca5066f657cfcce02bbe6100917329ff5eb9da9c68
train,8k,50455,0fc6ed67bc4fc3ad1264e2862d7f2c9b9ed16ba6fae573872d039c1a35e4b433
train,8k,180787,1d7831df9b09650ba7f260528c3a026efba44c15e8cc7368c1835448256f8499
train,8k,112676,a83367b82a8c027a0fc7b6b48554c829f3af922c647cdb31bd43936ce0c72a85
train,8k,134563,f098309b2b683b36a87f14039cacd769af196473358532b4470bd602e9508b46
train,8k,176904,d665607201f6b7d93fd7bbaddd8e0b0722308874f31392db80ae07162d30c1af
train,8k,88528,20e822bc195bd75a7f388b41afeb9e1d0950b5a6654de526706fe147a5aac757
train,8k,32555,eaca74b83d186fcf0313b52eeca484f063019b4eb5c4830885ba4247e0081675
train,8k,23330,50c546cb56aa2100cca5aaf387bd642971e65b88cbc9454650a48b8b89d29b45
train,4k,62855,f3375822e9adc2d2e62429e056e950ee3bbb687617e1ab454321e96674c0a62d
train,8k,44927,c2bc53de89930e975f5b9967df670bea47adaacc2af78a4f4e20fb07652bf121
train,4k,17351,946359c48dbb8c72fbe2acc7bae242bdd38990a76ac32a7265faf6060bf0970d
train,8k,67198,4e1464f6644139f698b2fa9cb39a6f15f621348e020195e44b0a71312d078ccc
train,8k,60167,372c6d866bda36e5c454614e87be6da4ffd836d3cf91c36eefafd3fbc8e40515
train,4k,52034,ab14468977aa6e73a1e2414e5c6cc6201d392860d03e30ea7df30c9a45a0eb0a
train,8k,19606,32d0e0d54abd1dedd8561f5850d3a74a1a91a3895e5b5c7496a90a27bc11c3e2
train,4k,190916,221013d3bfe75d99e19e146ccb358083a17c68b5b49f8f13c301903ed1269b63
train,8k,14615,c77bbaf79ab962a2435c97362a24cc24fc9ba85c49284c327c142b257f05e699
train,4k,142884,d084838b829bcd3164944ef7e29fbb2583c4d4acf1a087e4187c043d56a326c5
train,4k,172859,ffaac88e433ef0131426a21eeff1304d75ecef89705e97cbfb51d7dca70727ff
train,8k,168937,f07dfd9fdefea5b8b0ff52ef7cf4e08dcc45b49695afd3ba925d5bc5d39e162c
train,8k,125931,85509a352a38b1e66b0982c7f58aca4f801a40cbf0bed28562d68a79f0a1a4d6
train,4k,124897,624e5644ee8763383f094f12d42104a6c4381c98d62f8f0b787b09a21eeeb785
train,8k,97705,63db8a2b21d0b32879559150bef29a877b154f1e548b47a5c03794ffee63de2c
train,8k,10722,90eb82bbcdeaca1aa06614d2fabf380dad9dfd2153a59a689c4b68388ee90411
train,4k,79191,2c8795d71901c1b3f94a2737a00676167dacdc127e37e6592aa19f07646b5bd6
train,8k,84098,24c91424b5ddb131f41f3e53d9496c0ae33c7d7fb58484d36e4cb40b1e3f7975
train,8k,83975,eb25634c58be9c432cd01a4b21b3d91d6636c06bce600e66974098fcfbf22b06
train,4k,127371,5218ce03ebe53c716c59017ac69083305f42a4d95f910cd3d58b4113b63c9de3
train,4k,184394,b3ebbf703cf801b14c2fea01a9e6a47a8e739f6eaa6e09626b23bdc1d22025e3
train,4k,146575,028510b8d6877ab108128d603e8a66efc72779a4c53ca910c53fac866a2ac16c
train,4k,165029,1d985fb7e039b60ce42144ac7b2c9bed5da6861ad081c0aa2cd335349fb4b5a8
train,4k,153934,82c0121df3929db3aa301ce567c4a97efc4f018697fee51250360b8c3c03fa3b
train,4k,173238,f757d6f3c425b0099dc69c3da5d6ac2aa30fde80b136b38f33ed0d9ce05366c5
train,8k,92150,f19b2d48ad824f2642d58fed88e1ee2420b98e553abccfead366dfef4f7b65a1
train,8k,153139,4ca0a79e905c009b2725be3cb5ae8838f396ffe2598165b05edc7e7593e63d53
train,8k,169932,74d220fd08783a3b53c8a24d85411c9f81ca26f3696b5f10c1ad2901dc117b09
train,8k,71034,d79ff165a261278090245dd1e33aa8af1083bfba0482058f4a6887cce7c7ea0d
train,8k,156451,c6130a9367b9809dbe95481580a56620076a3bdcf187328adef05ac0fc013acd
train,8k,69307,70efa725060b7be40b0e093fa7767c350c5a76c3b57285dde0fe1c1635c59f94
train,8k,100589,6329640324a6d957bdc9cd2387580417f6a8fe8fde61daf309b3b00d5b427c1a
train,4k,23966,dad840676a6aaee69b2e161c0efc9f16ae9fe6c537c59a94280bdcfe07135446
train,4k,66556,5204b8cace6dd8d6a04a9bf971b7560b20718035d7a2b69168c4096e00aced76
train,4k,29748,67296c994f46cd97191b144b43eddcb7a76257a2df4ff55ff7fd02e144ac394f
train,8k,179041,254a399225cde08716a3c08b0444631d4ee06c111f15629de83c8443481e0e8a
train,4k,75543,b69f6cb5b9bcc45f79be71f0a038936aba1c2ae15fb116b4cf79176af521b6f0
train,8k,167660,b8dff08d8b7e2f3a938ac065ab8080e883808f4ede6ae999d53ae3c01fc7760e
train,4k,27724,f55ffef9013009bc28860729d0ffa4b0d5ef9b21b56b3258f19f87531091a882
train,8k,157170,d4eb4a76f22ac6dd1639e3c28106cd8b78b6085794ec06f2e4add31acaa3bad8
train,4k,177133,f1a1cf8667bb23d39a0338fb8d6ed687dcdf03808cfd820546daa60c26ca3260
train,4k,105263,79263853d017af5b9a14e0409b21dae5872f1fb829d1ff6a9ef0ffecddb8bd1f
train,8k,26836,d3de4b3fc9546915e300b1f296084d49412cf4e0a97b0ec8ac4b93c66c9d9124
train,8k,32434,8d87ee4fbc4c712b00abe3d0965410bccdd1c33dc343b406333795e7e87e33dc
train,8k,27014,325d54a1820bcf5865261685bf7ca1e5b38b03196460ebf713dc945a0c07df5b
train,4k,182611,55786551df673f033b3cd2c2815a5833739550c69b22a2cd8227d5c42cb6f93e
train,8k,78905,4ed112129753d4a109ecc495adbb937aeaadd6c44e7c4ca5c8f5252831d8656e
train,4k,108357,6c0838255915c7aa3f1296fab21de46b985798b91d79c650f15c7c54d886c8b3
train,4k,91035,bf46d46567cf3571a9edc5867d3308bd03e9c4491230f4fc2402c57082e06880
train,8k,119343,c31a5f358ce487f97f282ea1f6da842ba10f40f4c077e7ea1bf8841495a2d01d
train,4k,113708,dd64c1dbc053cd19c60f64e92cde480be7ed83e8924d85e518a75ee2225899b4
train,4k,2946,2f95b6f00165bfd17ca4587a08d37caddd22326360e5eb80c6d553b64627f94c
train,4k,12667,c15abd221deb7ab216f065da7ce0a74c7485ab1ffd06ebac25f16fee879c940f
train,4k,37259,6928df4035a7aba84ec31f7c6745a51d4a18ca9cef18c116d8ac1d26dd293bc9
train,4k,66769,7d2f705075a1393f7a0fc9181216db06779125ad089f2e5be3562b9f09bbf9d5
train,8k,12574,c820901df33a6bae02137a4b382565a65102139095f91079344caca3e4cbdade
train,4k,189913,da1c6eefb9b29c9354a18cff6f07dd62a5bcbdc85c8099ac147d4b550b9c98dc
train,4k,160147,d278b5f9cc75659192df619fd860e2bb9ba370d588c3ad8786ecddbda92f4eb5
train,8k,12307,1e26acd023b6c1f5985a8fc2b3a6dd6077b333423cc2db91be6d9200a3a17328
train,4k,167618,0e62bc428b43735b546d79637f33a72cb347cbe9bd0c1fa572bc10d7ad3e7cbf
train,4k,35199,ea235a0e3cd90e55ce966de407a6d015cfe57f449b8cbcc7b6160cf1ddad9620
train,4k,113566,a5f5a9e95df254bf061b09b84d689f37c02927d06d7f53edf750f91b0b242e85
train,8k,114561,9f0f33bf49d25babdfe9a4dedbffe6bedf662931a07f86f0e08da7929ff10ffb
train,4k,25462,22ed4730b5dec68b3344e9d465489916ed918c52b3c89992ccdfd7a07de3f482
train,8k,5560,36b489c9b9cb9b3b0a79a335633b5ec31b6019f184926a682d1897b62ae73007
train,4k,94085,cb4234d522d9a7b95743e7f8e595d8d287cf0141abfa2daf470f255248b643b8
train,8k,134845,50da4bb8205096c47bfb1330d0137364426a388a90bdd3f9075d9796da5b5764
train,4k,40736,bce1105778b63f1b7a41b8beeb97418ff418442126e2fa58397a8c90cc868004
train,8k,171958,c89ce16269fa6cc1f1921cea17f8dbe623860c42d6eec724ab354e5436595fd6
train,4k,18567,37b206e5f189c105f4ffbc32d56e761fa2e0824965d9457a24221105516f7ffc
train,4k,6547,1175b4ccd9d332322e0a2dae8ff17eba151ce2203ebabe4d1b4448d94d45ccd2
train,8k,13906,2af6a92dede451a064643ba195e0b6ccbcc3ea0f335009818283e93ac455e54b
train,4k,174887,d63fa57b92cc1a513f7578981ea6a463ec7e20413f715ee0ab2069549fa54d0b
train,8k,86460,56451801c2fb0a29ca5481bf16db23596892d8ad5cf26790ff6a795fbd6ac5c3
train,4k,176568,98e58a5607caf1fd34621e7e0b5b49a352f9257e182a9e04836fa527c73f3293
train,8k,99715,135ef03262648537f9460b5745feb6314a7cc0c9fadee6d12754728390290a06
train,8k,13073,6db3de58b315512d7089d5c8b40944bd8fc00ec241f310ce8ad49506c2cefa93
train,4k,107715,28e108f7d1807c5fa507110d69b2d02d31b0d5ef52e0f3f4a5b2f346bb625f74
train,4k,153122,301fa6e46e934a96065f9c5abb45acbb4cc8a554f2eda84a5cb8c216be264903
train,4k,69190,356b74db1e0194110ce80b5200a543e1523f398e638de28f1e3c53090455530e
train,4k,168229,87e505abf5dcb75561b43605273c2e36b83bc474cac2c3b30d0ddfe76cae07ca
train,8k,157874,86cb557d1e8cead67608d54fdef6613719f2fdd2af4a2eac62615d237c667f35
train,8k,68054,2bee60569915891b84eb89cfea021067f16b5b5c025fce3b4e06404b37296069
train,4k,190878,f3661207122010780be1cac3cddb2fe8f710ee8791e3f586f5ca6026e1d5ae7c
train,4k,72309,4edf65a3163acac0428ce1b8688322f83f40169ca99214c2bafd647086c46b56
train,4k,46381,f0c2746712dbb94c043e5ef9a51bfc32d7ab02fa8c0197e24986fc7977c6bfe0
train,4k,130169,d1e81d5f398ceaa9819d2e10f3bbc4ada6028aba2334c1e02ac501beaa70fb9c
train,8k,24129,e100d4fa71df96c3882e83d48e76a1511ebc0b0502857a00da8c8e76904ca9ed
train,4k,105987,470467ebe75fdf0da7f5515fc668c02995f7ebc584efb0dd5aaaba4165189a58
train,8k,100962,8b09530cc03da3f7cc2b5b6ff22ed3d3299d055d06c7fbb63dea89aa8e0825c8
train,8k,43962,d98ae6de960e77222f6e71f19e2bafe886cdf976eaf4d97094b6926454b5e8c7
train,8k,70840,9def07706d6ab80cb6c375d7db2bc7ba3e1dd39e99477d94491a577cbecb8c8f
train,4k,143,50fb49e5af37f6cd728a8170698df51ea0cd04d05ce36b53bd761803e2177275
train,4k,74650,8ffe777ac7f85bb4e2bc8e03210ba389b044674cac43fdbc2c6a703d38721882
train,8k,155472,1da5275ce36ef8f730a4114a8851388b2c2a1beb0814869e12d53fe0d4dd2555
train,8k,168744,193504b615fa1237deb3c5550569f1e886a2bfdb7695c7076b15bb81171127cd
train,4k,76744,ca7aeca74c3ffcfa56dccb0b227fd4738c8aa39948242ef455a6300596125758
train,4k,25992,212561e551e29b278835667e842c262c1f93901b15fc33d28754da0d2921493a
train,8k,3088,dc1c1d5ffda05c52190dc28ba98233506f26ccb07e24ec23b41e0acde42ed914
train,8k,32871,33de3118e93ffd8af35d1ed852a9283b154e2ee44bd0fea16951837a5b9a3ed0
train,8k,138297,49e745c036ad55027d7a1730fff759d74b854a4903cec1badb462ed9a23654b4
train,8k,45238,b05b38f61fd69aa4c2a77a695d4aa52066c181b23c831691a4aeceb54eee29bc
train,8k,176415,859af9ffa48a1657c4fe6aeef52e61d91d4eda4c81ad9076e675bc8167e93034
train,8k,83150,edb39e8bf05a08f0d3f2ca27aec3a2764e653710dda8205ce54cd9217aa7e2c8
train,4k,94210,66b540728175bae1acc3050cdb06b3c5be1010f2b769e9052ce9ddcf8fc5756f
train,8k,113862,90fbee5f6285cf3f4e536fad61610717c2b04bad298285adad38c907a2d5b7f1
train,4k,67323,0e5b1eb24959b6dce61832f7f317b5150e29ed022962d0e160c434b048e4e443
train,4k,100048,51a325e7cd2ffcabc09af873858b90b5659c8617a8f5b93a1ddd985e3efd6b11
train,8k,127681,f58b136eada2ccb95f88a2e77d71edf58ba514cc1d5f293f5771fa6554e46d47
train,8k,100197,5210b5318131d59c456a0e56a51ec21f1ad26436830c8578c67c355dccae072f
train,4k,70744,feba8930eb54ce1708c1b9b7d77dec096f73c620d8789531f0791a7d7aa948a2
train,8k,23277,1a7421af9b6caa8d0991f718e080e9164451d66e21fecc520959331015a17fc2
train,4k,191075,b1801e9c93e64efa90d8d6a2162f1cca7fd305f54e05a1ed82bb62520b3e1bea
train,8k,140149,391a4d5b43e628c4263827f411583093ec496cf0ac80b840905521aea2d1d418
train,4k,46172,bc29e57a1aa731c6edfec78e466f2e086bda2ec0ddc9b8ef6759571846bcc24b
train,8k,31730,f55c5b2d5814023389723dc6b4f85106535dbbe66c930df22e4fcc36bc1b9edf
train,4k,71310,7f657f827326f17051ed460f938b371cd1ee6236fd251c7753910811dd7895f1
train,8k,12930,150f647d46750be028b424fc47e7aa8f6e251a243b88de0c8dd07043bb87cad7
train,4k,74048,6bf2f544522773d4a8740de3b16ab12b57cd05220f7190c0de910fdbdbf85988
train,8k,56632,3d037bf3bcc0e7b1869e8e63150b6bf51545a6ec266321773bbed2ba0b75bc4f
train,4k,109279,94dbe633b5e6ac7d2a543a8b1d1829e78a84932b5ea4e8e33764e414ca4f4ca3
train,4k,152387,3df88679079439daef9d0ce1ac147d0d7d8976c65c21fe1bd9ce65f54faa9846
train,8k,107340,c362e2f04781d7f0a61b0db3281842178f22f936a2e672401a73f8bf197f60d9
train,8k,108881,18b3d87628633ef65db1f9447b759b692a6c72bbd37e508077dad7200a94dda3
train,4k,37214,8837f97156849c8a26a7cb501f515a524fb54115de5340cabd56e9f17882c7aa
train,4k,130450,6d16e2a3d5977546b11027567038acb87b2fbaadafde5acb680d36052cd3f19d
train,8k,164021,af17605c2261df4b4287c475c26dd69e3a02f0b761eceb6b1dd94b717a39b96f
train,4k,110528,02453254934f53f07105cab93118d250a6bcf2b23f7476e75665f3334e586393
train,4k,150230,eac771b862556d8e3cd7983c5a2bd11f4a6aefb9f1cad62fa29333d05ca3b7eb
train,4k,178523,459acdaf84924a05a51e9a4ee3057cbc9255287fe082cec54d7e932d9fa180f8
train,8k,47965,0736fce0db8d75b26c59fa37d4e05b40344226f07c4268e3426f2728709d5dca
train,8k,136569,04e9124fefc12e6d51c95dfd0f8389a9343edf53431251c21f4966ac112060a1
train,4k,125484,ef5ea802ae94aec67d5994a5aaf221255922adce8c186551b6a7cc6cf6cc2080
train,4k,184659,0fec57fff673a78abbf28f0241016fd2d8b090184299e0de6c4e9a5393fab5fe
train,4k,124008,2052876bb2c52ac1cb3f7026728d618229fe1c66d12df6ac07cd7fb2ba229734
train,4k,120684,a92af18d7b187918a96157b471de44cf5918ba2650de8d72a1ff2ee6e952a9ac
train,8k,82919,e810dc74c1fbda309cbf6d143e371398e259b48f0fe773b161878b20b368d7f2
train,8k,34582,e730abaef439449244a8b1bd422f06d74bcfdd94944c278f6fb0fe1a0838f575
train,4k,52496,180d07eec1d6d6683d3194167b2c18de5f39709a659af4e007cebee5e6ba9193
train,4k,152473,fa87bcb4fe56c5eb5b3e0c7ba5712c00ed79ca65b6e10cc4f2b41708e0095687
train,8k,51430,e666d2ba7918cac5f66a8f2e53a9427c468b11ec7cdd7b7e20353b38f4297c9e
train,4k,51967,f60897438686d53b74a427035a574571f1ece619fbab50c9dd8d5d2e569a62e6
train,8k,172123,5ab0b1ba490e108e19e0718c4ee03bd656987411dfbac9bc9cfbd72262d5e426
train,4k,102149,add513680cf09e4d7702d3dd5d7d4068be8880175e1a410e40f1888951dff009
train,8k,33729,fc44ce6da7a8889eb1f548af9ab040465e5f4abbc9ef116de9e4cb843d575580
train,8k,130194,5d35fcf8af77b4aa912f1afbe27596e6afbf6384b89d1adce59e40cf8e510903
train,4k,60040,9fefdff091f10c1d9b2eec7d423e3caf9273c309ec298346c53bb849f19e7601
train,8k,74560,8eb0e6cdf25d694249bd218c7a1349d583da94f3fd1277aeec5f785adfc5bc81
train,8k,107148,644034cebdbf8ca2fc58a6ee0375cedf8a2eb4be011987e9c1ac399723c7524f
train,4k,77707,f4111b957048a342b9b59ffeaed3e93f166ad9cf6a2dd616bd39baebcac9994c
train,8k,130035,60cee5c748e8e79acce6db7b3230e3bae6f6e363c1916c55e4d34e24b98cc689
train,4k,185885,a97b849535e573a95800e62ada8e7be2dcde1b612529b12e572e485b2fc53182
train,8k,2874,0219651a3833e1f58e6989dc94faadcb07770876623a2b3adf5a0be8a1bd06ce
train,8k,103987,8d552272936c91711a10c6ea2de9d3ef99e381b5079dd7732dbd06b743aa94fe
train,8k,90227,26b6050305e4c2c9d99dce9cd01fe460020f012c6ea8467639eadbf56656dbfd
train,4k,3905,e7562f1d7bfc7580187c291bd09bdb11445412ef4c028c8cf60822c7fb0553fb
train,8k,70127,a9efaa3af7fadb3778ab9902f3c3a78b4d13c00f96965056bf352ef8bf255a2e
train,8k,62931,1ddbdac5300b00f74fe3c562e172d8f51b117fb2e3032b51235741d15477cc15
train,4k,159622,8f33a730acc31f35e6c73a54dea391f3e403ff07c5577d6eeb55d4c1a53edc69
train,4k,141121,e1048504ddfeba2713b93f923ccbbc6d3afa4fe5d2f8338ed17d807e468ca324
train,8k,30145,d34f7ea88705e2c9d9b5dc1edce8ae695f2bb951fb83f66fe65174b84b899f6b
train,8k,95785,ecfd70d309305ce22836b6f03cd0dbba503ba886a7df0fc7837fb931faefc1dd
train,8k,155558,b2815252adae0f4e63eb659607a5cac53be22f6ab12d210eab991a6c5e7d5f41
train,8k,38390,58947529b58d10c1e30e3a9fb9555563c35cf7a4c5a2db7e0663026225e80a90
train,8k,115292,aa85f02cbdd732c6797bfbf71a41e606770f85fa65c603c79a89ca7e2f1d5ef0
train,8k,90131,c1a553a8e670efbeb1ff6d8ff2ea2ec193b95cb2cdc4f9fe7e56f75e04de9100
train,8k,126340,c78e82f988f49e5a1cb279eb8414ec431602c4bf9ec3f81dcbfa682d997083ab
train,4k,11120,5c340d456794bc218d07db24e677fe2aff32c06aef0ae873f740d732a3b8cd08
train,8k,77828,7105acae81b28b8057263df24c359a657502ea7d0d9a6a1032f2fa90611404c8
train,8k,147263,d716d1d9e440602c1188fbc18984320d3fd3a6e8ea5dd38650d55cbdf963a3da
train,8k,48445,13e9a09cbcc7afd204cdbfee7db6d89f39653ef2cfe94460d83a9b46db1ef19c
train,8k,97646,9e12c19f6198ab8a34a5f31a9ba85d101d08329d2553a5122bef0e46f1e21416
train,4k,177342,dd322679fd7f81fb50e2a4a4d08b26fb3a11df3a4d7ae7c385450451d4408517
train,4k,145447,4389d25d25c4b809001df78b48240b7ae10e1ca7d75775bab4384085e2eaa847
train,4k,95683,6eb288f5df6ef0868884fe5e04542dbdbd4df58092649f94ba03843d1d4f0ba9
train,4k,188852,01b7a2eae26c3c48b713762535c10c6790284de78055fb9926492ef93e66fb80
train,4k,140614,bb2dc1d260b120eb75c2876c72f0c3b8574e9ba8b2e92dbf326f42b416977663
train,4k,109544,73345fd77739c6fdc4473950d686f7f10cb2bd3a216cf78ce3b956550402173b
train,8k,156767,59dfc2f264b45369bde6c857365ca8e343f21d9ebb23b92e789deb9171e01d75
train,8k,17208,d13789afb24db3f55b8ba3de7ce13c16ad8c44b54ba4bfba54d47c21c4ee8e83
train,4k,164964,7c9fb1f575480774f137eded7d4f99bc3c07fac4f0a184eec9608db2466aa431
train,4k,180488,bb516b9b00791807b2fd19eddeea52dc69fa6f825ef42b770c313528ee3c58d1
train,4k,134780,147f4fb251cf023955def776739d4c46aa764a34bf4ff51fa41d57c8e9afe730
train,4k,372,8f21687b4d5e7cae797acfd24cbf838a1ffa9d048ea1dd75e89dcfb16f3d9542
train,4k,77044,9bf1bf8b5d7a0ea5efa23af2a772daa244f5a278d81f68430e22800b73f44120
train,8k,17203,0a8ab2066a9542b1b68bbf411cb7a17eb7963dde20fdfa3bda467d65e7454995
train,4k,94691,763fe80de13f1bc50834b8f87e9cc2aa65a08b2afaea17e96198c7aa91ddcf78
train,4k,2247,17427782bab67f1dd2b9c82d36485c0817fd1c9ea2a13254225c97384039ef8e
train,4k,162944,6c79f2d1e3073a82e0df007f7618b0c3235efe8f0c6f83494a8dc4c4c642e92d
train,4k,149498,727f9263444c025589f36cb291321a9a4254f852e71b9f139781521fc19e9e6d
train,8k,181964,5b017ca88c9524b73ad399ad2483460519a9fa3c418ecd2a01b0f1df11559e06
train,8k,123529,67b3d49ee4bbdbbece63b593cdec2ce5aaa3e71d741e87689a4b93600c1c6c12
train,8k,146895,95959f2cd3b5dcf2769c56bd9d37b5c223ab3953590f2bd25b0d517318742a34
train,8k,163582,6ff9843b6e4112bc5d00c3a806420b93f58ad12907d3164c10c925deab7a5765
train,4k,65729,3219bf961345773f3e2c6ff4f06b9b9eefffffa15c9d27f99c48aa0d990bf613
train,4k,7593,5b79520221766e5d72240752c0887a2ddff169335ca8a864038325cc718f763e
train,8k,10806,fb415c4384a3a33cef2bb0a5bcb33a27701a41812d24a8b64565cfb2a4ca77b3
train,8k,100857,fea1513d327fe9fcded2fbb425408590c926ff4778a90b5a075ac06ba76fbb53
train,8k,154424,a7ab27b517988032b44ada914ed4c4b7268c2d8254bf1917756706954600c6cf
train,4k,149451,ea1ace42df02e62c6f313fcea18047cfd5cd12e69aca92e70271a6237bb9c130
train,4k,165780,924fcccd54155ba324dea59e449d659774a55112ec278d2fb1a0d0828ffe0525
train,8k,72435,71780f35c18effa9079ae0b8f09d93974dbf9b14df455c67d711d7df696714da
train,8k,58451,ac08a263cfd4466700c4608bdfcf51dd5e82f27a49f4caaefb5364cccb566c4b
train,4k,145069,08efea71bd6d44b6c9565b7adec41200f7e8f6ac4203f2b29f64bc1f402b82d5
train,8k,139634,14935543768bab66b5770eb7f86201bbc272aa4cb9694c6321670ad3219bb02e
train,8k,19552,aaeae5daae5b91fea2f61571a320256d9edbf211de12d2bc6472c3780cecdc45
train,4k,9458,ab2a15ed57a53156344670315b2537fa4235b55d8a0880b03d442e6cc834a362
train,4k,175488,802bb7033dba7cfea87c8257067b33adee9a15866b83443093ce465133540464
train,8k,998,074eed146ee9bd7776e95208cdc48179e90bbcac6ab79b097ed55a0ea80eb922
train,4k,164291,d5fcd89e7a5b7907451b871132579b12d2df433bdef5539d8bce227b4e3e350f
train,8k,72563,b4b80f9bde3816874dd8749a1a1b8c89dfeafce5862551d28f2711889de3df08
train,4k,24711,9b2c553139f7274a73147f0185b96a2d3effde77b803bb192b8daa3c3cad4646
train,4k,73706,df1f7a0f8bbedeedaaf4599711da2635effe5a4605311167357ec04e12021402
train,4k,152212,ecc3bd1a7e4854d4d1900ce1707357063da5a88f9fa46a576b7375a3522d0ab3
train,4k,137068,810557901df391ab002a1daec812bc03dfb521be2e6fae232699a90a8f393b24
train,4k,29518,b8d9a3980c1d634056e7503bd08bb8e8af5377805ad1be11b177dd6b79e44706
train,4k,160299,8429bfa3886ec96a910af25ff7749170e93b3ab2095811848e56c09c841f77ec
train,4k,168531,e7227aaeca4186ee8770231c9182e269c15b1f2bc4d270caa3522e909e024b3a
train,4k,99891,a90fd9591f085cbf4d5a22c40af3a04fb7b21a07744c4a2e861c7cb2b905a760
train,8k,121092,b77e31d0b1ba804851e3892c2c42b9e6e1726fc2ab3e203c43a946d6b82e5b93
train,4k,11355,737905a6063d8cc6468484a8d11695ca7b10f1b123f75095a71f77b53230527a
train,4k,70837,08ded6f9655eeb599108aacb5bb7ef2a6409c841936396764b5952ffffc25486
train,8k,114588,782740c3ffc235496aed8f7be41d2ea4342f87a6a0dc6733573d487a3a0bbe3f
train,8k,53326,1fc3c0eef75a5d34f29f9bca762b9c3ca0859662dfd06d6e9ff340baba5e1b76
train,8k,74663,d83fb919dc37596c7b9976d5476d19353c83ce7b215d1426bef85752a01832aa
train,8k,80103,3baedf5224f5ff6cb31a2fd7689725a3b3145a10687efc877d91546a384aa304
train,4k,186850,f2aaad4a08c5cfeeee8a1fb63a9dc40795ff59e7677e2ef4ef46f477c9bb379e
train,4k,127142,0551818003e7b4cdb0588db4704251cebe6739e8031c2c3b79889422cff2c015
train,4k,136449,13121e942f13aed74e4d0cf2f437a1a0316b0c2d0621fbda861daafccdb3b87b
train,8k,155449,fb02f9700d649001706d8617a361623d18915b83d31acdf4390efcc385c5e503
train,4k,32826,cf0e09d4e2a1c27e0167dd3d40862e21caa4142b7cfc703d63dc1e08b2747ad7
train,8k,106524,28903e3ab320db7e52266018033fa40aa28e091c773d2864aa7d5f5f86837852
train,8k,35818,2e3a19fe7b40615174b6d56eca371aaf2920451002bb23419645d171b6b70186
train,4k,181190,9b94193c05a92a1d25c10309ecf0e6a656989856763f9c68f3835478c043602c
train,8k,160764,41b11113dc32a4be79963aa7ba7bd7f39bb8281ad7a688b01c8a1a5433365aff
train,8k,19894,6c7af51d695225b1deb1010fa680cb06cfd30f1cd2739d8248595e286ec39688
train,4k,158985,264ba5b5216d7e650941df9ba3a45b5d05c09b09b89d6290c860e262f2cf5592
train,4k,55642,5b22be63366a9b272c91a044b5544504b145d11577328de7020949d885fb9627
train,4k,159209,e8965d84374a92798513175dca146160b3dd3d765a44a1f24c89b23c4a4fb975
train,4k,96686,749c1f0c6cb32dca55118224b3d25b279b478cc3074c91a4e7a145ef80737f73
train,8k,139454,62b322605deba8ef8f3032eb6413a38507969bfedee87831c3a2eb02a12851aa
train,4k,105389,95e4846d13d82c563c55bc447b87913c8f41c5df71f8ec19b65374a9a30d8f73
train,4k,78235,34ea2df45d99b124e32e739c2ed1ce8e874927e30c20c9398d8ca103288c4435
train,8k,143703,8e8ee125bf6b39a1a8f996b849da10da50b706fb3f530b29e6f06e6d3d47b62c
train,4k,122261,b05e2a9948a05d4e88c2dd84dd06d462397e613e46443867cf7e340e681de581
train,4k,87458,0d354d1fa98e8451cd9cc111193947698b8425cae79fb55ca88d3fa1b6b2aa53
train,8k,8827,54afb869e3c06fa07f0d3c2dc629e5858a390f284f65f101cfa0f6a04e650ef7
train,4k,147314,bd5df4915af000683bdb672f3791592cd4046fa812c584be9b8ce82df279f158
train,4k,43819,6612a4864fa58cfc32e46a2ddef1f482a3eae86161d6a1171c71abcb03e3e5e5
train,8k,97159,8627402faa4e0f2245f1a3a0c4055264b5e3172836fdc7cf68e81b9e01a07ccc
train,4k,14010,3cc6522a2b75118b8d9b3194c17a81830cb5aae4e51456d5d60f3503c59a215e
train,4k,109105,39e91adfeeb0f9d706920c97a82ca18102f004112d817ce38c31bc81693adde3
train,8k,152724,5cecb9a6f147992c54220e78d383e2f4d865827b01fd3f90dc4c048445e9b296
train,4k,110383,6d11c527ecc2541fad9a39815094f71539fe7879a72d793a2d33ca03dd6d9982
train,4k,29897,35af700c45b7d6243b7f34ea135b6e2d101f1e0c95d64d8360c8619b52b6b579
train,8k,24619,13bffba632b55ce4d2cb997524efdd852d65cd3597238bcdc387b26aea635a92
train,4k,49352,25fc87c4bd2f7c9b691dd3e365298ddb755c3e5a9162485d4cd3a69c6f350271
train,8k,90625,e5d53f1a5d383bba1cf6875ce973ca3d4152bbbf05470a8aedb3d0988b674e0b
train,4k,10681,a04c40c127b0344bc5f721fd19c82881fd1f0edaf328b0cb92f67b4cc2b496f9
train,8k,62945,f60752a75dbd40a935cbb131f8c9d8aa3c21a2d726c09d7c871399465484ada1
train,8k,174661,8286ef4ebc7928d06d2927863ded0101bdf8751308f4b6b4aaced1919442f369
train,4k,67193,d9e5cc0ba3b322d940ed823531114c3ea28793be3e6c03ea35d3fa9d27a19c82
train,8k,173853,89967aff04f09062cbbabc9b25a7989a7d94d09370484a21a02ae5c87d80f4e4
train,4k,101405,125ea8819cf56a88d421aec0485c15c01bf2fe2ffc736eb22a9aeeb57b816f0b
train,8k,55917,7ff2f284fa28fbd4972878faee7f3678a75944669843d5992c6e93f89fb1acdf
train,8k,6629,8235d39465897595674d0979013ec15df29ecbcbcf9439c72add7e0c19020806
train,8k,44085,4e6e8f45e1da61676897a6f8872f52acb69661edf0d41b976ba8837fb417b207
train,4k,147747,00c85b30f41390c6c6f8fd24c38c12e88edcba4261ea6450d0c8ac1dfc4ac0c0
train,8k,67935,17d00e79a52f8d1b690f81f4aee7c9fa06f1548e5bcbcc9994b741066e8b176d
train,8k,60637,36c3a6966e9147ffe43c0a3c2429725a8255efe5118575b83ee234845e394ef0
train,4k,40933,539e218114a0dd6771369c67f68228addd6c62e3c06a4aa344509c35b7c2576f
train,8k,8308,eb8eaa0b0c9145f24e62fc4f1770ae70e32e2c53aa0d29d3397d6de8edc18166
train,4k,112274,3caebd8d95351337cab7cc180b8bf1a12b43c45e0adeada0bd04838cf328c1e9
train,4k,11643,438a07a35bb993c7fcaeec4e62dbee552a8aa3f05136fc8701610682e2b901b0
train,4k,2134,c20862a6a81a60c5df3c95508d072a1aa3aa12fa5f0f19406ad945e3f065546f
train,8k,88268,d67fa8fa6cf16ed7c39f371a960413998290d57fc30ee8f02dc825fd05b0517e
train,4k,31146,294b5947cbdc8fb9094034ab92293cb9942d991057b77b707002240d74a5d4da
train,4k,183943,63f206581dcc6bb61313dfcd00b48a734a94a8781625d94d57cebc941db80a3f
train,8k,80435,ad7285f837410784bdc2c3208c463e50efffbe8e2fcfce6533f5013dc09f2803
train,4k,177877,c9507d57017e7a81b3ea9ce3f337e87bd33cf0242fc1c090f1a75f3caaeb1dfd
train,8k,164001,176713fd14b8a12894c14e758b7bda8a9c70a84663575f62e22a252b4403c838
train,8k,13986,692eae913e1f67fddc36df664ad39dcde72985c3bcf57cec418c4a7d1f6d1407
train,8k,175377,b467e41e44f7e64eebffdf29f63fbf85f909f0413f6d85b5bda57ae1d2271f32
train,8k,91126,d87ca09b3307671174b4914013750339dc8c57ec1c9737c3f09fc8c77fd407d7
train,8k,104996,2a097c81da5e2e6f154af183473339a3f293955f6cdedc20c3bf0b0cfdbf463b
train,4k,124215,86572628b278f2c2fce629c1c61aebad8b30dd2ee00a8137d61441b3b0ea633c
train,8k,109932,2df708f6f2184d0f6d4f70f9d05f09b4c15fadafecdd3981e586475b10cfd294
train,8k,538,83aca1b387f5759d6c79cd2b8362eadb29920af8a683b792a4a0c478315bb33f
train,8k,119340,c9d37f23b407a54ebcb5754d52ebc0ed5576865d876ea09454582a5c3a077541
train,8k,158084,3fb5ea0ff9d07cbe5bb395420ace8e376e6c4800b73791248543a9dca24e11ce
train,8k,26984,e622b1aedec5e7fed64b0532840c83754a35d1410d9c00315836f7866c0902f8
train,4k,25154,05ec58327657adddb1f171ba35ae71984f7b977dd37347740789ca0844d8076f
train,4k,102347,31f35983c2eccaa7036a4e5189f8efa85e1f660dea8ffbec0d7a92698eaa4014
train,4k,112369,82ba45f9ddc14d7de36e58cb05115198ddb05bbbe6ad1b2210876fadeaae2799
train,8k,14432,de2b63b9d00294126eb2609277f96f0fbe67eaca76ca70f84bf49223764d1f30
train,8k,8652,c94c80290405cd64d20ecacbd1fcf41e222fe06ca39e05eda4e30a8d7037e8b1
train,4k,42994,6e891815bd12d03029f2544cff76337a1527105a029e4380faa838e581c632cc
train,4k,50178,9e1b5373ce45b9ea056ac874578ea30f712f685d3e145fb3644475b540c31cab
train,8k,1349,088199d8732fa41693ad71ab19a76e0ec548aee0ffeb4c300443f824f09673cf
train,4k,11825,15b378e09ce606bfcc4bc10d0d8f997c948a6a5384f2ac954791cfce282acf11
train,4k,61931,69278861dec9196bc52b7802f7674350c61787fd63a0f5a2600d8e6effdcb3a7
train,4k,75396,bce4aeb7142bcd57ccfb78660a37cd3a66fb01e1883e4e8a44875829123f4d9e
train,4k,184362,298053e1208ff86414c6162d8b644e5d0d16fe4f04d6b7d1b73b228ac80d30fc
train,4k,58331,444bc3d540e95cb869cb3e5239af781b06a1415a0212766b0c3dd5cc0ea132bc
train,4k,148753,53ce53844ab955060717c10a3e22c30f35cdfc91ec5108d5d4099d93ba008467
train,8k,56484,d0accb7bd3de80b47ccb210770fc245753569a6dd4f1c5e693e0167902214854
train,4k,120395,2f655ddb11e91bf597a229277c2357876e29ff7627b87c45cddf39a00e3c617b
train,8k,158890,2c443ac7b868d52f750ddfee88bab56f47db48514a3f114024f86e367917e836
train,4k,114440,ec09f57f2383bd0c8e2a696a2a6e4688710e8e74d9267e178df7cc9c2d116b7e
train,8k,154918,8d41b52db7a4bd29315de9b3276549df69b32c32576003d8f63425303edb64ef
train,8k,60069,c15f421e908a0808cc24faa3740726adfcecbad2f147ff082fc019010acb713f
train,4k,24670,177f562b0646c0aca357febccef0a2416dd3d6e1262138fd8f56668d883ae2db
train,8k,156878,08c25ada6a47a9c7f0c9964cc499beca790f43be5c57accbd4aa0cdb1db08052
train,8k,15672,0ac8990f1181717415fc5b947d4cae8139d482672a1e3a066491516071eb7459
train,8k,168749,500958fd0e72dda12b9eeacd863924f9cf8b6a6951174df6bf4597c0cc7d31c0
train,4k,41271,894fd920ca186dad46c4c14673e840354edaea0ec5e58356d90a4cf23ff4cf4b
train,4k,85337,1b4b9661015f5168a220451be667f147dd082336e783157403ecb7976fe9a762
train,8k,14107,f8be9155f4514c3ab31439a751a5353ea98f8ae1873fd9ed08f029146be648a2
train,4k,37057,c9263ac087bd93c1977f29e682a89b6bcd570533211e86a42683ed1d0dc418fd
train,4k,7734,77405c5749dccfc1c2e751b71051bf9b91fa048da76bfee257875cc9a0447187
train,4k,149499,781e61592da41d7c9b7824835416b195b86adbfabebf893dd88fa7a6b7749829
train,4k,92908,b9566be5dab339e7272ae895b2c72362332546d963fab61729a94c9613edaef0
train,4k,94442,c93f699f044e696bf1ed9cca118f1d780b98429cd8177768d991c42831407aa6
train,8k,28496,902915e1ec37b932e530bb07cc6b9e067c6a176439056dc0ac30b9aaab366678
train,4k,167492,38471afd17ae914f6f0773984e6c940790e2b5f019db642cac74d771dd33d461
train,8k,150679,0db1aafc3c0128518264aae105540a82f9c8cd83e23f4dbc52be6b6cda1f9de5
train,4k,130876,19e1704a8238dceb33eea2c0776011451db7ddc8db77303b58af6db8143d5de8
train,8k,26315,9b1b4d8b01860b8d028fcc100622ec03e86c11d462cbe1fa5da8e71d35d6045f
train,4k,41169,974db907715f4d8518f36dc8936c7e77d1f95c195b9103ee6434d82e93d275ef
train,4k,51842,bbcfaa8b017ab6db6c3a024bb33f178b19bd5c9ffc72a13a22a25a98d315d1a1
train,4k,39182,00204e604604c507a9e490602e4bd916ce3c26648e7872c9bfcaefe2d523c5dc
train,4k,167483,485bf930fd80c4cfa4561c6015c44e4d76bc36cc352720184a5939a415b9c926
train,8k,105090,cb525d08fb387065e7e99289dd5079713db389d5c5c03fe75a3b31134895f488
train,4k,34969,d62e44b3d7172a2b52e6c8462d518bf22a49648aaace78c7d519041d21d7723d
train,8k,10701,9c6b6247522e922f439d5f3bde986dac118d7652cdccae3f3b8a374e4e767649
train,4k,13938,6223873dc24ccd384e8a55b9f6935144b6c34cf6e90a671faa4ab6871d9f13e7
train,4k,52267,54cada4d3db8dcd35d80ab38e869fba6dfa11c94f97fd06536d7b7c42fb98220
train,4k,88133,31f1bd79e813901330e7c33c09d8e8c6b5d7df765fe0a686e03c3260c391357f
train,8k,33293,bd879e3a6a1d889d82af696a3bd4b47d5c3c27ec17686dd1b93cd4a26f45a628
train,8k,34868,a0aaa9b4f4a4e020a1e142bc704665e8bdaf55d7857df58d06928506315a637f
train,8k,145820,31088fb8e798b58a44318f16f3b77f33e8f353637dfd56d9a28d981be938784d
train,8k,74290,eb61de0830dd639973f16bf58e0291af3922b9a7db709e68b930784887c3cbd7
train,8k,35685,72d4237ca64a58bb71c75cd462e8cbc4a25d2f52066dc633ac6c5f7d887c66b3
train,8k,107215,5733cf3c7688990bfd6e839528726f5ab9d3dadbc773a7f3b2c528f85a6af88f
train,8k,155063,d4899d9b75746afd4a0791cb0ad682512336f141220ce7cabd4ad6bb10e407a1
train,8k,155445,6f4fd9bc4fa9f615bee41de4aedd431667d7e3b8f35040616c3b5ede2e6aca0d
train,4k,169392,8cb56846fc97267735027f807cb6ac510ac517c0d17d4da3ff6f97739fefef3c
train,8k,166344,ffe632997cdab947658a119c7256e4c3af9c64f0c757b19934d46b767ebe71b6
train,4k,57640,c41b2e57758044c778b979e527fd81ce4ba36d11eab8af82ad186bfeae73b3f3
train,4k,133083,e40939aa53ff8115ed83f3057625820f5e1450b0bc444fed8911e94011c286f9
train,8k,97416,688c2285df9e6778e70321f74989fb7e6f69e760878b335126ef0cf30211f810
train,4k,178921,ea126760c1ec89e7c1be31bfbd823867ad2ccd41ba12bf8a6ee45055b974e156
train,4k,93694,c53fa0ea3f13d3e7381073a9a37dcd036bfaa8677664018687ca7dd59115ae95
train,8k,171275,b1d7b8eba30711ed50564acff8f6a9702b9ed26443b4ffdf88ae82628982fcc9
train,4k,83577,1673cd5f508f6165321c11e329bd5bd02d9068823a9ebf2dec8de87f6812a00a
train,8k,144817,70be935ef0b4506e8fe73bcdc04d95d58da9c1865a83afa75261f8f6f8f78c58
train,8k,33498,43005298ab96b020afa27e1ad800f8ca2cc927a546b4a46c493860776c900bf4
train,4k,147764,1e6683d6a8cbb202d5c88b1e6852e49b0c8d3b18c802c48b772d41eb1b18df6c
train,8k,129129,36027556917d0cc20ce3f47225a6c1b8b9679f4df9af5f2ca9bb88a834cb4354
train,4k,34740,cb2ab989a1442deb18d622851178b3834d6989099ae06ba0c7726b71c1709214
train,8k,147569,cdf47ccb9b213ff6efc373b30d495c0dafa1d1f33aeffce1295113ed2b2c302f
train,4k,144436,c29bd391426d393a2116f7dcdbd75712ea475d2edeff92087a59ba9a727f2f68
train,8k,23697,7c12d4ea28090d8d46e82066e2d56b984fec56abfe811b3d07e3f24621252c8f
train,8k,85330,bdbf2ba53647a354a65a0e6315c0928e6e3fe981d0c99acd082fe6ee4a1d007d
train,4k,53606,f8f174328896c6ed9e02e9d8eca401c8965916e36e1887037415f2fed5a33489
train,4k,181225,877325330c1eb533259413e9432d4e2276e1c2a790d77395ea65527a32a11ccd
train,8k,121596,e848dcaf84e4d3d92c8b243ac4c2867b8afcfc9f7c4b5a7d54fc5c53f8ebf26e
train,4k,143301,6f3194f0955d7195ff13bb15041bddb1d7adae5613b550a796da8ac53728d169
train,8k,28534,5ec9ef98e8b84cea4e5bc3b10096503ac3bf61cc119cbee3e2e9200414ddaad6
train,8k,178981,9f88181b97df4c1e81896441bad29cebb457db35610723bdd7081ae1c5501e98
train,4k,93051,1c8762aa9b13f33c3f25a80a83377e642a1d6d774842fb567572b7145eec582b
train,4k,25990,6867c5b5c3c952d52f91b6c2aecdb702a8428629e83fac0450bf8459d209989d
train,8k,17107,0a795b00660338722a56ae4d0ec672d72f143dc5d76b624111b2a40f60bacce2
train,8k,83619,c3880422b045353dcd50a00d6062384b82b778e19288b6c9bf02fc2cd79801b7
train,4k,93716,73018fc04861744efaede632c39ab55068e6c35646d65217304d25cbf8fb924c
train,4k,74717,c2dbcf8763a07856cffd03504162cf760abfa6093b2361e436902628c280b785
train,4k,147706,fd09f3e9cb773b119c6947213456337aba5e278fcd2f71ef3de31d79febb14e8
train,4k,173860,4e379d0db1bf9c6143cc8027f764e74a8573e74319d292162a2d2caff3a04cda
train,8k,165770,e1ea14d00cee3d3532bba8cf3c8d888978fcae60497d6b6b95fa78e859c78ffb
train,4k,163917,9ff55d882dc7071bc7d245876302fd44b6ee5138deb45eb23c1f46e95d4d5b8f
train,8k,27094,462525621b4d0d80a0dd743b27c1727428fbc360ae00a0feed37266dda26cbe5
train,8k,68135,5fadf4a92f8c9c9f844ac2d4cc4cb0f0ca56ad05261bd349e46c8e0ebd71d184
train,4k,164104,dffdf685f9e05daf4e91c6dbfef20530250635e6d78f73de6124465379b4459a
train,8k,178777,dba4aae9724ba0f75ba8f2c4e8062674b2c76a6cc195f0c2306a051d84f28aeb
train,8k,25924,5c0544057d90c919c2df7a87558ca39260452a9a4992a540e3128828637d3d38
train,4k,127661,19a118837114294c59b11199f3faa15f003be8559a339fb2195f938dd8964d35
train,8k,127911,435342594435feb251b542b586a93e641b32e549d5fbcb60f30b6cb1a0fde0db
train,4k,116945,78ea86d883493fb2730f2d03f33ab1bde20f35bd2aa67523524b5c43d209f32a
train,8k,145472,71f47d7e9ca736aa2f611748ebb72c18eaa52bf0c244cce1e2c076e259724d9b
train,8k,153640,ea3eae87d99ae2f3e0cc9de3ce4b88717c82216b7a7d94893abcb53244a69eb7
train,4k,40605,7fd23e215a5b82b4580107530fe1d12c91f60c6c2de7ff98b1956cc3b71ecc98
train,8k,85180,4b0ce6d0026d79affa7ec9a27285bfcc0b4888f26b76e977a0cf5808f4bd4efd
train,4k,147253,bad145ea82759efbd6cf8dc6621de81760c55ef4bcf6c81b2c2332bc27ae4a9c
train,8k,165920,ff98d08e6cd302142ffbee1c09576dfb5dabaf537222556651fa87dd290a1ed8
train,8k,13761,8ef1f5539285f72809a5f6dbcfebafe1eb8fcab01d8e885b2e48908ae0a6ff8f
train,4k,49046,a5e0e7e1972649d80aefcbbd1a267c09785b3c7b8393f59c11121ff75f3f39e1
train,8k,104474,6e10430b26ac4324b0c412a3b62cebeb16fbf4aa6863661e387dcacb362e562e
train,4k,37386,4c38485bc31ac8709d920da7dc559cb7a91c6e1ecc6e510026768bf83ca79809
train,4k,114459,19c2b10f0d2898627f27cde5b847968afe6c5cfb9c8a937f91d4f144e258df80
train,4k,108700,cf02d1a4c1ec93aaf4bca523db75ff5b9cecb5895511b7bff9bd1db8b146a5a3
train,4k,183778,9ff7860aedb994a1d794af2af031cbf5c4590102530e8feec8663074e54fe11b
train,4k,97920,3bea3d7eb0b20aacf741faddd46b1ce8ac1a823e47d6a51770179f92232864cf
train,4k,137377,5822e15d5a520630057a0abb2a58e50f86645f095329289451f0aa1088e9a00f
train,4k,5164,9c5a808bc13cbc5ee7ed3616816768d6bfdd326f7aacfeb7ab527b850a8b2884
train,4k,98057,56ee34309a4396985c8acd04026587b7858c11d0c12aca6877606606296f82b9
train,8k,168068,ce59ea3514236ec55629e572207d51a0fba61037d5e66bc07c1f180581c146c5
train,4k,181390,022f1876a7cf81248d59c3011f6734afc22bcaee81cb9caaa38a22d6a87843d8
train,4k,1616,af4e8712af6bd4e402fd6f36ff7d7a09664c82210b9e2409218a71803302ea3c
train,4k,31674,24cbbb5945b8cb61e57a95bf0e9f91053dba53bf122b9fc94a5073f07c8b23ab
train,8k,126763,9a7471a552f6af8f85e514a477bbbe8f8776d8605c746ebdf51e3858d9f854e1
train,4k,55045,8d1bd86d81c35a6fe8bbad3b3f27f9364d72e091729acef07dfcece9f0ea2964
train,4k,40587,8fa66c7bf4ada0b8c7d46d7fc1e8321816985276ef95666d03baaf45ddc311b1
train,4k,70430,556469d45d86244a2ac0918bd5c2d3f44ab84135cba6cda2581c25946802ccf6
train,8k,67024,9453ea46f3a09b11199cc7ffd65607ae1f7a4f26fc2fdee80b44543f691bd745
train,8k,14619,eb77394e09551f1336b79572edbd2ac1ecf71ce8ac757772d11c3ab303b59f57
train,8k,83942,675b2850a94a4699fedfbd5955a29af15871a6ef8aa732c1f94cbd9688729f53
train,8k,20020,b5f8fef876af3e1653c90e4863c39cd7ee546b9fdb723b983be6e27ec579ad0b
train,4k,23818,c1d75153c304c5b0ab6496f85c81045f4b3eddf6cda217ea496ff567821bbf5d
train,8k,15091,abe1bcfe78285f3f832e4e408718e2bf400e9e1a601244665a2654ee368e232a
train,8k,52149,f602e880e177391bd7c3f5743af8c195a5311c18d60534b2afd51896f54c7ab0
train,4k,24556,adc60e075275e5198d7f290048d61a900dbe5b032788068218e07d917fd6bbd0
train,4k,177876,bc12e58c2773c9ce29085876fe032bc69deaa333d8cbc1210a5aa16a576a0500
train,4k,842,c149015cd1ab413a35c01ab23419b47f066904d7601c41751f4aabf0f15e5eee
train,8k,24345,d65cbe072f7677d0e24459507ff2ff538a2c8b760e4545babe6cf64f5635f989
train,8k,98576,d91d4871ffcf5596014741a1c31a4a9d3429a676065e63a89c80c51174ea9dff
train,4k,21865,bd7a2664f3664174783186d70211401719f5d19c463b99e71caea3156a26f79b
train,4k,27591,c2422d8b698889ea8d49120321e23f7c5803ce13138c74c049367ad317785281
train,8k,135166,292942d4eb36e0f6cc904ddeee3e37c8bb7ae134dc0344e3f78f535ae3a9e955
train,4k,143363,4da36c6e94f65cfa7159ad24d452b5a20e1454a43eadc2bb2dd217a15f8c57ce
train,8k,26733,f4fe0e2d8213a32968793eda8004946ddab49ca13f4dfd836651b9ec8ea4fd9f
train,8k,56464,12083d682a7e1d1955bb0401727e1780ea705e1ab7a7ad5b1cb2df192703a2ac
train,4k,147032,cdcec3c6292a6abeab7e1b41151566de63644ef1fb3fdb4dedd7aed1d0f226b7
train,4k,80408,6834783fef2cae801e6305cb8300634b797cbcf1acca3107d811e299b1a986dd
train,4k,118166,75a271841b447f2eab7f93c496b9c23e167039e3ed2d853f493aa1fcc02566f4
train,8k,45798,0f87238f17c771ba837ae282aa69a0d5766d7c7518c12d797fedfae821d5addf
train,8k,35312,c99a92b6e472b5f46743fcc435c961dafe6473b1767e85414598330d1b02965c
train,4k,146948,cffa0bc45b2168fef13a7c5626d92ddbe6b3b89b7faa0b8af697225252f40907
train,4k,45616,503309479eb2b66bf50af404a5b207545b4155a7b500aa19214bcdfebab4387d
train,8k,172673,37e92e00e36c6da30941bc5f7707c697cf8958a6c73d234094f4358137296330
train,8k,176692,0c2d7fb01e8a4e71bb4bb8d25085d7f031e074112ed5a2ca3506eb1961478719
train,4k,128541,fbbdadb2d3d195ebe7ad6e4c1e99e473bfae174b2c5550a4ec1b734491abfe9f
train,8k,167321,19f8b914db5c08424d99544695cc75d8cde60bc92224cb264e805323b0bbbbf3
train,8k,127662,740070847591a7787978cc232c75b4f7c530e63fef0b8fed3bdee86374d90ad5
train,8k,150876,7b348736cc3eebad3a1b6b1196ad1e9b0158d8b25da00b1fbe617ef36c4d0acb
train,8k,135221,bf43b4daf08ad9306bc2827bf9d641ab982ae7b48d6e3c7414f854f8bfcae54a
train,8k,325,c6c2c09e0203db1060b09ea9bc7f5fe991c09d8a8431862de47d944be87ecc80
train,8k,119204,a9ce69e7eb28b4cf5f7bf1a21d6525420605909b90c4303ae50ed49f90e89436
train,4k,102505,9d868e8fdc8cf20426c363c40b957f6d5ba828e0a54add5512d609793d894434
train,4k,91909,e6346f3def6138c852436f89f37bf4dd930ca09cc9c9191eef7b8f67bbeb727a
train,4k,129260,156c44f65feb087961fa835b649e48326474b96dd1b8e936bd71062b282aaf52
train,4k,164840,3ca9c5fc6b5b93267cc599786e44cb406ced572ef11b315254c7a8e931c840e5
train,4k,108651,2b3296045e1e6b730dad1e158b18d3da24c3066fb40475e1dfb2c3985c30b0e8
train,4k,184422,1c4f3e7cfa9ab5f3b59d40da8b7ee7889a28fa8cdfcb86b2aca1f4d9483085a3
train,4k,96178,8342f655094eaa81f1e05041c71a1af0ab8336105ca8ac852908d8eb35bf06b8
train,4k,1358,e2bff59c41813c3df56f5046f2d969b60011f40ed944f555db766475f7b96368
train,4k,55516,b4f39ce53b82f00e5314060616b27e7a90f46fd03e1f4f51af203f97c6824b73
train,4k,43669,3e9f31bf57fec5f43b4ea195e1fb06b61fc86320254b2d2d7596459ee43e64a4
train,8k,178860,d42daaa94089bf8fa3b0fa7e61543458f53201d4dbc1a5ad3f97443526020f7d
train,4k,144438,4d240bb0b6b416b34c6e16dc4fd13ca2f9f306e8ebefcc174155b7854aaba1e7
train,4k,137447,343e1e6e364d11b0f1f9919f292b6432c5c3e104b4ee0482ef00c53731a9db9f
train,4k,3304,c3e092ebf228a1b4031ffbe3321f4bc8868e1a5dd38fc1eee26bbfbe4fc6b25d
train,8k,44027,8d8f56af8743fcf9d4bda50eaa42b2b3624a05b6250d7eacc00d5ea6edf5edee
train,4k,109303,e0283a5c530c91072ce3a306e1e767e86700d883133a6315b144f8ae9bfffe90
train,8k,145615,0123cb27129c84d1c4d025eb45659f4e429a023e7c34f8d2a99e29c2eb98c9f6
train,8k,168701,11a64d1ef7c54bc216ba4b647dd0a8cb3f7b8affbeccc3891e3da94e1d4c1e97
train,4k,84756,799b072a5344b20ddb9cb15ae5df817e86878cdcabf216f26cffef9f930594c1
train,8k,114403,38c8050d387d3d3733a1c8808d661b9ff2842a325250d5a5d60e839aae1b8d8b
train,4k,46215,583d963d1e2eaf8c41c2e87443d2895f2a67c1099a624f6aef8ce82d696e5858
train,8k,148114,6515288b9d970dc02aa4230157a546b011fe3c888aceb5bbf8800bfa5865797f
train,4k,186317,277c8482983c34784aafd3e5c71519ea067153f12372df69ecf3466ed45d5c44
train,4k,150559,347665d26cb688cfd83a8b7bd3489aef44bc2b7bcafb1fcf75f7e74199912a45
train,4k,172508,9846d596357223d4cfa7f56ce6324a56ad11af47d82824b557b549bef17840af
train,8k,36319,1fda83959b793c97525c22854cee4deba33412d8429dbaee7a3aaf2fc7abb692
train,8k,14831,97beaa3f403f5d7496eec8765a4de36fe767194e5bf998c5dc88d2a2f71d08d9
train,8k,160582,4d31ec9670fd8d21066c6691a3523687108bdb45fa47fb1420b84ec0c3583499
train,4k,44851,ee58d63f24d6e4f2656108173d998a03702a30d34d239549f33a018dff462584
train,4k,81189,8daf9e9e9905b4f545cd0f42c59ece46b6c469eac451344e06b3d1672420b698
train,4k,124212,d04e14eb28bc7d54f8b3979e40ced94f579d67b72e5e116720ae5b5edee5a700
train,4k,9005,1c69a7c10de327802b7cecb3c03c80e65bfbe95d9b1842a9ef195cf0f35cc190
train,8k,125376,12fe73e2aa8083c6a2c5a64e1dff97e2956897eba0f104ec34e6b12f7569f2e3
train,4k,30372,59b6f6c54edf4657d8e66c7d702f691ee4f65b57d98d38c4045abfd60191643c
train,4k,49275,28a9b71ffca6d3829714c53f4c3fb176c752d9991daf9b91da367c5d0f389d37
train,8k,101615,a5ac36fa6340b4fc84caae95ec98633eadcd155002c7f0f16c77de821239b297
train,4k,36543,377d26bcb422c6d974fff3126262b6d9840a183c699085ffbb4555242f582499
train,4k,61894,493555fd5dda488a31497ef0edd13ee11a1b37f9b52e81d6232b6958cd10d921
train,8k,137975,f97673f4b7dd188a3f79d82fdb84b865feded5d344b2f793a61d46169740d1ba
train,4k,55878,f4ed18675cb30d2bfe9caf7f70982e08ecfa6b530ed772234898c702e036f61e
train,8k,117647,fed9c8699183b77584cfab592854827cc32c6acfc0dcac9d10da9ec5114d1091
train,4k,38689,0cdd84bfb5635f898c1d58727543a3922b9348727bd61980a6c3076a73b2fb1b
train,8k,153293,f2722969df403a4b8cd680eee565b9b4f518c92c1f310c609e2765abb29ab95e
train,8k,118500,f429e883a2cf46ea18af30dafc8884cf5d8a7c985ad70b144346c9f32921758a
train,4k,139618,8df3d34750845163d66aac0328998c8c18933de668b7381361a4e0a72cceec58
train,4k,14934,775c8021fbad7707308a32352e534a436497366c99818cded1090f87771fc706
train,4k,92333,cd2a3c5e8fa075041588f09ab95b581a3a88c4f24ce10ec0cd042f37268fd9e4
train,4k,67616,a6fc297f387d4fe303431d4e353a3ccfac8c56b5c2411afd3281924131aa5835
train,4k,138117,65991ae380e56287188dd23592f893fafd27dd1e45f595da6f617f7b0130d243
train,8k,68297,81adb6627b74e97999ae03017552a854203189b4daac695a12e275ed2828ea95
train,8k,168655,f0c5990b827771a102bd8a516f5263e33d1e9fa719cfe941114d8e56647f2f9f
train,4k,78722,600ae31a38a8eee1f01a936c37a70bd10fbc44c372bda3272d1f78d220cbd3fa
train,4k,163867,711f84ad1d0b94c293efa59139bb06d74d518e565af509e737521d2bad0313fc
train,4k,61282,11f6a4308812b6a107c7aea28ea007ef6ff203f46090463edb699669bd588280
train,8k,17880,3315f84283b8fc0d9cbc0e5d2d53be889d963df72c79ff7295c72b3608c76419
train,4k,185343,6a1c63aacd3e05ef2ed4c7ad7a9f32af323981b9e4419e1bad4269f744677154
train,8k,138393,20b87d61ca1e2484c579bee71f231f1bccc9a77c68e5ed2e315fb8715219c6a7
train,8k,156443,cd430b0e5cc79a47ff80f9f335023e3fb374b6535420b375848202788e64dfd0
train,8k,80001,8c1698703be85df5cfd474c8ac6bf61d7455b206c8750a105dc3e43d01d0f388
train,4k,109220,38dfdbcc5f9a31b5739644532b39047a16e8f2b92da9ea80b7ef3e05e2f4057b
train,8k,51924,7647db752934e37b06d8502307cea4774800b378631a939e96ab5aa42ad3460e
train,4k,110656,15b3311c04c43ca10bfd0af9e67089f3441045d981dacabf004a35fd367c315a
train,8k,34291,4da68c533b961bb791232f03db629f222db20eb557106ff5247cbf77d0d34b07
train,8k,179389,7bb54128e41aa834a34040b894e2230ca67b762b960955c26aa504861768c724
train,4k,70185,284245461e32c18e37d9de99d074c6325814a9e6bbcc5652878977673f2e1ace
train,4k,106564,7d85964e68bab4c4f36185cf6326629af06c9d0a39cec44e1ca07bf14bd32a16
train,4k,175399,9b158bdb9ab5c6238d7c58baad4aef2fb73e175dc0e9cd3c3677e67e6af94973
train,4k,145294,1752122a3b2efdedecc72df5e5f7d3b18c009bb46707bae2072658bbcc8f2350
train,4k,14281,5c36ecf1a20cfb0c5ae0c12ffea4eae3f9e0035a9d4d8b7b51352baa0779150b
train,4k,98310,d520bf8303abf0e5299d246ab93cae5a71d9b4a91e23445a18c0c48bc85fc889
train,8k,87250,75a4185160e1d3ad52e3b7f5e4b14e0b80ae0f0e318170767b605ae40457be85
train,4k,138584,45e376471c2b48fa0158d924f5b6c5b2056fecd21865327dcdae6c0181d09430
train,4k,164296,1bbbe5986cdc27118c78ff9ba5204d8e11ecfbf02a78983fd125ac83f8a94838
train,8k,146857,a3053f1e38dc23dedc35edcc0b3e0f1bc0e93c362bbd507d3c96139127a73363
train,4k,43529,b810907d357a9b6ad9c0b41671d3ff376b032b4dbeee8f2849c7447ac53cd3d2
train,4k,9053,86aa928de7f042df840a6ece52d04a04962b2f7bfecfd62c367c6e0f2b42960c
train,4k,125292,471366c798e4e0738dc4a202fc3dc6c0ed5c7bb93030c55e7c1e0dbd4339f072
train,4k,50649,0c3b60805b3919a75e924724b1180cbd3e3ac222db812b5d06591819d16004df
train,8k,95188,bb112fbb9fa83f6c9e0d1d87196996c54216912afbee485df44312c5a011aa34
train,8k,27810,3da7a4f9798a5caeee8da6439fc9e68cee5289511cc526cf668c17919107f72a
train,8k,149213,710f386a6ce9ab513dcba881f41d506b8a2fccc6ecebca7c25ec9e0f751c40eb
train,4k,153099,6972a6d8fa219f8d2150cb1933467fceadb274ae8ba87bd4ba30c942af47dc13
train,4k,88824,0cda689ef62b6e632623ff69ac373f6318ed5481132540cb4b5bca0ae337f0c6
train,8k,72201,3dae599bbcf571335827aabde652ca8efe966f28831e5797a61904ef31936cbb
train,4k,108729,64c81bade085b96b5f4b858ceb5d9cc7efcf8b30144a50742b3eb9069c50b7b0
train,4k,97915,fcfcfe41764b6119ed11e687a18f81d2875e5b4751ed5dc5c4a32a87396e6ffa
train,8k,55041,184629465c6eec4586b8639c57539223ccfbef927013ddf6e845bd8f30b9dfe6
train,8k,38374,5214b6d6b9789bcbcc5b6f623d85cec0396f125d7e4f3a54390fbf5f8a1aa7f4
train,8k,145515,3bc454f2fc6ea9bfc82436344b7eb58caf8d61d084bbb645305055a592e0008c
train,8k,96342,0b2476a6dcf7a651cb1b1804079064bf6e98b1ad4fe657054aff9abdb9597c35
train,4k,991,3388f85e10468b37da747d551b02dcc808ee10a6e0f1e1ce70646ccb34ca44c5
train,8k,15494,ae07dc8824c852b392ef7c327597773471c0ebc213dd650db8c4e3d5ae9c959f
train,4k,163267,c86fb4aaae36a9824c9d56da2663a944c6dc5cd8e61ad0897e3820e7a3832b60
train,4k,161662,c6b8cc1230d96a3257167e8717e77df30befefc02bbb9df82d8de2cf5856d87b
train,4k,90481,360af3243994ed79d1b95e324f59d657d76b1a36390d071b43297c2b6d13f2de
train,4k,73317,fb2fd5fa5308287f2cd1d81e9ae443196cc8ac260ad1a4ce67fe8ce6ea9e736c
train,4k,95139,33cb2def8bb28cd0534a80eb7067c45b5ce9faba58bfdd573ff2cde63e685173
train,4k,156775,7a3dd8113204c0e297bf32b08993a9896f4e22a4a3dfd7d26096dd3f818c8d71
train,4k,182299,22b52fa57829e76407d667048ddf3b58e9b263c83e3edae40f9ffcbc034ceecd
train,8k,113854,77f6e73dec0bc924792caa0a8512d02a9d5bfb41fd2bd65a48c01a5e4980db87
train,8k,132299,940743d8d5ca234428ebd4cac5786b50efd232a680b1037dd2779a98b05100fd
train,4k,67628,5b6357ef3ace1619278dd62b72f80a46ae05b16363fabf2db446dc32bf8e917a
train,8k,90167,42e6799d683ee3fbd22c6e5da650a277ffe969993a66f10b969974d13b789792
train,8k,180197,065d1de809c0f64ddf6501aa07daa056070877ac0b62f58be2b83517b608e77b
train,8k,36403,18f377ca14ee1c2edc52b6fdd22b0ecdae4c7e9366b8b67543574c031cbb6248
train,8k,22414,94461b5526251682208283c4e4b66c923ba85447cc1acbd51809359583048695
train,8k,122226,0abbffeffe0c24976338b7e350f6bf37f4f8eea3bf5e65ee5e7bc83b36d293ca
train,4k,12569,bf1d7161fbdd07c14e3199fe6eca9e45aea152b5d5f3ad5529f5067668d27cc6
train,4k,99274,0ba2bd81ca4802b11559c49d3cc945dc3906a1726a5c88d7c13cd6fc18ada5ce
train,4k,165221,eec696786542b5b06cc42e71cd8c2f33e80fdc512104618df6cbf8a2ba849d75
train,8k,31612,0a647d16c77ebffc652d4fa4522ffc6535fabcc0b635cc2973edbe940787ece9
train,8k,112219,a2e129aa91dc8d3a3771ea8955738839c2e027a90684198ad5f6f1b231d674c5
train,8k,14996,8dfbe850dce8a4be4ce9d230689c63424cd60cc856ae9c7df225903ac06219e0
train,4k,93412,41272fe612125d568fe336e2e5bc978442391a512608272bd88b0432c8cbaab9
train,4k,180407,9804207eefc94d1510d4e3973710c3129ed380255c3986d5ae76b81402f62130
train,4k,58113,728415cccc9e609a3a0d52ba921e98b5b8f421859015b28ac8dfbc41b341de05
train,8k,26519,d6c5a0697795ae89a6305f5eff551df4e74d15a4036afc0b47aa5980baf74316
train,8k,32926,a3a9724b8a22a8496014a71a3132781b4b05bd4b6990092eceb5be91a6b1c0ef
train,8k,17962,ea620eca6b5859052590650c2667cbae519b08d857108d8e88a3fbb3375c2b74
train,8k,71698,5879f930fd1b93adb920095478b8a631c33fac79965cf301c6730e951d907c8f
train,4k,85859,67fb8ed222b8ecacee918eece4254e69039e36ed5b7bc424dd2f1744780c1a7c
train,8k,162438,5a5846ad0fbe1eed61e997005dc396f47a723957e52b2625aaabaecb06b1b984
train,4k,43782,13158a7a396e2acc99e137ec3a23746bb289af1b7af2ba872e11151df9b9999b
train,4k,72081,95108adbdee60738ed867de5483adb87c800219634405a45bc87fe772bd763f7
train,4k,186726,81372eeab81d25258311ac78cc306d46a25d807b8188504f7219e27b9fa775b2
train,4k,20314,565965fcf299656b4c1f949d8039faa646bbebcbd1b69652b3c4fdb51b1c901a
train,8k,106431,54eb321ff04d536c28779b29ab0e229839347f65dbb2c2dde4ce2057929226c4
train,8k,90367,709bf43cc4bf2dd15e67d2124c09b8afb2cf5b4542af15a33d9e1ac146465f53
train,8k,115702,4b06eed341d125b286d117bb965b6164b8a92d407075652132cd31712e522bdc
train,4k,172252,b504565f9e864f5669aebe8654759e32a4864b5dbb2c6011348f157f516eca62
train,4k,90025,74ce4582999fd361c856f249e8988e5c5b1f4c13a42b26315baf642f6cdb74a7
train,8k,37372,4b104b56f373caf55aef11884e212d43952411d5e754c63272cb2ba5af365fc0
train,4k,84505,57b72c93cc16773b7f822c06bc44f7dc6e2f39d988d6bd875fc44e88c0565c7e
train,8k,152759,4efb20bbfb7d349aebc7d0affff3dafded3854546b3589efb85425ac8193c612
train,4k,118168,9d46f4a4d10c9ac11f3af8e662ec543b495192ce576cdf057307d088fbcbbbb1
train,8k,95348,776e2985a1ff4a29e93716abdb4ec983e9fc66fb8473f65a6b86cfaf2391fe57
train,8k,68824,e8e6d53ace24420ad41c1320e4159befd0bface05cbbc3084e529dba324a2001
train,4k,176007,5686dd8631a875a53b8b5d09b934fd9eb76ae29f2c60a89f693e9aadf483116b
train,4k,3762,496caab92d9c3a956b253818cbc11b8d6e537ae82f143d899d6e563f54176ba8
train,8k,143167,4eabccf83e96e2043c6046018258c5dce90794728f3d7ff4b9f3000b45c87b98
train,4k,54351,0980472e743a3baa92a2cec9571ce44faeba6fb946bca198621dd462aae8e6f4
train,8k,73688,17035787b44add543017200f0aff2e9b8d6d5fd8920cec440b4c756664045a30
train,4k,84737,8b96956fbff4e0f4090706f745669c09a40bef129ac2503621cc4fb04d3f9f62
train,8k,44112,334eb76cc56592a5b3eade549f1cdd366ba22a143b232f259b9a386abbf5094a
train,4k,154995,68c0cef433b5cfbc170a9ecfaaca0d217dac6f400827be3f2a31a6f10bb621f7
train,4k,176740,3d84ccb158e95a644324133d66bd9856519d0a3e6628dc4324c1076ebfabf242
train,8k,167675,67c83a4e98e2b02e0aff24da2beb15ce6e5fe02d124b897928ed5b004ea56eea
train,4k,75333,1cbd59d701f2ab44e1b54a14b04f679af1a0de8c0d3664905cd871da957d38b8
train,8k,26729,a8a270cd0f5c699eda710f661ebf691e276d126a0cca44ddaef7cddf7ea4eb81
train,8k,122108,996f64a9823df9ba9835fba69c5d682cae421645948aabf51f3ef6320bb84584
train,8k,35415,c8e2a961b284f954d92795d538c40d911092acc307f22241961681dadaaca739
train,8k,48424,24cc43a4efd31e65479861761670d8060ba6e11197c8f0bcc8c3ecfc068a4ec2
train,4k,132255,7e9e14d7d83d2410930f8a2872c3d217de9d999d91ab547aa13d9f770675cb68
train,4k,17811,9f756f0dd85a933f63dbf6d1180260e96206aec9f7075844c0fa64640c2c7bae
train,4k,30108,5a685ea467629093eccaf29151a38b792b140e154f861df47c2b974096a8d30e
train,4k,186904,d6cda122477354c7e0c756d84f388b60477622a34bb198cd4d7aa3cc94ca85f6
train,8k,6519,3c340d22d2b6e58fe5aa00d3d32c8c8a01ef8a4ff4868bf62f44185a1208b629
train,8k,50490,3095260ee758c306adb93b2e70f134e6f4924d1a04423bd4ef7a28a6923aea2f
train,4k,157121,72a12c3401a50e7bab6473d52301f7b5b7814202bd520daa51b2df4444fdf1a7
train,8k,125769,0869c0ecb7378f4a139dc1dd9ed1f0c27bc3a0bd1bf2d43569f2c070b3ed2322
train,8k,70320,358a587772388d86941376fedacd65ab4f589ab63574c5b2721323c6d3fdb0f3
train,4k,106561,d758eb53f7679c595a5f11d4bc4d19c2718ccf3b52c18f4c6715a44f770a2da6
train,4k,93734,cd1c0cfbe8f5e28b1354b6c84583f2b2537fb6902e1bea10d275bc0764cab717
train,4k,161105,b84b10c15f8d34c3f050d1225651c93d03da880c0987f47efaf285f191cd1d18
train,8k,77062,b06e2ee14e3b83ce4ec5b3e861725b5f2e4ae4ccddb7dbac0ef6f43a3ffd9ef9
train,4k,73132,318d56835f2d07b1cfcb5c2b4636afc7b806fbe09a922209afa929cacacb996d
train,8k,140422,6e9a9ea26e4ad8c100f5f1ff4d44a13d339afdb3965345a243c4927739736306
train,4k,89162,40db80f9426574f49c4fbc554a618535dec1ed4d1f57f5981371ba0c8cd5a0cb
train,4k,102623,11bb74b668d965749113432146ca0fdf13680982b527a6c9f69e981063ebd415
train,8k,4272,79722e5be4c4d0d9e9fe3a3db355a4e32ea9dfc726f9da857e9348d1608acadf
train,4k,56851,91bc754b33989d54b5eb99e621c445d7a2f8a2c057abcb19854477d4177f1e0c
train,4k,113555,1608c59891e2a401842debdcbc4dd337d52fb48dd904521aa8b347ef82b14af5
train,4k,59656,829e77f5fbd1aece541d37f8e957b49d212e39cf73bcd2676fed0e09b0e7f6ab
train,4k,104617,389c0e944d9e6b897a5a44c71d281f9b0c88af1046e31996b37f90837b129224
train,8k,61500,0ac02698b46370cdd2053947925208e8745397dc23b7a7a9e7f7d43eae28c47f
train,8k,88797,84a54f20063569b7479474aab363e11896c561cfb5a596a650d6e750cf4b5f5d
train,4k,17792,0520e83a32a331ef705c924e8c428bb6f5fd92b8a2434d6fcfad0f4484aca25c
train,4k,115065,30f50a53cb77482b8daee4140257c3182adc0184698debae366767e465b9251a
train,4k,78892,611e0632874d7c24d4842e8c12666d0d4418b75167a207e032f7611c5ddf5426
train,8k,76844,b9210e1f9694b6fd5860d1e98dc69127040890125e4ca870247f4bf77995086b
train,4k,165743,c7db10e36cf6452cac801ade4c334896152e82805031eb05725832ddd9a47097
train,4k,113074,5ec3a8931e3af5aa1447669478db4815c5c0428c755d2b5baeda11f86bdc963e
train,4k,84329,c6f187b8968295a699ab059ca84675782937c41d772e08c5485b1dd2ee802197
train,8k,113089,a301e8749d1178519d04bc0ee931e9184b5023aa822e1c2eb51d81752a2f3aa2
train,4k,16100,4d66abb7e3bbae10bbde6f8d84eda4a82dac842c0b7b9367d317bd09f6b0f602
train,4k,10942,7e76f3ccff87edd5845cc46ff2a3cb9804f3fcbdb0816269dc47ad0faae30706
train,8k,98620,0efe910e5471826ba28315a0fa9f8ffe0fa6bb7a881b9b80665636dae34bb615
train,8k,156418,4639f20509a9c97f86df55ec0f6bb690fd3307d9cc36ae22e31de68ee3715c69
train,4k,142527,c3fb233426af7fc15e7f16d6050b678fad7099279f0370eea587688bcf7cd448
train,4k,95543,1eee58ee7d51e3d40a960625e6bce7ca548ded3223a440e9d03e64dacbc96aba
train,4k,54159,75071a7e6e83fd3c8b51798f33162d3ccff4b8c98fd9384dda795a1c7625f31c
train,8k,103560,848d2cd8056f6a5f8c9a54b5866e0eace0e1c43f01eb48e22ca149cc663c14bc
train,4k,126165,a916316c80109c2cc146112f71aa4925259b17ee54f64893a2567e0be3a67079
train,4k,78805,fa7359fadce74ebfa8571d74a00de97cfb264c959bcff2edc97621ce4a2668a7
train,4k,58023,d7a4b863cbcb70d35d1df7746ecf016aaab981cdbc90ec485fde31d17e6a2c72
train,8k,4078,11e6ce17294378a31b8635abe79d27f603b51d11759de0d41a17138d2751f4dd
train,8k,25379,a436cc09a800d02efa69fdb0b59b35d737e6a950d067a23f7167464607b836ea
train,8k,10422,ff8ce0b610ab4b66019d6c36a8bbe3aabfc109b245b9f607b4ce6e51fe5a324a
train,8k,66572,b0415684ba1feb8e97fa41c2763451b32fba0e4bdc5f97693ca067f0cf5fb1b4
train,4k,176575,45b2f53a3851838237ad8fdf59f151d6946eb4f2beb6f4868555707c7cdccd34
train,8k,22493,0d4eb5df21230b71516c534b11f83917220b2874b79f89244fbec67d20743cbf
train,8k,158110,7f1499d4b00e8c15906a5d54ef62ef54dbe2b5a80cd36f7bfd01a9d51f6bcde5
train,8k,107795,d160d7d366a819c52eefb069bc2a02c973ab6f7c9b244dab697f94fbbb961fec
train,4k,147230,fe0a9b31982ee62c6be16e65e0f5f2a4885c130169f2a28a880587f66956e3f6
train,4k,78827,621e19657d81e9f04e277ae14e492556b45376ff00e8dafdcf5333eb954dd410
train,8k,168477,1f751d89154eeeecac207e37a50415e9521cf248372b89d3cb3606b625357ca0
train,8k,56091,0599a467fdca998d56a14f5dace4d35cc821fa574c05e3001baf304f01ae8ff9
train,8k,129245,85cb73610173f6dd920b85e172d2a5109515c8a9bf141dc4e347eaed838b66c7
train,8k,158442,7774c9261c4bd14989b4ae4d775d7307fd1c2a26bad1b05832c4f4e82998fc67
train,4k,79629,da47eba36c6d167bd7abd3a4e06d28267bcf3f387357725c89343dd24d41e291
train,8k,33199,f8153b94d717659b338e8eacb4b858f1a0c501720d60617982b21d0c0fe1265f
train,8k,37390,faa34cb31d64eb035f50836b82bcbaffde8d3250894f5877ca1cb8a77da4d774
train,4k,9673,e54100ad666b15cdc157118aaf3561d2f2561190131e2d7a2a625073938d40b2
train,4k,954,dcf4eb7f8dcd6e50cb52c69809618363d052dc3aff20f7c89fca051418e5e2ca
train,4k,80601,6969a94979df19bf15978ff65f84c00c1e745feaa9e94129bb9c3edca6a29c81
train,4k,148616,8022e7756c330049999a6a0dddf780e0866a2befc7846d58225403459008f117
train,4k,55302,0666b1b0c5f03207b6ff6ed15c21da284d68fa72c79619721a126b2ce0e8a877
train,4k,30539,6e384558074ab9eec0877f4bf2dcd766a700e0b9f57e6788411735aaaa6b5817
train,4k,6369,62c8979afd34e9c2a4ffde74a27a2721787022988c162eb2408cf27e41cff094
train,4k,34565,6b5015dcd694e9f7afdfcb288cd8710f814b4e15426b67759f273166d512f9c3
train,8k,9349,94c8623e0e65d10012fc2281b5dda6d35fda3b0695896957351ef2c1cbb4a6fc
train,8k,25807,7f50b8130bbd00acc895bc760bd2a6f0eec7dbc44457cd452c3c3d943cf94a1d
train,4k,155426,1fb301f9d437a6faf7af27f6a772af4de4656a513aa6e705ea8329bbd04a4b47
train,4k,19906,3e7e2603fbdd09b33941167ba4964b51a230918dafb42af099539926a30c6d16
train,8k,131143,f6818ecc786a0bc71c09173a4ad7b42a8f7114748302f1343b25b58d042ea26f
train,4k,186934,d991123150491c392abc6538b664e0c33c173ba8545155875cca3a430461a8fa
train,8k,30526,3a9331265443e323d8660aa9fcb8999f371dea3593fd692f0066f903ed39cc3d
train,8k,70702,52685631c08fe02cba12d33d5a8d75ab853584407110b9802e9369b913e072f4
train,4k,191280,135421a45bc66d36df3bd7e91ec294810ad0df4821945ca6af6ddf86e6c7ee3e
train,8k,131584,4730a91225c66a596557dec3a948cbdbdcd162bdad78d5a8b237a78c33671fc8
train,8k,124515,93c50eed0d31cd00e6d2ba0736291b5da752cdfbbc388a548b130a25317da519
train,8k,92127,d9df4fb3400a5ac78d6a011e7005decc99671749013dae4f52a075b986bf0a6d
train,8k,181888,1cf7b4631a0c9ae8bd5616a30bd870b16bf5e0f6fd4a01a4b1153e692ec80e03
train,8k,117536,d5d6d5cc53ca4b58179dbdc522a6d5eeec1fd33765eb5e55d87623d1f045e93c
train,4k,18122,0390cd2e97aa7d7fd63d4a3a3d390a0f7067bb38c80cf1c125988f0910767884
train,4k,184680,14fa9651d3fc8b15f5d9b6f938b467da0a5c0139c5deb270801c8622fc65d32b
train,4k,145429,958759293dc7a5ef7d7f73c4f441357222ac432c51f3f8dd8897b315b1cc1d92
train,8k,151192,3f1024908497e78712a9bf5ed7f59f4bdbfda6e18ac9e92832dc921770dfd20b
train,8k,23639,d2e0da7e1a80120d60ebd4a4c5e848e9bde09a703acc99b0cfd1d3923df33a08
train,8k,29896,9a4e45c3b554763e998964e44a6e081ec51ffafde151cee88f28a5440d672493
train,8k,321,1b2ad347f46be72d931784edd1e911248115905d38f4e1f281294ffd5a2e7d90
train,4k,10265,d53f3e9a0aff26c6df6d6d080c4d7ab7b99bf7a47c6897bb6234c4aeb265cebf
train,8k,162301,825fd4d7543986c44572e2846b587e759c585b973e0a29116cec880085f0ad90
train,8k,55913,2d8af64ac85222926604aa134c69836ae52dd5ad881183854e9fd8b450522f86
train,4k,175088,cf73fb1be85adc22a7eb506a2a8b26bd688b32ca9682b1475ab232ee0397c7aa
train,8k,174484,ff1e2c294efd344a7b9ad4ab0a92c593a9382a9d7d142de7ebd76c95f1b54f5d
train,8k,12926,814f36b56658199fc44f1d21e6b3620f9113a643242fe18f7784c9dbc5a7b80a
train,4k,36006,85d8a1408ee73b9b67bb236108debed3fbf37f68cf9e61d2bf75b15d7f1483a9
train,4k,7719,ed9d77e451b6816d3f8957a108aec0c5bc252cee04091b658099f55926dcc18c
train,4k,98746,10c279d35f664ea9dc9ecb3cfb159594081149585db7c22f4f595a3bc0c4ec06
train,4k,67264,bf0f3cc3a6233268786ccceeb236a15a70ac47f9af9db246c11d2eb6e1d2d90c
train,4k,2342,50a379b96a196634e76b4f4a09afa860e2bd71006cdb1e54330867f349091611
train,8k,168449,2a43a56dcef52516e7d4c9e42596d15f5f2b616db98b3d8010c925f40bd33065
train,4k,31719,6aee88844addb1d95261941e6717bf9df24298ade17d4fad202e64c370120b44
train,8k,119179,dd2ec5bd6aa89812fc3f7c7df22e8efc2312abb4fe1c189e27ef1d7a76b12daf
train,4k,160503,82357812605db5023481d455d4d594cf7cb3c622b587de74fe490a0410666265
train,4k,50133,a51d99c70cafc6e30840536c039a6a38d8f26400ba4918a29799b74590a2a002
train,4k,132133,cd5d3b3a5ef4ad8e90350a976931e86107ef922e35d0732fd6d0497a08be6fd6
train,4k,152611,24f62d176b6f9609bca0444fc294d8b95a5680e1b49f04656d7516d2621a75fb
train,8k,31026,7e5773b962482bd9ae5d762e38572c392eb1e2cef335c52ec72aebdb3a41bd9e
train,8k,141827,72f19ceb2808f11a45e7dc6c92d7ccdb2c8a13dfaf4ba798ed4d2f2e5de0a972
train,8k,384,cd512a41efb7969d45a61bee1216c9f17adae32911205417da7ce89b9096cc1c
train,8k,66658,e5d116c27369148cb5b026dd7e793ec0fec4950767b7f6ed1e1a95c001fd8304
train,8k,8233,96fb654232595c03842f6ab78889a57bcfaed9be337d23ddb5fd661fac92f5f5
train,4k,125015,c9f8085c9b1821cd41090cb68aee268931fa96eabf1c76436fe1b6eea9b13258
train,4k,115474,03555a7f6ef5c49b4ed9134a5e9229f061fa9b126292c5ca5b0a80d37b6586b2
train,4k,22911,43036bb04be317c2b929c3a23fd3d72ab638cbf7a5a3d3d0fb0db13454fe8438
train,8k,99143,24b5680b9423d2e8fc33be9ad5099cb43b7af3ed3b0cf67d5e4ffe840db3f39f
train,4k,186067,eaa3cec5c4416e54a50c8314911ab4ab30ff24a534ce30ee3525a856b1c1c2be
train,4k,78899,c8b7eef729f06aa98fe5aae9dba08175e157e58c7847f26dbac9ce79a6be030d
train,8k,33286,28686fce68bf69ca1919b365a4ff9233f0ef7b060b85cec90c908d9c7378c26f
train,4k,62697,a570eed5c635ba64ddd7b9da7857e9d72f8acc1aa54688ac7fcd6ae32f32628d
train,8k,151601,de3ce04b37ef36439c26d77a5a83b1e8145a5bfa3238bd4aedb608622c689e61
train,8k,96624,192bcd74803e69c503530c2cbbbcee1feddca028d95007d6a8927e06b603dc2a
train,4k,164573,f5b8521717e29439a39644311fa343225c915d98c9ea57d7cc0c57908fc0c6c7
train,8k,110714,5bedcd37feb61065d0a0f3a5fd84629f9a6e858ad0533d6c004a32ae9791bec5
train,4k,105583,f34cb4af238707a93f1a287956ce78d83799815cc5303546ac2878635cad59f8
train,4k,47786,84ff7aee305e1069835fd4e51dd35b5cecb8412a700278853b18d7fe678b8204
train,4k,89845,75ae6a5666a09ff2f75b5bc1873e48e1a06d46f8bcdcec60249bd825649c210f
train,8k,124495,6c6d2b864490e8cb2b034da39b61fcb22f6054d0dc465b28a94cd074ca937165
train,8k,146715,6469292803971e219c4b9c096af1a0ca252647f779f6ae8d48ec1cde9d2b15d8
train,4k,50984,bdb8b2955ea41ddc9a3b4a3b986e177c71cdc54a1f79c543dccad04e42219d16
train,4k,85172,941eb98c2f9895efa11e3dd36c76ebfd53e92ae9bb541255d0063870cd6d0c63
train,8k,102590,9ebaf43f00c6febaec6104dceace2a2ee0fe080a5a1f90a823eb13320fd78171
train,8k,124792,e36432ae0d2c2a7b6d362f553849fd9587c38e0190f2c63a97fded4a1d3c7c7d
train,8k,149486,b6cc307219aeeafbbd2caeaf696d3d00f8c59136d6421dd32cde616ef21585a9
train,4k,18502,019fffdeb2c2f68007462c8a36a96067e889f863631cb5adabbaebb8cd3b22c8
train,8k,130827,6aaa2541c8e82e85a9ecc3104f5c6ab392e40f6cea576053f49ce8ff613d91a4
train,4k,42024,25528d0208e164ceee3d201969c2153b05c024fa0a6951d045f2289cf9178a98
train,4k,6224,edb4599c16434740cd676470b77f4bc8a502439f76aad905742d8de0c44c96e2
train,4k,184876,403a662208a975a828e746ec5253f162203095097ef17c88cbba1e96a71d906a
train,4k,86297,2db9d6788abde1730393261a39f0758afab9aa47efe3043f4283f8e261bea04b
train,8k,98506,5fd220a58c0e197fdc7fbe320c6a22eb128599f1fa62f167d873f1f69a876db5
train,4k,65507,2937e2c13b557c986c2a92fa4931fcb6d4014d369716d3ec9f7362ac1985f97f
train,8k,51724,2649940b30a91e99f70539c7b25486682574918d5752c9e6b5dccadf7d92396d
train,4k,82141,d3922717ecfa033298a22b6274a4c5dfdb8c12059938b22b179dfebab4446520
train,4k,103755,d861bbd2060a854476373d7f7727dd59fdc96bb8a01d38287bcc1908d6cbd306
train,8k,104224,886f0adec44139223cacae7ce887257fa2c53feda26a6b9709a73c7eab7759f0
train,4k,82255,c5f240e963a06d819fa971b0ea2e5311314be2ce4695ee9869be4dedee3c4c07
train,4k,173523,4e2808fb26406ab3413fc39bb77c718a8a356abb1ad9058de7794bd8a841d9c0
train,8k,39432,aa24867c29732b0f737e1373eb7698e7831bc395c671dbbdb9c2ed5fe8af044e
train,4k,18809,cf5bd83e84d6552e3351ce6855e35b0f05612b5616894874c05df74076b8453d
train,4k,150201,14bf66c4fbab78f7051b7e899f5a158b07c25594efcb5dd55deccafcc138b318
train,4k,156725,41c295d2c84bceed1ec3dddb1a13271ecaacf3026b7fcfa1411eddf2e520b685
train,4k,21193,3bc0a91c00062da7e11a533da65e142a2e5ac93318bb5044b36ef5f1178c5e7e
train,4k,25513,c2737471b08575e2aaa6f5e1e6ecb81b2f1ee86bf89c7c20b3ad3e66e5ef6756
train,8k,178072,314c1d76ea197571999286db442abcafb55971f15a6f34f86a792b83ab729690
train,8k,180279,9aa644a6395d779fdc266e7a848b5d879555ab2ee6a699d248a59dda0ee66cb8
train,8k,90394,992d3b7f4a581feec1d61a548ed6dff324f2f4750a578586a11d7870f9077628
train,8k,162573,43745720f5c621f52927d162e83a71e3949fa6870adc409dcd4daa8701097993
train,4k,134338,0f0fc7460b1f7f81f6d2a9441eaa7b1156f1d44560c9e65240ea1c24a17016a4
train,4k,115089,516d9302946710e988c4513bc6007804ef8a2164ef9eb46a07544669ca4f06fa
train,8k,153969,6efa9bfbe56bfa04349ab5a4d0a647a77d489378389bdb1d912227eb4894146f
train,8k,169237,1e6154e951d1e4cbc9a3d37c44249ee857e582c8f87f6255a02be42b99b2766b
train,8k,2148,f8c5f839a120b51500fbd8e88cdaa0b9b511a8074a28c2d5b7436807b55f58e2
train,8k,134609,73d44f7760da51047b558eea596cfce4b117cc1e0e34719322e9350504286921
train,8k,42124,f90ff40141341e965e1b4553fcf3b315c90f0a947b460df63abe7a1e7c163b9f
train,4k,166297,a1477fc97d1c3478f14fea5785d4f0f39ce59baf1c2f92b075819a480d356250
train,8k,146028,d9dfb2510414ec814d5094eb1423af7c002a40d909aff857a899a773040afe7e
train,8k,125905,0fd9e391f3ea0bb2b46bffc35fbc367f7c09f985891c8d6c17b583f824b883b6
train,4k,121461,c504ac18431692b4ef94e94af408dd68817056a7f2c916753252b7e5f1612919
train,8k,18664,95333583756de712755f50e96f34c1aa586745e15c2b12b202378bb90ac6c8ee
train,8k,65682,fc484448a71187b9b62f6ed54ff88214c52dbc3be6f5180ee069e20c4eb71837
train,8k,127859,c6f0c897eb098d57d5f53b06dba077d2695add821492cb49ff6f7c5e098e7db7
train,4k,139674,383639343e48a916afe8e72ee99ed2121afbcc51cf5d8a8ee01c6814cef28ad8
train,4k,150678,62025bf62662994d5e2bcaf661cab0d4c1ae2902ef63f63cd90f2a415b1cfe28
train,4k,178688,f358d8bf9e52f88b2e7774b6a2ef6a2928bba20593bf7760b7ec2aeb9a2d3a03
train,8k,39471,24fee6aa6c9cfdfdf8cfd9aea80d7ec5c0d9f7eedd01715202d3e9400343a835
train,4k,73576,e14cf27de306b0ff634dcd349f50fb03acfe9792355b5ac46689e74727491949
train,4k,19522,7bd5817f0c9e14a13b5b039c26056e2b729bd82f14e0a4d9cee30a1b6066b0dd
train,4k,4923,adebf17c5825ff64d963994ee0d9f97cee03c8b2354163ce8c348b3b01fb1cbb
train,8k,14767,c39fe3c7b0c69b72b659799a69e0fef6278a991ef175311d60fe8c684225c5f3
train,8k,179120,a9bfc6e59d4ec9cb5a8a6cfb5df31d1ff11d8f9dc78257bcbec48964aaa7947e
train,4k,29943,8669614fc4d80aefd41e0a1e61b7115cad1935e5242eaca1e0a9bb56350bb1ea
train,4k,119896,1c2c371bf9319222b72e3d5380b7f65b911db4b766602d18c0a63b1a5de6aa23
train,4k,134085,7830e011f513d507ccdb534d289c80e3f13ca1d41ecb1a3900490853fb5b4f1d
train,8k,61657,ba193f572e798f23f7e133a19ec1c531a49ca26fa592dba1b253e92ad0ca9957
train,4k,144147,31411f352d6a580b3d7d2097fe4dd0f236dad2343cdeb4eda7afe3e3a05a5e10
train,8k,158141,fe453e202b5cb51d540c0c4f3f6f1281dc969ba97ae5c0328e2a482398993c81
train,4k,150212,3f5e91f5de22537e248fce02f5d8682d0c5efc8862492d10dd8e7763443708ca
train,4k,142681,cb12862892d9294fc7b841eea4390d23f7bf114302ab7155ab22011397e46282
train,8k,63435,5130cbd1167f49c77fb061449c8b62078e57704a220c99c1f7fb2e7cc954b23b
train,8k,181761,3d6d6ffc35baf607887d3e146240869cd5867e13c1ca6b2f9fe61bfeb7c78536
train,4k,116336,01fd5afc7a6c021fa381f79d25c168a97d950a2e244ca598bd7b0e3cc8e2b148
train,4k,183162,c0c97858f8fa0e9195b490bc0f8f14acc65e3e3a90d1cb04f31de8faa9cd18ff
train,8k,62842,a71ac247e6614e8d44410b1b0e68e489a4517a351afce5146f0a125f929ffc65
train,8k,43595,bad260350b4dbce487ba1842bd71ba1102b8faf642c2bffe4edf13154eeaf839
train,4k,35911,d9b5b320d7d91a8f7f70695715a2478710fc2ced3effff063c7b0738fe374377
train,4k,14768,b0a46e7ccc4d6cb63bf379afc09ad9bdcb30ff0cadadda25cfa524434877edc7
train,8k,96744,f295e2bc9e4015dff1701ac512eb5a23bc0642d61d8c0f9cfc9e05751a694ada
train,4k,50937,4e35092adcecedac40d334ee58ba2b376c64fc8c1dd7f41b9e6108db3dacf656
train,4k,138720,c6e3564a00103e7b424ff33d2b3a1707525e71f83d82e2b25a32e16a7ea75b87
train,4k,46800,c6f8e8b71f23653a7b588536591726200956b476c9cea636e19e5a9afe12347b
train,4k,110296,21a072f077c3c95a44cec7e9c3dc6c0d20a0574a49d22a3d4038255f1eb75f34
train,4k,161579,8ab82999bd4dbb520b41db3c15ea24992d3152404ea98229b7d1042320ddc436
train,4k,21555,7ba811ece250b0ea12a95e45675267c4080b13eb4a89f6f0c0dc487f169d0a8a
train,4k,61261,a7634dcfe5de2f650d565abec5ff27b296b080b89e7299794928519a98a460c3
train,8k,105202,361b5665aa4dd49d5a77ef3293fc30824c7e1a1c144321c10c9d368924ec855b
train,4k,50989,8532599b0219320d2286f0ec2b56fc89273e8009a44c95c973f373f11fb47313
train,8k,117098,1de8c8aacdcfbde0b116d06615178eaf248648b0b1172d5ba51adbb7a557c0fe
train,4k,658,c46cac8da394d6446d2642afc0b8955087fa603d60852bb57f18cd6f1795f7b5
train,8k,95544,5b6b8cb4cc72003a832df628deac820b7af042436f22d7b6a76bd630ea629522
train,4k,167307,cc4ba814da145642ee0fec586af2d187bb96dcfe1cbd119039a4c26373aeaf1b
train,4k,15952,d0939899a305dac98609afd1835180af4434e0e15a67489977235a923e835d36
train,4k,150635,f7ccf09730cb6733489e6554d7276d46d67ba47e2156fa6ba96de1df605c003a
train,4k,125257,06a8c909d64595b079a155f6c8f84740afcc09a07a8d1a10dec3132541835d6a
train,4k,163318,30240c913d77a5e0abd8ce679f8ec998b18bd181813f79543ff1f7bca7685c01
train,4k,64377,3f39c9fbe71c687b481629c5037bc128a63a221031eadb9e9fa7b93801c64fc8
train,4k,28858,6b4a2de32004473a475f901d9e6a6734e1426260300771c9716e80ab5eb29c66
train,8k,112778,9b6501f31a6ad84f820c06b5b6d9083c242b01c109c0667321f8d00cefd3da92
train,4k,190029,6d3d9e93c2f6420bccfd238e71109bd833f18201619eca9e74ca1297f4646bce
train,4k,182137,479102a1c44866cfc1c99f38b14cccd9e82b1c9b763ded07c337ee39a997118d
train,8k,73937,23afa9abea77801c876f3b8d5b1c53d1c4d5a1d491858fd49803ceb6f5b4c1c6
train,4k,26281,c0c7ce54635191bad7d741bc26f20628108837f0a5ca4d062117bf6accdf5599
train,8k,11099,d95dd811d0fe999639c48c29434f21a2b48db5038728e1c5a483ddfa02e4c9f8
train,8k,137765,092f6168895d77d25e76d25bcc0bac9967604589c211ef6eaf5ea1364e7373b0
train,8k,89401,985a43ad08bf5a0a30f2bb39b3f5e9317665c5c3491fd1e7a4b5d9fd9d70d7f6
train,8k,71740,7c87c407e36fecc8d6c14db49ed64fab6980e955930ad174334f11b37218e0db
train,4k,98901,a5a5b3a14dac65128993b291bf0534c0b15599fde603b6fef46a49d2c92fca45
train,8k,134538,504682c0141cdf34fd59bf80db29e705c65e1ba3edb2e2676aabe6a676dc54ee
train,4k,154006,3ab986570edb839f355dd1542570c67776bba5fe128329f79a5e9af54bda6967
train,4k,189986,8a2fe192d70846321478a30848f5a8ea81390596a6a8d0ff32fd442baafbd6e0
train,8k,4557,5ab564c42f631f8f538e85e493c8448019d3a36ab3674a137f4f98aa8f968591
train,8k,179013,73b72f04ea7eadd3b49f7a6d9c12b5603de445285069bbfaa2c44ed17acead23
train,8k,180146,02540783fcee9d0b17935c55ab4103ca18fdb468942872b93c50598df33e8dc2
train,4k,67889,eb1541f312f0b50dcff49221ed6cb4144675facdc2d45c77c0530858c6052e05
train,8k,23217,59479af865b244d051596de87e9dccabec08c3d4de695515779ee6f24821e7f0
train,4k,110623,2c7a883a33f6ac853a9d1e8951f119779189df17cf2c0830546567035fb30f31
train,8k,115248,83988db4927edabc5b58e3b8e0ff145302ba22cf543d39c4d7445b1c44ae2e4c
train,8k,58160,48b2cd8a8d105646cddf0408805d1299d5a3f0aa217ffe442b4fef35b6f186fc
train,8k,99875,8ef2f07c9749eb0bb2b2d3e7e3f251ab080c32a72dab7cbef0174fe6a394411d
train,8k,92618,91c624afeca54788e0fc6fae46bbd8d20aed9e6923e275701b6ab6d52be364e9
train,4k,144277,190143212b107fa446b0cd0dc4a4831d58de418af1d781842b33da95c41e1d53
train,4k,40404,842ec15d03e0da7ca18a04bbd780509ace4e53bacd059d5e87622f22efbdf41d
train,4k,173172,41137cd3c7082f14b38422afd74029d412823cd20feb2a1d55fe445d0f635f6e
train,8k,67182,272aee3211dd24ca15a88a102ea3bc87a8b3717ec7c6800bbbdb2536fb272423
train,4k,33710,af52b90cde1f1925e82a158eb9116c036a46536e86ee3934cdb13bf9973bb732
train,8k,3844,5198f736747565c7852390ebfe3998ab85dd875effaaa02e52c0d19b2b43dc65
train,8k,62981,427e5f4d5d60bdc996b3369f0bd48e2b32f70be71a42f9e2df05b721ea9ff409
train,8k,164148,177a64a424f3c5861acb8c329d5fc45eaba77b5cdfae2ecc1f807583307bb9ba
train,8k,148197,fa4962cf41824c940a8101daf1cacb8690e582d926c5cf1a13d78d3ac7246036
train,4k,134218,4dae5891d334069023d1c0b85b74e637ee22c99ed11d8f649bb7648de4a5c13d
train,4k,49958,1aac364c908ca2174e0c3b5d5635096a1d6d7a89ef5c86f1f2c8b4e647408ba4
train,8k,99733,112e133de9cc76ae721731a4657c5cda5dd09659c0f8be41ff086bc9f5288fc9
train,8k,69413,32bc5db3f27e71bf322e66ace070f0046f16465d7cd0361bb661c2ba2404b23c
train,8k,132290,1a7eefe3543553d95d63d198f5963c66dae88e736ea61c695e22f97582977668
train,4k,118014,529e0c162a33fcefb95fd5bdceb141f9c366ec6ca02b00a7bf8e8e8703b0b803
train,4k,143268,bc0bea014bf9f1a1961ab0f09bb5e20a600de30c98053e5ae5cb388503da53bb
train,8k,23710,e26c24b9ab6897c5a95d1381662729ccdc4859cc2a6be72e544f0b9d141e1df4
train,4k,133495,f2e7cfb1a883d729dcc87332b23d5e85e4d23d14daa3e8b6f220ff41a660e073
train,8k,33038,8b826d2b5efe1fd3f1d3e47574c5bae7b54cc8f8a365000bd2e897548338b08b
train,8k,53524,d56e1effa473ce7b14e93fa1d03980ac77e0810ff3b1809889fb85807790efd6
train,4k,88425,6f3032d1faa01301b3968cb0d555763ddbecc931e64843e61316cd24f6f5d088
train,4k,146580,56df6ae41e009028a1ab334f6cd24af1ad3716eeb72d2566c996c233ba5b7bde
train,8k,30678,a60f42e1196d9144c1b1d47234855118812f0ff3265d71d968a21888c7760bee
train,8k,74771,c698b0ea963cb8149da04676dcdbc420ddb81a491759dceca97fa485ca74a9bd
train,8k,110514,8b4c9288aad4be67b3beeaa1e1e05e5ea3db6522b30f7054da5cd684a5216e2d
train,4k,98922,9846cb4ed625d44ceceb69e7ffd8b4fa05ff570d11cdef3744055ecfdb191eef
train,4k,62689,41f285aa7c473b6a945009736f31282435bfa1f3f591aefca348ae06d58a8454
train,8k,44464,90af765dd0e5647cc32748aba71637423949086d435b52ca8f2bd21e590c4291
train,8k,124705,7a3b2929b59492c790c8a695fa1eecf1dd17b81ee8f5297f7a96a47b18415767
train,4k,85692,05e23fdd5d3f8157f413b8e3d2f6db0e395847fd0394e6d12aa78c52e3fce2ef
train,8k,105880,421422ec0ac2ee9e268cd22170f8813fc51a6b04ec48915cbcc649b1dc673c66
train,4k,87161,22b1ae816414ba70b095acca341b805a612139560262b18074c29800cf916888
train,4k,98761,b28e885f63d900187279f6f2464d6fc48a3169c736f64b73b81db2750ea31b1b
train,8k,122078,b4c763e8cf59a675651a18204d80df59df05124bc6ec1bb96a43724077eb03e8
train,4k,189557,79e4174acbbafd99a54c7b2ddcf164a0ccb335721bea0708a84b1f07892fe659
train,4k,14030,03c9969f8d8148c8cc84fb3b8f7ba98057435201447530dfd6d9e7acb13a380a
train,4k,15241,192d74d9a525145ecd3dce99bf082266cb17b180dbd8b08b48efae3f223787b8
train,4k,187296,4dba675f756d9229b8d17bae5a256740e0643d25875a2ea36f9dc6d9c4acefa0
train,4k,19159,cc90ebb820dec5da3fc45c3f3fe6a7fc30d41ec86b0124740394cbd6065ff331
train,8k,14031,a4fbcee53f149ed5feb44fe45a974e1c753e428453544beb4d43b7b4eb8d8bd4
train,4k,29075,0c0ac03d45a6155a28684d005a7dfedbf3674d8c743fd3e66f3ffc52fc1ea706
train,8k,33768,56b663cb646ee979d1b423d9f9c59d6a6fbc843372078ee2246017efd49c16d7
train,8k,109834,393da0ea7ec7ee524a3b7c2cde4b46e8c0016400c45ef3d96de20451dde1879b
train,8k,75052,8d3643869c35635b264b7627253ed8e435eb8aaa76e44aec518f111f7c7ff17d
train,4k,98958,1c6222b0e666f8d8ac3568525c946e5ae8d82ea07c64a85b6b56331e74b4cb79
train,8k,7903,4784650330482467d4481f9617336dd201ab3f1341fabb8416bf400094406906
train,8k,103761,09a57d1833ea77e533cd8b18ef1a00126721f6e196a76d2e1c175dd3b55627e6
train,8k,15175,b995a9218e709fe633926e77e725e435492aa837ed41b1d9561a073ee9c582dc
train,8k,167104,547bbfbadbecb4112ca3ddc7c76bb44bf240e88924b426d9dcfe5ecbaf94ca86
train,8k,25341,ae4a1025e3e20df38660bbb6bb0d6f2b1dcf6c1f1ff4ddee508e8266ecfd35bf
train,8k,175675,4d45a5ff4e4d12d395946f6eb665246ec5bef702e17183c2efe4a34eeaa44113
train,8k,165018,6970fd437054a92a006e7774b0b59b6f522be00ceef832d0506f063369a1fa8a
train,8k,169753,489a1568be51c87c4063889592d0d42efe4dbd79380752f871553d7c30f0900f
train,8k,124842,355b25188af7327e6d40004351536851ce02553963bb1f7eea8de10ef9f6049a
train,4k,62416,4b1a3cd3edaf5662c52baab92c4aa55810d752ea0a600fa22646ccc37f0031cb
train,4k,179866,3f983cd6d5e2e2e84e25ae1cfba4dd4a890414302e6d2c91f5b64e03cbe948e1
train,8k,20741,0acc816df80b1087eaafe63d490af5c74270cb6940a4fb876f14a0db9262dfe6
train,4k,147357,3e74caaa32985dd4f169ad64596e7ec33f75556c83a0e7137a6c435e0e07cfdc
train,4k,97638,fbfc955b1f214d1c714b04100f2c43579f1c35bfeb80a5ca8b7d598d3ae5505f
train,4k,71619,2fa0e17969b1ebb55a50af41d6ec474513d2a2dcea703571b76ed8e0a28064b3
train,8k,37897,8ee7bfa16f71c836b58c47843ad01faff19e3e01c13be00c5821a752029c2544
train,4k,158428,f845f1af3dcd14e46ca48c582fa5e23620368a21fd995c27a57afbac30f47fdd
train,8k,165925,817cb5b3ef6659b61cc774dea6658b91ffe6e36ebbcca9e3e60cff4b009744a3
train,8k,137621,427988dfe38bcd1f3a3d2f5bc2c22618a982dc3945e7f560474b796f4459e8e1
train,8k,70305,e554f21781a498fb4714223ce4229aa4efc054c95f595fa8ba4962d040e39329
train,8k,45381,19eb61dbd2705ba05862a1c2f435d5f6028575645e63384c76129091cb1f2caa
train,8k,175972,81b116cce7cc7e8eeb8cccf3a630b140ef284330c7ebacd390ea1344b4510b4b
train,4k,32406,d29957ccb1613d1de3065b1bfa443ef9d837b6abc1117cc54bb95cf229b7cdac
train,8k,77393,3f44c03b5dee062c320bd28bb2cb3d091ef53edcb8ca90769041347bf347a952
train,4k,175072,fabba40d2205fdc89b362fb43a08c69247a57e9b6b8c50c7883021249f602459
train,4k,85326,f1b93026198dd5f62fb079c628ddd9e8caaa18e7ea0d2d4193266b40ff848a6d
train,8k,170572,3bc06b581d61ee3d54908638a294379c9c840d016fe7ddbf5d3a1a95d2e8527b
train,8k,95964,cedb1be5afa8e46ecec013c1713b86afd39ba559fb8c18c8ba05fa4cc476638a
train,4k,5173,49ceca2d6ac278f611c0a5a70c8839ef625fb0d4c3792fbe3cb9f8c4ab08f130
train,8k,50785,98507bedea0907a596381d8c12775cc6c95d28edcc3b26f859c1d9b56cee5aee
train,8k,78936,ec592f05d00939e5b81ee8b13bd1c8f99d8e6fffaf52a1414e60ce7e1b9c09cb
train,4k,72511,e61d44f1b766726c35e7785c72443f9d20493999e8bf590f421f7e548e4bc5d9
train,4k,50248,a3beb8a1ec5836877b857484928a8d925eacd1cad1b482c3aacc519939d35b9b
train,4k,179587,f38c97522fb8b842d5fa80ff2afb44212d1ccf1f0305c2568477894d020a1b8c
train,8k,15155,6a7cfdd49365e2aa940d89b48220d8e2e053aa7e195f74a9279ef6437d3dd69a
train,8k,68941,a4015d5405286b908a6752d8138b867aab0846f8cedec5350c25e1c238ec0b41
train,4k,187121,fabf1e9a67db76d03b59843b61f5e8d19a8bc0aba97c0533215e87d4564ad20c
train,8k,56922,c6efded6da341d48be483693cb54784ef0b83b17710a2991d851e6f0fbbb1123
train,4k,15297,4b2b8a5879116eb32b510a740c92068cb66581196030504237602211ee1f5dd1
train,8k,152407,f36bd6d5de013666006c78990c1289ec031e84e1c6ed02bffbb49d057b5e5cb0
train,4k,44445,2e50c9a77a8d07bddb70f941eabbac3edc176384e862bc130ed8f58e9d8dccac
train,4k,143442,bdebeeed7bd7126d71842aef9eddee124f730decefe5a674a509a4032486dcc2
train,4k,328,963acada748c798f610249efd32fbd966757d0f93c431b2672c331cdafd353f7
train,4k,86289,9b6671276eaffc6e9f98d46963bd81730c10a67966f7258e7ed1e19e52db3806
train,4k,26425,b4186244a09e70d9ce73fba415ac39b5f9fc48383b668e362d50d9f370224aa6
train,4k,80568,441af87c2ec4a98ae2e93eccbbd9cbd93e2f77f8e1977c7a24902bb640c85eff
train,4k,7405,93df008f80556b80f83a1eac3d8fd0e986d45b8fecad78f98b9f5cebb4d3fa54
train,8k,20036,7de3f233c5a2990bda287eeea763f62267432d2114764585998998850a50ff29
train,8k,3128,af79be47b18a704304e6910a858059e35ed7a30c9f8e34d1ff35b18f36b343e7
train,4k,43960,f0efe7f1d5c36282e2624b8add68c816b4cae92121f5e70fbcfe5b18febd699a
train,4k,66632,30a667f7f562d2afbfb86243e3cd146354e561a8b1270efda2e305d0092ab7a5
train,4k,141491,f63207e366070685015d4c877dd5c373ef28e2dd025148ee97deb86459cbcfd4
train,8k,145631,748806d6937fde05f0ed5f9936536051205b4e887d2250ae367339239ff3d4ac
train,4k,84435,aed57826f895b7898e5c07650d96a3e6ebb41b067eafe1ce747f25afa52b19eb
train,4k,69276,d8425b2e0bd5d9b4bbca56fca82944a420624290948c8b4429aa03ce3746a6bf
train,8k,56634,2c8d35f2d12f9f3c28073ec73e99ece2af2f146a0e2fdd602db7b9aa1240f328
train,4k,28024,c8f915834487a114d98ef2b69d812f711d61325c5aa9521491c4dcc38864a8b1
train,8k,99717,eee6d81cf6ce0be6f4fd53454439d483b8a41fedd1779a8b654ee6356ba41fd0
train,8k,14717,8f0a1dd9d852db2a1db3320cf67d33f5905ed64482be127efd649a6d52a24842
train,4k,188961,61af14c0d5a197cf7c13e9c254e5d1a4cc36a2186c1a05295b2b53a3c21fd437
train,4k,14257,ab0f3148a8862bb4477bf6a8effcfef72f6a067c4138a80d073f1587c1cb6725
train,4k,105966,c7fdc1224f3c6daad59d843cf64959ca301aa724c98ef36ca22535d4463469fa
train,4k,46171,ab9d2d57bada99f1029dd90b01253ff18bf3cca91787bc4eaea48f7c88db3f1b
train,8k,100085,53fc48a5039209686b58c1f53992988e05f036453a9b3877c6e28794c9b7db52
train,4k,161273,791358711005740e7accac296b1eadfd80115e5e63f7c9726980f37b2447b391
train,8k,63845,4c0ce6c25f2e4d36f16ce3565ec2b97e255be6acef65d73b50c2ae005556cc99
train,8k,170891,1f5c8c9fee8dc2752dbdc01bfafa98dae1ff2651db0002bff63da52702ebe488
train,8k,100935,478f95e9c63b37b0b70fb753401e1aafe2d71efd71fd6671458843d911cbd089
train,4k,9657,e92f9159f455b156d374ce0e3504801452dba77ed3e3d2a39ffaa6d59f78f20f
train,8k,137511,1bc46554268390009a6d123ec711e837b03afd9b6e27678c8fd0ea4a64537678
train,4k,172637,4e56587817c0c012088627aba230797456753a1dcceba3ba6aa0046bee2362b0
train,4k,28920,d971273c6dc7e8e07364824ea0b6f246a27874a4836f7da2c93ec28ec1310df9
train,4k,5318,d6eeca9f6746150efd804e04f0d3f78b67266a11ac61340bff3414069cc633fc
train,8k,18430,5f054306a0fd9f387694020f2359b5b41298ffd375950babbe404b98ed498d83
train,4k,3335,a96c8f0de26406b4ab4a37c33f5198aee9340116ce08fd26cce2a870373a042b
train,8k,27463,598efc3962bb978af216eb63409024966a39548cb19ee3e34e17609b754cea90
train,8k,85201,c359428040126167f9422851caa63beab47355081b59370f4b077c9d18336b18
train,4k,86945,939e0717161977f0293d64afcdbed18f5ac72f1ad2e26554e0fdafbe24765b3c
train,4k,38075,80c5d162c06e3309fc46724d2d6a821315f4c1ba525404ad49297d79c1c3f352
train,8k,21970,d4ab3a86748d19b1012fbabb75f95e0d253e34c55f7e7684d283a5555c7b316f
train,4k,64474,513eaea89b7309a72366f7ffbbfb4b15a0a287d4e9e461ebaeb874b355a2d2c7
train,4k,1699,4564e012444a3ec0d7203de743b060dd6e07878702da085a927f8685b82cdada
train,4k,86414,8c4915472bfda1aa4972138ac8ba01559cf6a4d8afa3da3c7796a17f8fccff76
train,4k,145787,1a846d6456bbb2e0b27ae052888b774be6f785627f70bd575b1b4467b9e5c857
train,4k,170930,279c7a8dc0ef37e5c631c15924a0404fa6c858d463c202f922a49a177ce9c152
train,8k,171983,56eec77e193ebea135fa3c28e240607993541f3ac9670722c329ac2e786d25d9
train,4k,76339,164db89a4199777202604ea5bf984f355079767ef998c623029c16e776f54e2e
train,4k,158526,295590866577e8a8b60b2bdeb49c8c93739744abf63225ce59afeff3d64240fc
train,8k,2406,0723e647cead30b032ac41fdef7dba97d7b99f3ee678ebd55fd86f87268913a8
train,8k,44739,e4062ae5c2b6155179ec8931f7a30c66297165f2cf266cb88a86f4e9e0d2890e
train,8k,1345,193fb36cd37d7d8d563f339b54d0a0e975523579bf836fc64c8f590ec471040a
train,8k,70177,ce939efe93a6a83ce9c6297ba688379cd38d3dfc4be94f5e2d642851848b95e5
train,8k,182094,011c68a48aa763cfa17c278facab24f47b5507318f1436f599b05f80f98bb321
train,8k,126491,9296e7faa17af338e81d98caa85bc5513c0052175466931ce384b0065faa876a
train,4k,89096,804c621be40886d81350c503f3c95c2ff11f941a3c76ee91eff35e84c83e00fe
train,8k,106274,e9dde9bd1705e051ea5d79c5d8b7a8805a7d17c3de3edcfeb05a472517ea4b2a
train,4k,142671,5525089a757e36fe3498c1ed3074478e2c6edea65d38c85c51d1af8d63d146ff
train,4k,18705,17c662d464299429654017c3ba520b8064ab3fa28580d766a76e3c8f3fb8296e
train,4k,69822,7d8e2cbed0aa8dfd32390a3c7671285f468ef3194ff7b91448305d1e4795e1b9
train,4k,136070,bc627013e5c01bcf9ad128944476292a09b3f58670717660f924c403d4612569
train,8k,112574,559fbab421916c0d7b6444ef0e35714ce6fe8e87d2d670a43f092a0451f2ef44
train,4k,71190,7d91372bcfb79a775d0fc319d3f1063cd982525d26453d6a46102537b9339cee
train,8k,48341,27eb65288810501ce20c7fbbf6e848a4ef2076cba955714291808692189f1da5
train,4k,169397,a2d24939114c1fbb3e3fd88cb5b8240d27740a2368de0e33b4383e58739b9e9f
train,8k,83345,ccee602268f8ab90303add5a7b2e0903eec1bf2b6fe21fc5a22c461c4fa0297f
train,8k,73488,cd33caceea089eb5346979efa76c5116bdde9eb301f1abc381c2d1534266b20e
train,4k,118132,a49c256db489d17dc3527377e83fbbf66f44038361fd748d885714e6636fde67
train,4k,189757,4d92380692cf9019d264aaa195527e7b1d307029fd0dfc0913dff5c8ebe7e420
train,8k,145151,802e58e79b2d8c78a64f879400c64f816248669869c7af269033cf877fe72e85
train,8k,154172,b5e24dc9f03970ba201ddac128a21a723bc8914938ddf8e6c1b510e011dc2e5a
train,8k,62274,5bc39d94048b70200b746baff8e13b954e6e990e5fdf68a63c3c189aada1b876
train,4k,189232,122a10a2a0efe959932ef6a32fbd3451c26c483a73e101162e58c04d7f87fd4e
train,8k,130519,e9625323b46aefe6cf33dd11692b5dff9be380a861b8ea9002debd5d6f3dc4e3
train,8k,57623,46ec4e76758f95347d8f41ef00ec50c314a2a84ba6456e48d75e9c3e7ae7f030
train,8k,26771,541346595ca5c0d5ab6019b419c5de7d7c3bbaf982aee77028f3841a855ebadb
train,8k,172544,d2486781bd01f8daeb17575becd1eaa0f84f07b86a3f23f9e01b755cfd2cfed4
train,8k,38244,3ddd76d7609355a9e4f31fce6efb7fb8db823ad843e15cdfa33d8467bef7a60f
train,8k,21881,3d8a14e8912f79b9d91b9ef61c9aa7aaeb0056404e01c495ba62bdd3183ef05e
train,4k,173239,2db90d57199ca31fbbeb34d903ecc987bb97d5d8b8978d131ad7fa164f5bdc67
train,4k,102399,5d9ef64a1e8b0f7f3f85ce2e287cd15eab756cebc01f71436cef6300fe488484
train,4k,35705,e5d505b910ce86ff55b3faf2856969fc95143a3f8c96a14d4dabc19a22292524
train,4k,33667,84da19d3d001356e75e2fe2d6d6bddd6b14cb1a26b3c38eeb4c3d759e7f8cb10
train,4k,159687,517ccb97ffbd79665d82600afa6aa6134d7a225b61265462d40b1fcd9c3cc0bd
train,8k,62555,81b1cd526890af9c16a2ae4004c00b6431fd7b04608e8b04d351428616fa0d4d
train,4k,141319,1cb3a7fb2b43b585d8f7a204771a3f66a01ea47e8674218e18f7e0f04da42718
train,4k,143830,14024215839394560a68a25f1ca724a8cf0fabe2dce2d6e78fbc025e4e0da561
train,4k,83038,fcb03913ecce7f96b8bd4a61f61d840471e37d421206167cdf7a39ebcc42fc8a
train,4k,135087,2559f4d01993167bfa1a6207fdcf392cc56c9a9e187de5c1e0bedf3491a03151
train,8k,132409,96ac931b7d7eb3c19fd0bddb3addb3106bd8973ddc8c4e1486dc75507c527cf8
train,4k,130257,bc8a9c6645289405164f8e34a968584e64765556b4435a7ef5d05eea48455d1a
train,4k,130246,3f69469a9fa6afe561a24b2d3b6002a7f03a6dd8518768150dd4e29d86ee0632
train,4k,167350,5cc395735596c29eb236038f9e05549873d35b28b8de811e8bdadd906e4575c5
train,8k,78599,b625c5ed8ce863562d975edd0c955338cf343f8e4a344a840733118eb844a612
train,8k,112706,9bbb06a3ffea64d22cfaf540efe00ffbb91c274ed60a6cae5efe18dcff71522f
train,4k,105551,4d5ff1604f6fb0f1ba60e098f5b94675151ae879a6620b83a92cafbfb5b24664
train,8k,51363,1047bad057addd198f3e52b17b7f50beda9b3302aa3767d4a00d009f93e62a3a
train,8k,71743,ca049dc0ffa3cbcd7e67297e1340bf0fde2a98ce06f3a45f39c00f55c37f67ce
train,8k,123360,9ba783f057a141d44783c7eddd97692003bf447efc19d3fb0d2402009d8e18cf
train,8k,49656,fa38902fb7b5acaa473cc6851258d7fda366df0873ec9d1556714e595d0bad7f
train,4k,88459,8a72568d04aa9cd844d6c83f1e5906a1297e9da1aa0bcc306f832fe9ecee71e8
train,8k,181169,480e652dc762751e6e2c052eed9a16973a443d427daebb5b37436eaac5ebcf03
train,4k,176093,0cfad2d0f43b0ed72bae314ff4a28b1d4ad514b4b5e6797727e15b43db87c754
train,4k,128832,27f171050290b842a543b23e79ccda9a84805d84ab3a7ec659c98b3d58b61f1d
train,4k,164189,388815b172fb8808135796a505e33522c6556e606c7bfbef08bbfb464a187d1a
train,8k,85453,235192c0c3a58e3e74e40de154aec20c567edc79f9b910ba1a871562573e88c3
train,4k,37423,36468e1a27654dc3fe0627496b39e2d0de94aa89c59eb2276852c779671dab1c
train,4k,135457,0deb421b6d11be7c63b1b6842838aad626133063a9ba112af260fbdb9b2c1c71
train,8k,151106,2fa7dcc2be98b631781b89d65172722212a9ab1e0fedec0e66f58eadb97b00a0
train,8k,97065,57da228aff38247806f3cab1d951cb4ac8a2dec46705295b8504e769b3eab3e8
train,4k,2835,b7d8fd5d5e3e239cf97d1797e97aa663db34049948eb74363172adc00fe407d9
train,4k,118400,fd6044a3d460b6cb464a89e6cf48596e91b3101d400e7b85b4ed69d75fabf890
train,4k,136400,98774dac55fb3732c5231aadcef1cc7d0dec5e5c2fe7f4d2f6c9e7076660061f
train,4k,66297,c091d4da459e19ae25ec586adce9ca0e387f415bae68a0968e62552be078140d
train,8k,48261,2253e7a0bff142a09343f55acfc84326e88ef0ac8aa0f6703bf93b1796fc7abb
train,4k,17171,cfe2f24f38209feb0683312939cf08a65f6042629d775eb812d1f32943decdbd
train,4k,177914,e32ccde335a7c59c17465cd4c25a561ff3fe365d9ab895f1506cf0fdccc13693
train,4k,56722,8f63464c3192480fd4bbbc9b1a9525313774ae9680e556efb4a96096d42e3351
train,4k,85264,a9bc97a92b5eddb8ee324c9671be22baed1297e99d77a1287c53f59f4ea7b792
train,4k,172567,75d5b9d47b21ed6ffd3ebf3e1ab986ab8708c34e36af7034cac2d9abe19948a9
train,8k,98574,78348912bf2a756c9f7e51a9542ac3918d3eafe3b05faff86d294b4e4cfe8900
train,8k,114479,784a2f1966650c408e6874a97f7ea708bf370ddc88a7f0513167c81fe7d21c98
train,8k,53952,b91f405b156fb7341e6b2b673c634a2e3589abc7b0515f9af02d15c9fec7218e
train,4k,171624,729fd6b16128136647c24d9550e8eed8d2e4396cf76f231e7a23760740fa4856
train,4k,81510,e4fd6292a881d0a10d54a609639ce819cbf1f828fb24b73d9158a7a898b31bc1
train,8k,146431,ccebd708a54e1c3a11a90cf01acc340e0fb52d81cc0c97af3077fda88fcb8169
train,8k,167221,de556b835b3879fb26511d8ec426d5506e1915a6be95d19958a361c785202035
train,4k,6955,a739e7b96dc129710ebd99d6ff29f8c64ea2bca596bbaa5e317c2a6635181e32
train,4k,110438,0238a34f8c85a2ee506c68175a2c601763554362de6f6939e7a2f3a230ab3e2e
train,4k,30387,461f8edb79290c01b02379a22db4cd389e47ed7a0725375afac9b81d939a33bf
train,4k,169257,9137f05e75491bfaa06f406e9fbf1a95007deeed36510b2dfca91ef932262b73
train,4k,28353,1c6848fb86e8236cd72fe05effb3e74222ddd88fe7fc17e2f8261df6e36c8faf
train,8k,597,b4f81e62fb915e3ed4c76886702b8d5896fe3bebec90af247f95121da98ff206
train,4k,46447,2ee851f11130197a6edadecb2d684a6293bf20f8d38d0c9c54214033ddd51888
train,4k,6282,628ced8438550b4c7dd4de196b09bd43f94871e92dae172472662075c521091b
train,8k,54385,48be33e445a8349982e5a143e7a3ccd16893d4b380f5a22d80e804c0bdb29afe
train,4k,102268,fc8ea23b56e8cde5c53ff122f53471b52fb40f6de5fc7d899c46e05db81d995a
train,4k,165120,0fa9e181b71ceba7acc05df25b87e6791a5ce85f6714743fd6d72d58fb34c0ec
train,4k,59337,2b16364b5502d7ae9fac283ab57730a2d39cd63493ef4e2c56731c3a0c8142e2
train,8k,155086,1ed92a0bd72387b663301c36740e1cd5a69020b8e8eb57c027afccab4db6334c
train,8k,91360,212336f1371afc680b1730f035331882c2e129cc2698ebb79d753c04b8f19ef0
train,4k,180912,b75a159709af31c34143f1d7711b004a5b7a84269fdcc3ac733c714b1c23f6d8
train,4k,47795,3cb042e47118d974253262a188ff057b5e155b7e236f13ce97a490f08e2f0234
train,8k,120333,8e9446fe9183a17613cf33e6fb28ede086b796e4d4b592e33044fc441cfd3ae8
train,8k,179155,b2272534e42319bd3a8e6577766774696b08e240342e715cf3cf8e9560f4bcdd
train,4k,90913,11cf6436a05ddf16d811c4600e8fa37cf7c0790e593fb6722119e26767c419e2
train,8k,179836,1affb3c8de74df033f789bc8a3fe61775e4b408e92dd2aebdbabd29cf879afbe
train,8k,20048,d5b342c106258e932d6b1d8dbf163f3abc14a2da9545cd403bc13ea80d0ce6d7
train,8k,69626,78da5dd7a7503ede9778cf1816d4dae1e5e3d7e2f91fe52e571723928c598f64
train,4k,130687,2957b9b7d8cfb0cc48d1b3f7e67ee9a77684e85323be96415bb51f42cca44fb7
train,4k,160164,a74baaade4b1dd895d9fce6da34ef53628bb30034460ec7d37bb56d65de7e209
train,8k,118904,775ce01b533c84a1b1f71df4de304d45a344fa84a98e094d761556f5b1ba367e
train,4k,45289,610dae89646842664bd29838d4bbd204782a6c24686510668ece324c6af562e6
train,4k,158433,7f9ae3e222cc0c099daaf04a2bdbf499d1dd083c6784cdfcef6c5ec996bbd4fd
train,8k,67047,69b6a33c55deea48e0f2ce3ec74a663bda27f21ce0c4dacd2019bb0b5628d6e2
train,8k,140167,bb74bf1a5662981e1e2668c8cbc7954210ecba6da6e83c923ddd84a5199c930e
train,8k,131447,935dfc612c81d46ae153bf6d25aea4c1fd9fc862add7a0c972bdc43bc6e5dc5d
train,4k,145884,5af6d4126911f0bd08ebb505ae658e9132af9ed153e3c8a263484a4c4dbd964e
train,4k,33583,b1f3fa1d3bce73732f8c66197583e81e6efbafd88417d20f3c4fef58f4d9ed78
train,4k,35992,e04c6f4ca424d3541912a7e67fb02491572efdabe24dc905a67450444d309823
train,4k,51162,bcaa20a2f3b739970c12db2b500060e3d3c6d9951ccfdcc9f9a9df6dea281395
train,8k,132851,9c4b47cdfcc337194c41e209a33d5c04080a89b9b23e9706c5ba7543cc54628f
train,4k,18888,8e1ce1cab4e8420289000381517d2b2eea9ea25303daaa0614e32f45636d0226
train,8k,178161,9baa9801d36ef7354b9757cb3c27aed4748df72ac56828adb7694fa26b592dd1
train,8k,11749,0442f2758437111f8be182f0bc61b5b832f60bfb8046f80207fad1a8b9bb1c97
train,4k,93643,a31761566256686c97b40738a7ccedaff36670acae4ab630e8180ba61adcc435
train,4k,129079,1d9827c5545f70acab9ab16de0e37298894212f6642ce3d3231cd1e152a341fb
train,8k,154902,28ef4a2d747dc41f70758eb2302d5d42b1a7e3f6e94b735216b5e157a709b5b1
train,4k,50355,3a9704a21622e40672424a81e728a1c6097a115984804f7831ca47cc50e3b68c
train,8k,23800,5ae3ddcbdae2c6587758b094867399f5dcf0764b9d78b018dbb903f50142a7b5
train,4k,7673,9b905e2eee8324c001136ef0b8a18514a680e5d213e068d6928d8c3a32c6742a
train,4k,45391,a1b9bf3cd99890a646d68fe685f35f66800d27208683efb3d02e1fdd7722902a
train,4k,12563,7476b744b5fb62effe866e78254effea6d042df108d04f4915b6aea95062fd32
train,8k,52113,e96f6b460b49cac8f139e3357c7572e8d8ec2f8b13badc3042a4dfa15756c338
train,4k,181367,4dafcd5d55b39dd9af68410a31fef81ad6aa6bf890b3989f015d3af907cdc701
train,4k,153304,badaf4e6c48c4a3d510350ce94fb4e9bd21f7dbe1de50dda7e2cd6413fb1846a
train,8k,36765,a79771dad358b305c9c34ec2f2f064f601f3a7ef127b3d2c1788f8c919fb5939
train,8k,169234,c271bfb35a77ec20933e4de7e1e000ebe1e72ab301b6ae6ec8a91ae449d874de
train,4k,10736,8168744c15cb0011aed75d9b861a335a3bb941db7267534102f836477e456bac
train,4k,110811,0f616c707787430760858453255f1a8b28e4628c704a7955bd86d83ae606b2b1
train,8k,1396,991a9694374677b0410a0a295a7a33920e1b124f809097ca9b4192515dca9f9c
train,4k,29519,fbde55055110e384aa3f8a7118bf4095a40d5ef69c82a27163ce9a63f8240f0e
train,4k,181924,f7ee8b2080c15d6fc6adb8bb1320bc7120ac55811335f54ded51da2cd9f01184
train,4k,42374,4f2b0536db3b654d4c29d7cd3c35c6d53ad745f413eaac7eee3deef049271a9e
train,4k,124293,d23747f3e5e7dbd2f6b560cb668b4a8e88393ca5caf9fe170b2763626d368665
train,4k,50042,046587b1292632328ac1bd4ed7e6e035c242be19e64e294bdea887c1b25e2ab1
train,8k,44649,6208f04aa38d98301ae19f280b44b241fc32cf62af7be3553355d36ec24889e0
train,4k,148532,72571d023d847e5ca68f6d14614ebcaac1fedb2d6c7f1d51f29fd61eb4f3d28f
train,8k,174016,c46747983e743582cada572aa4e15e6842580cd64f1ffa71af38ba246e1c4975
train,4k,19759,b42f9b2071272fb2b2f8c2173d9003ecc570c869c2238a66e823d08bcebde6ca
train,8k,99671,a80dc2a57b655d067e40a8927386a6b3b75c13cae59d34b0587ed96705a98ab2
train,4k,21136,3a0b7e66a181afa2d904d42130a91f61ace66c68870608011b65d0c35519e713
train,8k,118990,c5f8cbdd135591d3d843b51d67234d8ba74e600da785c5604c4268542283ae35
train,8k,164684,d17090d610253f51be92147ef4f8b2fad6aa17d35499482acb93e4f8411f8aac
train,4k,6896,c38e68ce3cf178a54c38b1b7eeed8032ecc48061ee4898daddc2be0060377597
train,8k,149960,a025bdc2acb1f207bf8d29ecc6d8cafc55bfedf95570fb78902a8b22c2dcb453
train,4k,101017,37d0fccea1775ae81b60821c37027576a0ace950276009c6018460d0eeafee2e
train,4k,120666,6348f6d2934841d70fa4feb67ef7da4b26260524f844ba1d0b76aa4d25a76206
train,4k,5043,189d260d192ac31009228083d162bfa2c5f0a7612002e9744bb13057103ce233
train,4k,1984,c932ba555778db71b71b0f1a2d7ea47ddf9c22e0f720057cc73212657c53d4e8
train,8k,31177,c023c511bd6dd8d4a0361a1fe9a4eb9b7162b7b518b06076840307eb72dae31b
train,4k,164713,215b6ed59f06fa8066b03939ba7d36f26c8bca7a867ad0b778035d71e93ce7b6
train,8k,22917,ba1ac37219a6b3afbb998cc237dd66315750115ea9dd764526aa1f8e577468b9
train,4k,139097,5c31287dd9b058a293ab5b4c60f68d479c26b19c0464ca961b38b4f25cdd5204
train,8k,139996,b149f53730b79ef41f54e809df07b24babeb9278f2ac24362638baf73f4136ba
train,4k,94643,c8b090150a16c310aa1af0a4ea57f8302d44ecfa697821f8dfb1074789d95ab4
train,4k,121816,1006377f0097b7b5362eac818d956018a501f7ebdff57dc91d1521dc525738e1
train,8k,131586,14c572e3a99bce1f3e5e6dd5852370dd4919b7d12c2adde0b2fea544ab16eba5
train,8k,132826,c6744c1e5f4536f7dd87e7d7a9403d953f52a2a80dd8701ee4f3b87339bcb482
train,4k,42182,3abc954622162c45338d5be6c3cf482bbc9a2e06ed75ed95b326ab4da8f05193
train,4k,23332,e58f80626928d2ec2c5b7b9e68ea831432832512a486d3720e631496531d566f
train,8k,125296,96316b068cf478e5fb3862f7eb8646ae3ba0eb38569aeaeb987f71c89dcfc658
train,4k,68875,e4637a9b68ad79fc3d3107868baf34595dfe56c5e7d45f1e5df7c59acfcfd758
train,4k,3996,307008d96bd6a33f3aec2f1735350cbeea9e530a3ee1b0a8b3c99c3daeeb4064
train,4k,95620,442a0f12165f4e55dd6995e0f1e9e4e736b82d751bc166d9d1084140185130c1
train,4k,186709,2feefc6f1fef44f4742b6a92a7c48940d2612123d6cdc2da05e58aabd4a66300
train,8k,16126,a96ced40ac981b427176579a9ab558a85ed4e64325360bd090a03880211cd9cd
train,4k,100057,abed16b846e21c3b43b932e29058d31574a325793b0ef8aa7f4d0629c41fda9c
train,4k,184722,de5a9ddbd5e06139cbcc16157a9f13aec3db9198a9f438d0ab17a5b5b6b5a373
train,4k,123742,700073ff9e5878f6ca9a527b3ef0238d0530224011f9897ea9b14ed5c333225d
train,8k,32900,32ccf6310cd98f6447aa35f1c23565961f7163af32793ac8d27df67352564a01
train,8k,12032,cfb7c9db49d924c6d35697ca83f8f3080d648fdbfb4a62ef7d3ed69cc8a3a5c8
train,4k,150035,017819dbb583b3566a509effdb6ca45bc40a034263e89c432dff48cc409400fb
train,8k,174908,c01301582a798f38fc530ebb4cbe7f9bee5fbc7466be4af46a7942faccbc53a1
train,4k,44565,f8e306578c2bac4e8b482226e6daf35852ce450b27ffc850c624ea3fce8c5898
train,8k,33506,58c710510cef6470a1d481779b81105af140fda844e201de84c919534341f506
train,8k,39601,26043ff7a23307fafd6026d73561779058e4fa3919b690489ff651d0e57e12d5
train,8k,46389,300f2cd14d423cfd1b30aefc95c96378b4779c5369f0e0f0db640ca8e1efd7b9
train,4k,73745,71515f31d1f6d448b08a9a8bcadfd96051301935b11e8170e50e467a8fd9370d
train,8k,120015,7268d65b971b61ad3cdd0eb14eeb257ea1b54c3970b7e759ab99d5c016322fb7
train,4k,79467,282712a59f250699b2962b2ce6164d0c4b545ef4d4076682a18848c2beb0ff5a
train,4k,10309,78075fc1020f2b3e5469443e75644eb632bbff70848df32381c458f9f668205e
train,8k,136938,44a92e951e9a9b3b6f455fbce5118275b90f01641015a2bc4b3843483dafb5ee
train,8k,29821,6b854ce3b0868fdfa74478b31f2c6bd2266d3b480b0b314cbe6ebeda4597298b
train,8k,141866,7bd5ddae0fe5e6e3740d80e9a9f4c8b6a06a6cef90e46bdd12ce98a2e0cea871
train,8k,162612,001e9b5330a2b84fedd3645b84fb735eba85ea72657b800030206a5349099e0d
train,8k,7246,b6f9605fa3ed75c0bc2e6318fea2bae055e39e0cd6a330fc4e92ec899427d3af
train,4k,5125,6450b27108cee615d9deedbe49a7df36a187889475ec9d78709651dcb0c42806
train,8k,171833,f8c3bb4d194a702c9108a6dd97a0fd1b830e0735125605002080c4c27796373a
train,4k,32013,f7aeba1a50ff36830e62dc5a781218da488f87b8b7067f2ba6182c09e305a8e5
train,8k,131366,ddb0fadb772ebc91eb163abf2312d4736c1c9046b28f5f449e52f337f8b0db5d
train,8k,15679,f061e081ed00719aaae65c859236eff669cb00fd75547a3ba665ff00e1e27ce4
train,8k,111189,466c2688493c3bab198a3b6c994c83f10a10c738909d62c2b1ee5faa740503dc
train,8k,17977,ee7765e72aee502b6b42e03ab53b01e9bffe24577e65f09f2ac4f7201921bb04
train,8k,36856,52fd6b70d06adff5bca325ad0591637497ef95451e4156b2301a60b317f0a86b
train,8k,108119,56b1ebf9ea7b13a96d0b6d9abba0d8cf78c574b532060626702b959747f7e8ef
train,8k,20980,02c756c6d52daf0807349a9a4b744c0e528bddbd10f253932b4fa997d5cdf416
train,8k,63403,78bda54c0fe3f4285d83bf6af151e06ba682096c460a06819c9d212e563054ff
train,4k,64842,cec5eeffe2dfd13fa8446a13c8ac96f6999f3fe41f06cc7baf359abaac94904c
train,4k,37765,f66c1d487966e7a0ae898da5d79b712be1303e2451beea9d1d32e32190fe9ef1
train,4k,151677,f1a84450dbee0c4cfbad7a0493b6ce3d92303273c687d0fbac3518b72db5e35b
train,4k,91928,f94dc41d9005cad58d21f71ce441c81b703b9bf661fc7daeb0dbd5365d901404
train,4k,3380,2afeeb749f2596b292f79aa539008d7fe2a86055973770a9c355591e24218e9e
train,4k,78594,f218aecc4e44f07f9a4b6ed17f5ebded7d73d38360218274cbd304f2bdc0c384
train,4k,79339,22670765fc3ff938a71b36f684ce7bcfe8ff5cde8b9e1ba504054dc4f4bf9316
train,8k,45839,ae1fe0b8579dc1524b5eb5d7c3dc38696b96306e05049cc49664d096cc6bf546
train,4k,58902,c8241128e937e3ac3968cf6daa02e73cf86eaefd50abe1e9359472eb358a545d
train,8k,60856,718e4a019cf9c5b141676f4f23a50e53255b6fbaae68e3121a77e0713f0f5d52
train,8k,69459,dfd024bb3644433eb7584f36c3505a732f5046c2135e177bd2515c3ed4df706c
train,4k,110672,4c0d62d90d3abfb80a5dae579e96797c79faaf11fb4da7a1be3711c33976f97c
train,4k,65520,3b6927fd71bf6cc053050c5b7c3e365343903f6b7e5bea780402baa8c47a5002
train,8k,74380,702cbeb3362fef982a6210e552143542939cd3809a27df3dbcda6682f32a2dd6
train,8k,124978,01739c1a6b7da718d777b60b1c0de259bbff6e2c5bf9f940bb76c7ad26ee0d55
train,4k,59561,abc0af9ee9feebd3c309d93c84a66eec50d99606aa1325c54e02f1a139290cd7
train,4k,103614,c25ac0fa22d1c6adbd72e5c7bc0518d2e389599cb6350b96a74651a9bde57fe1
train,8k,118375,a75ee394ca455f4bffbb50b45d2ab24019e4c6f8ed0837e9299adbaa6dfd2938
train,8k,181211,a77db9b4ccf2881d36bb7c9f76867a0793a8e8e134e26cc43fd7c2860647fed4
train,4k,68695,f506dc5cc6a92eab601b1b2622123de11b79fd275735c5c12673ee8768251d4d
train,4k,61802,5490204e4576b89807ad108a8384c869f17ad58a596551817a294510a17da61d
train,8k,15370,5fcce8159f5a81cc8724e9a06258d0d539058287d743a714f74139ad6e6f894a
train,4k,33655,766aba4fdfc9ae4345458c7b0cb8f498c674c3f564c2ef251165bf43c98049d5
train,8k,161425,ca5f0b7a4d4c09ec16e2956daf70041d7ebcd16c833f46a8ceb70636daca2459
train,4k,9669,a71820ebc35530825cbeb9e03781f03c6a2b54a9ab7cfef5cfc9ae505df8eeaa
train,4k,29599,54c1bac608c3cf71b7f39272059064912da1a8b6ee74c314fe57a659f43c017f
train,8k,23721,429690236324aa2c4ddc012f85549b3b37c22ebc0a08a66d1e263276ef0eaa9d
train,4k,180051,4054a940e2ab0b7c533bd27e8d873481294f3f6d38f07ea2bc5d00bc6e8f5867
train,8k,10891,9c244d4a452e24e10ffd4341079fb8efb42debca3b3477a4268c018a2cb2c55e
train,8k,77167,3d53d1c1db5ede1a004dc61cc942f2eac7d2961fc7683c7d95eac135b7e80786
train,4k,153730,ba60069627f5013040c9dc7e53b0be37c6cca1424924bf225bc3c005076f70e6
train,4k,66427,044b995aa9cfb123eb86fea100e883038a36360fa0a8fd087db10ac97c7e688d
train,8k,103692,80be7345bfe9efe3a9687a70e469c201c4b67677265f1acef41c119a3c22ab1d
train,8k,402,846f40411ebd48753601dcec0ac27d37d54768fe01a7e49500391c1794d758b3
train,8k,145637,39f7e9b73389a2bc2d379c76d99d3c6658ff48322c9019aa1fa4e861a3402450
train,8k,83727,9dd810ac5c2b0afc17ed016186e6a120bee0b435d79e23f38a650115a407ab14
train,8k,65151,a6af319a81d10a7449a215506a48348852fb147f00550a24fd00217d740272ab
train,4k,167165,f747de8bbf55c74166007e9b8108ea2a8188a4848af8d1115cd077740a40e00f
train,8k,138122,dce1c7364002676c58ccce8e58e75f5ba7e65c8b334186ae5541fac7b2717537
train,8k,157207,db59a23e7af5983d5e7f51144717096b2ad04aec66152d54f532a70e1aa10c4e
train,4k,23440,0b731de3ac736425c4cab41b54110266b176d78b29d6b54bdbe2b4ece918814d
train,4k,146123,17fd6d4cc35ca5472bcf73da8b35d4415098755555f0a14492baa3ab82aa71ea
train,4k,90015,5e398a2d0e5716925e40b0bb216e9a7cc004e154657f75649cce6b956be9e147
train,8k,44852,651b4b1096da983ac5228787d11c04a8869e8ee6ff68d51ba435050b410bcd68
train,4k,42073,7bb127f7ee01885910aa6fe0740008f460b57c26277219352939eef04d02f3d9
train,8k,55733,50ca8e08d9e422ae4167eb24fb16984d6d39fbdfd9d9db9984c4aee7b3c78750
train,4k,172432,4d7493f144d52fdb1044d95d7d84309edad5252698ca3a07460fb3b86cd7ca71
train,8k,165125,8cc4e0a5348ebf8e0e49b35de336ad2729a7a7733b27b2c791a3cc58aa934dcf
train,4k,186694,a05ae5622d0464c3b0cc611c910237331df5beeaaeb8a778fde2417d83392db1
train,4k,93173,8ac22bae84e0337c58f203524623fc85ac355887bd00df78afa6a8e96aee5826
train,4k,17374,1faae16450cd3c5d85abcf6305cda2b066a756569d6fd0ac7e256e04f44f7a3b
train,4k,107651,03c5240a5b2dd28ce3bf7360b7ad050a4705a390de812c5495309fe3f3943e6a
train,8k,81482,a1e1060bec9d451717cac479378ee87b39c06859600eacaeb75c272606b27af6
train,8k,71033,3f7e69103f9df8b56c4773fffa4bfc7bf4fadcc811ac1e6439e4db927a8cd1e3
train,4k,65860,367e77420ce5678f1e79918df8bc70eecd52c839fecedacf5d951eb07e254469
train,4k,147249,a8ce07f11809f8d8e017c701fa367d6d1ba6b10abb7185e599b164a406062e12
train,4k,72796,40450eb85983d5b7148645020a3c9b49e7b9ce2013f796ab8380a7d40e67f084
train,8k,125491,96f29bf4c41bbba5a60fd5aabc4cfae2d0766167708fa82b9d047f0df085372a
train,8k,91352,277a8d133d5f5a5a30b9a1325d8511e0746889a7fda73138b6be7096518c896c
train,8k,39602,66950badf06b815bdcbc8ea956eb10404e3eca08fb1d3ba5f8bb4ba472744ec7
train,4k,91993,701d19678d1a9fcf87eb66b10823c3e326a69a70b38666d9b5038316bc43f5a1
train,8k,86757,56ee44ed2c8813db70e13b2a348aeee7a1c8d8d4fe8329ea14a0ae4deac1741c
train,4k,101798,cc8c28a728383425d1e745ea9fb2930865237dd8e1b9907f8a679dfc19c51156
train,4k,8437,2d4f125236d6c8e0a5e64e51326907ce692942097fa38e53323b4062dea734b3
train,4k,88453,04e9a14c779fc26975914d89721714cbe694135ed33ac9a7244d06e8bc059ef6
train,4k,12091,38eeb8eb68f8fafcf631a927dece4167b065a5bfcd5b67b0bd481313db5f8d93
train,4k,162918,a03609a470e639fa461a9d716b66c4f726fb8cbd0aab01bb7edf153d8e2fc4e9
train,4k,35420,e291884c86223a4e151c076c7fc774d57a7c950895286baa15f5da8072043740
train,8k,102017,82b862afbc65be29acc8571f99f7cef6fb3c31922ddc3605a199c619c326a9f6
train,8k,20873,4bb416ae2304ded15a0cba082f581fec7c5ea938c1dcaafc10e0e40a226ce93a
train,8k,39299,d971bfb69fa5d77838672b74ef6c387f5ce56df8661a629b7adcd82ebb51feb1
train,4k,15059,c6d352a7e01d1f027d51a14085def6451c445a6e5ddfe4a969e52dfe77aa90fb
train,8k,50769,dd173448e32ad0460eec2fe07c10b02625a172cf1495fbdc1a35f2be222f2099
train,8k,95687,404e3bbae6cc15cd8e24ca8d05de5c61b2143fd4d04a479c826401df46352fe8
train,4k,150554,01a92b2bba669d7d54a3547674ac3dc555281e45ccb0ea38db50ad40d5ac7d77
train,4k,14643,b2959db3103155fba13770e3ea87ee4526df0e1e2f73b91219b0d17e8528647c
train,4k,94625,6d7932f5397c287e42fe02cea1dc1497bcd5c096794368fc0ddf7d69a8d5da4b
train,4k,25818,8c52ea0014b0bbe874f8ee425fb36a881a1a52e3b9bce8a1d4ee89f3106bf427
train,4k,130042,47b37342f88dba69c62ae0c133c6249a9965349d9cd26b828975350870afa5ac
train,4k,154,2b743d72fb5b7b223898f18f68caa957bba9e7c3f0c2d0f543a8b03378928a81
train,4k,50448,4975e244aeadc5a5dc277210260134f8b1bbdd9ee2bf5f5b296609f76250aede
train,8k,4801,d63f4711cf18afa536c20a3f4ff77a9150363b5ccf7443d3eaf8c44bbcf146f2
train,8k,174496,fe1f387802c3d14a43336e2a876c69f8dd304f0a2b012eba4162bf22870a9122
train,4k,179934,be01315030c2a011145dba81e608a23b3552d5be855d76496eca3a3cd282f68a
train,4k,182032,3fa5e25acc88b9dddb18fb33bc942267551adf7d22ceff25df73aaac04a5d156
train,4k,147260,a5540c3182467114d43b4d4772b5c421611e0b0cf738bad23fa1e05fe9183599
train,4k,61627,612e46efd850c228649b18bfd68349b9a55c1e79fa85a44db177cea08b98f0b1
train,8k,137871,83b7db8ddc122186ede408bca4c580a2ea90e9889ba7251f602828d3557283b9
train,4k,64790,a9d9a42b2f2bee382b27a3eac06bde4b80bad3a106bcc9bf499426c814e33b4d
train,4k,178866,e4201fb39e6be168d2fb5a98803eab9eecbfedbd86aa765a5ee9f1b3f324f6fa
train,8k,67549,f5a7e237b9e78a0066bdac8e89a0789266cc5762c863dba92910c4846b84f6e8
train,8k,161832,22ad46abad1a9fe6a9758eaa036d1eab5784ea798c18ca87b6399ab8414c7697
train,4k,86981,17ca04668b44fd6a18e51341d5dd4aa3a84bd380948773f59ddd9ecffcd1f026
train,4k,115688,ae9c155a57c19699ed84a2edbfa89fda4184e5a2b4269b9050a0fdc8013b1cfd
train,4k,163788,42c362c9a97e94d955e9ff7daf0ebd6e77ea414e2415158a6b8a235936004ee4
train,4k,60814,af97942b446b5cd32deb8f1cbe773175a5f9f2390d3396225284b79086289375
train,8k,133744,863c83261928011cd2a231a41b692406ac187dfc73a372daa690e692e50eff97
train,4k,2185,e8b49b7030930ce44909574b8bffe1da9d52a9abde9f097c798c8fdd400a6c9e
train,4k,48828,0eab34b3611cd81d34d8f6b57116344b14b7f5fee1135546d75e3d7c391b6964
train,4k,41225,e44c09399437fde7a7e6ab41d6f0075740bc11a75aed245621ab70a0c3325902
train,4k,85067,a2c6d5f4eb443b39e7a7e277cbdffe8d598091469a4ee14e6c40eda7206f10ee
train,8k,102739,29d1c9db411470a5ede1a34133c33d733d64ab07dbc198d151f45d3a3435718c
train,4k,17911,e9b1cbb80301642b573efcf4094ed1bd0a8a0a5967d06c6f4a3faca1789712c5
train,8k,3708,354f0925cf5311f87b64bcccd885e790e72f729c1d07c1f3087bf23269233bf0
train,8k,103839,805e25e06c40e844952f6ff2f75f0b70b6b42b88536f94953a66eb49c2b19d6b
train,4k,11541,7e08fa30d7c8d15490dce2ea779f22b5b0a3f1d5950163284e3247a8229234a4
train,4k,73058,dd8caaab3e209210185a5b927ae65ef7cfd39a05620284ee68ba251373542602
train,4k,65580,1e258bc9aaa342c21f5084dcbede8a6b711a73732cb0e736319a1d0ef586a8b8
train,8k,102774,434346e05a6764ea1d2ba7ebec46ce818086926c467306dc27fce08ae4ad2a58
train,8k,95780,56866e2023f3c0f60eadbfce401c43c8343f7718bb75076484c320dd7bf9f281
train,8k,147304,1ae80f320a3c386eceb2aa84e491155584e8cd7d899155bddd5fb03f04fa3d69
train,8k,163417,81c91478ea76920936ad9397dd8c9abe3cdc49f4b7aeb9234ccc3a4d9b613abc
train,8k,162923,037d08cd53606baceccd8f393387387a871cdbacbee67f0194015ddff2fcecf9
train,4k,4068,dcc0fcbbed3453dc21bf4ac79444d5104d687592d3041b4c6c50b9330454c1b3
train,4k,54661,a3ff572c7ea5dc0898192ef942755f0b116db8e6121416b702c491639e144f75
train,8k,63376,4bb5c755f35c2b44799b9975bac547e980ac89addad8310f6201d0154f803540
train,4k,160634,677b8a9c84cbe605891de1b0d591bc51e402185100b88a2586942bf78027322e
train,8k,168824,be09198da7e1fcc0a477958474b647e91e8527a01241de26cc41bbe4c735f463
train,8k,127619,327b766e297c891bff289d4a9e8ed4a1abaa8629fd3d06adca521ae982eca83a
train,8k,84137,37e6cebbe8ea76f39cf8e94359bedcabb7889bcb877991a611fe136817a03a20
train,4k,184588,df80ad08c69dc5cfc80e737d1976855533ddca6119a50cc5e5ef6438067fae46
train,4k,27835,aeffcf370c49b2509e3a9a5f7ead819d954ca327194c6a9eda4075981f1104a2
train,4k,58245,99199a9a423e521abc38860d76625205337f021248ed35c103ced244f0a839f0
train,8k,12359,d1e42686c62de748c0187a6f9af62d195058c35a472597d44ea95ad415e985e5
train,4k,105586,8974db2c95c29c3f1588cdbb09b900763015dce81b08ccd40c50dcd0d4c37290
train,8k,80611,709fd17919ab55990392bb1863c1a5ec6d71e2b7523e71ad65d4b52499bfecb5
train,4k,75823,9b43682637ad1ac73c2995f8959796f7e609709d89ae832ded63eddc689a0867
train,8k,135129,4d67f0dc8933713809ff15304aa836da5c4dc25f5085160c664258f30b89ecf5
train,4k,182042,cddc01dcb80f0de037c8c26a2c9c515700725dd82736928e1389323cd57b7651
train,8k,177640,d083c6e3093d7cec6bea87f667b29338a27ae45752a34471acbc080270514291
train,4k,134615,ef90b35b5d69f8387c7d9d107b81ca210777d21f6a2e1251e1074f49bdf7cae5
train,8k,122857,6d34f087884a0a1c4bcf8e4e06896bfcc8329969f10f4d1f990ea0aeee27c7fc
train,8k,37239,ad75987a6a9168ee5f640f504e9b3d93264c4d992a400dc4c0d3c94313b7edb1
train,4k,121192,5898a6506fd3cd9dc73bd13d1540aca8927b7d13f3c165bdf51b116238c536d5
train,4k,174186,5cdc0911711ef4851278d348bc26db2a528005a55bdaa8f3fbf07d770644186f
train,8k,161741,792ac7796b60d38779e99fafb70e8d8fc1c533d8ee2c47fd34301c1ba6ccb8f1
train,8k,6452,0f7eda9e823f603ffffaec26666ba7a3402a7bacbd68de615249802a3f267b53
train,8k,171839,b6f3714ed24c6f1d4d6cc4e42dbbf3082dd8fc995a1d7e4cb673efeaba3a48b7
train,4k,153878,d8e570bc488184919cdff84b407a72eebd60e9320f936e93213808c750e2b191
train,8k,138798,e2c1b6e3ebfc865ea936e06efeb533fb3d51feb16f586ee1e455cb45abbdf1e7
train,4k,122920,c11e595b7018030d3773dac3e6cfa99bb1d773a788b7a0449663fd1a703eff9f
train,8k,11213,8dbbcd33a66d42622ab1f43b21d974134752ce2753fd5640f35a0dba87b5f5df
train,8k,129037,3e6153dadf4a5d9a8c8c14276be8b10043a24f4f51a5e220e6fca01d83d035e3
train,4k,124913,854c7bb3b069cac1f26522d742af4f78a231a746e1a6e0a5f283a4e4a4647a8a
train,4k,160191,b2fe2019215dbceba3c198bf4439bff6b226dbfa1496d3adf18700f0869ff7e1
train,4k,23356,ed3be06e7be1a2417e29266ee22fbba7bc7538720515aa117edbf0f080fd6fae
train,4k,27614,ba809e106faf47d9a2f284a655b795c69c9e6549b05b94215f719655e65dc64b
train,4k,113438,615a57ecdb0a447fb97ce17930ea292793a4278ef2f92788ba5d1570cfe3cc93
train,8k,71050,cc49ca78d1de285e6b1d19c57fcaa0f381876207e22d895ec7151b78421f4742
train,4k,28034,e29071da0b794ad47bd2dce6526463048df53357d6ce638e67b20d0ba59a2086
train,4k,148395,b264ef734fe40cf0e9de0ffb58ebc6b3807011da26f19ea2a62e7dc981a3e08b
train,8k,177412,247ce8d38db7bc4f811c0c4333865ed5f2539c533e5b479f2432bb3e62d95f24
train,8k,16612,a644a26246f5fba92e3ba80acb7e62203747f5ffd9b86c7092ea2380387721c8
train,8k,12697,7b735eb34cc976bc7fca86063ed6c90188b63edfd406869b3ba022551d73356f
train,8k,82293,32f2fd7e5755202801aa643ff02099e3e7ab1084728e4ef434e4560052948478
train,4k,84055,9f3d6f9bedf6ecd0ed904fae3a3e118e552585a97407a6eb05a98bb3a120fe4d
train,8k,100812,3c29eeeda19244095d58562681eedfdc49accd9a068cfd5cdc1c6eb053071918
train,4k,188025,80d568ce12d6ce91bf888f6c00535e731dba7e0b057f03765020c2ec676f3c98
train,4k,171060,2ad874d349714e12951ea9a2566d8d8ac1607362fa34e39906e4e4a91e701cab
train,8k,11222,284d292be32023b45080d7e94ad6cfcc80507e44b3ebff1f80ab4f71c9749de4
train,8k,112978,e96cd32517847e83a2f478dc938eb32fa8edc5307428bf2fc0c705220059ef68
train,8k,116562,445987154f8253dd4d37c78532d0a27ae9a8fd06113b973ae5136e3ca8730af9
train,4k,175257,b2f6d2836ec3816e267dad01057be37be5e87ae7bedcc4fe068c70e79fd4c700
train,8k,60881,fa99cf1d9ad059d08379c759f2c54359cee8c312d74c844ff8c3aedaf5e26097
train,8k,27369,daaa723fd7babf887a1077226d54980f892a3809f729f5a1be56091a8105e77f
train,8k,127451,1b4c2debc38e66f0480e125759fd71a2e387838be468e13f1100f12c26dd804a
train,8k,49325,393f04087babe92790e5a8d9f6f984e6f6ffde18db9dfde3fcec67c78b41529b
train,8k,67921,843c19ad9be9bbae1771d3959445c4798357b292895a88ed88d74d1309661f49
train,8k,112902,bfb673cda7cd950b5958e54a796aa4b27e026852b3f653290f94756c2d40160a
train,4k,107400,566b6a49d20d01e29a0fb048b49e7dd8586338703d5e74ea75afa40181d5b0df
train,4k,64742,3b47d9e922dd4632b0441a131071ea08d73cf2cc5e2e5293e69936659be0ae27
train,4k,152634,6780d609404b905f2be7758ea57f753f9ec7ea7a996f4064240491580dbaa5c5
train,4k,140995,2cb8fa33bbef73d388d4d05b9d957b7fc136fea1d851772e91e07309ac062f6d
train,4k,67680,04121db41775e39d7f437f5a19e473aa3d5396e32b5b66f722fba0c162e1bb0f
train,8k,176833,2d3b66d64ba66a92dadb1a89ab8dee43c0978ac8b818bdc7979c4fba4624f5d9
train,8k,147482,38fa03c61f9dfc04b82ef21881b6ed80c847744c99f513cc16b66578f6959130
train,4k,23618,acbde65aa3805f3ca0b205ec6f0cc75b1e0cd6a80da7ef7914ef39ad62b33ef2
train,8k,22140,48ddecc2ce79880d9b48cb4237fc0606fd8617c0db4970ba08d45bf2dc383bf3
train,4k,42194,258b7d226ca1cf901a9437a8fd15df2e6b63a8f1648a6561c2f3e924ebac7e4f
train,4k,11488,ecb96717e3ad038f393893695be65298c799e6c2949a91e628d6cdf290da5b6a
train,8k,79441,d0849387c1b34770a21a8ad2cec93a8abd8650955049784727d4b73e0980fc21
train,8k,2117,631019f00cbe87f2432bea26067f96f1d24645e8dcc04116072f8627c89c18ea
train,8k,156525,80f2b90e10fbe8b93c3a7e3c67215c9397028b30981cb2410823d038d10001b2
train,4k,131611,cb851a7e153cb07674da754bb5ec6218c9a2f44120b2d33d0e49c6caa221f51e
train,8k,140290,ebea82e0b0aa8740451cf87ee69c01b55001353cb5a6675bfb050dd79fe55ff0
train,8k,91380,8adfef0b13a7bee4f7eb5d065787f9a6a79396e495c0353296193c1ba28a2fd0
train,8k,154897,ddcb80cdd2336ef2ed46ace9f70d296bd0816bde6513a07caa943d83315e34db
train,4k,180717,c650de328f1aa98fd07d03c0b691dd057c8de8eb1325392778b6f5e58aa185c2
train,8k,154614,854e239c4ebb943d86667189af0d4ceff42bd9e93e71f14e7bce19450f698da2
train,8k,29245,9075ab950173a21b1aebde358dcee3513c2a9b889478a255f6e79d0a2ca0c4ad
train,4k,19259,4a03a796e923c8083b62ef4334d4061c1cfbd4a97bcbd8839bd6313ec5f81a70
train,4k,5609,6764ffcc7c6b678affcfc03a198328dd718ba6aa26a5efb8b0961ea9812f4211
train,8k,109262,f0d6e241ac6bdb7270f1214d7d74009e24904e5bffe0401efa6238ac95d194c6
train,4k,98808,485bade460605a76380ffad23934b5c98d262aff9a500aa18e7891706ad786d3
train,4k,122597,3b7bc66228c08eeb3869ffe55d1f52e9546e783662c48c28417cc265df590186
train,8k,55778,4829400791af61fe29504d56a60b23c397cb0db6cb6a22b7b9c56185c4f5179f
train,8k,111991,f933a212c949cd27744f4b52c918bad8e4d48bbd8e05415d1eeab2909531aac0
train,8k,7734,5cd14d98865bb036af5b7b39b42d67652f4984bb4ffe487c34872fbb09797930
train,4k,159610,109c13a6dcddc7c6585fc73954d1b8e5ec4945b4835c0fdc9542aba9b2a510ab
train,8k,131346,d6cc0c05647e1587fbc2dd5916ee425f278045cc99ef8675581c6b4557bed72a
train,4k,113259,b5d5bca621c09023e4a85d772ce0549ec90507d4ce7db6b9a4de1e2444f90f8a
train,8k,130482,345bfd54a112d920b0e845267c994742afeb86003dc97ed32ddfbb27b80feb01
train,4k,117711,aec307a84ba1afe997365f2a847239e174f5a010cf6edfebfd3bb06e9a347964
train,4k,5726,a50af039a02e4ce8be2ce5fe44c5eaac97e0e1f6db8cc178f915f16c68e2020b
train,4k,179557,7fc565e777e9cbeed6b93aceb8a76dd74f381dc4cab09da685be47a07277be32
train,4k,74153,96e12144e5597342a4ca557482e0c6c8b60fc3877a5b30bfbd2f5be834d4f97f
train,4k,47892,565726983f3919d393256039f1a471ed5ee376090b82e2985a2ceab0dcc881ac
train,4k,169459,2b788cc9f1f8f7a612c1c0ab24de51fea4b0054916fe9f5300c957145f1c3bbe
train,4k,74174,6568c6bef64b36a3101c9509e9be0965efe0e842d75cc99af45faec5c9aa8688
train,4k,43056,720e28f9b20545c08c7f84ddbd2e4f07b49b88e5e3136b6deee8b6cd19395257
train,8k,109646,634a8e51b66e0ff06e3ca32818b20feb1cdf3065d7422f8b875026d78fd3ea3f
train,4k,88701,be127ded1bed7c125c984ae98f5ccec0b68adea33a22d93441809f521c335dce
train,4k,94607,71235d8cbac75afd8323d4f6dd67837e98ca7406ffc6ad6f1e9da1149e3ebe43
train,8k,23341,dd9d78c87c10e7bbef63681d1200520b2e570c58f844c0a85123c76f29df967c
train,8k,172748,1e2641b3cdd2e67098fa007acbcd58069cf738007a5b7ed1c0a11edb6edb83f7
train,8k,167267,dfcc12ab6be33eae3e0356ec04104803094f4c89686061e755e23812353bdfae
train,4k,50907,c9b3dc655e51671066859b36f40232f2ed1fc93cbc49114e194a3e6df72dc8f9
train,8k,147128,61e54515fbb46fe22ee69f9eebdee853a028381c75243ec040dcd8263f0c8a0f
train,4k,107449,0e8989d2599c4b29b543aba836929593b71f01996625d43e1b12f22216c724ba
train,8k,57825,bde9312869b707aeaf56594c2b53ddb889c8c3541043ec2a128752f1b70b147f
train,8k,153548,0e7068f8b180e39b5fb4f2fa2bcbef9605cfbe46564598533262dd72998a40e2
train,4k,51768,8f3e4d90171f051fad7a365d109ef1f0cb37ffabd7f03dfde02c6c6f0d45a6e2
train,4k,37374,7a10d001b1e4dde9b369f087881f9c45ed730fbd385e673428326ff9ea42856f
train,8k,175393,b624381f23fa7c990a5a56df42955d83430bd6875928866e6d6b73be0c278fb7
train,4k,167763,696211d22a0951628d18d8a132719c4a3e9321a7b5cc9ea53e6a155c17bb0680
train,4k,176326,bf59627d681b8112276b6f892cf114ca1840a37c48c58aba14dc8c6d82c407f1
train,4k,109001,14fc59f06a01b2b45d4ce81d30ef3e424a2a47ae73d7b5249a92896e537d47ec
train,4k,141684,c07d83754a40dc2c6ffe8718db0af7a90f5d6bc0acd8cbd96c7445330d828dc7
train,4k,168962,d1da0907405ca41b97ac42a303cf06658c835b130cf71f6543f765875ce37123
train,4k,36785,1d292fb0284f028e1adc3c5d7e3ea61766a93e2e50280e6562ce28e1644bdb26
train,8k,180016,98ce92678c554f83ab01a1cf81fd01fd3f0d51b4e144f7817e938b83e3b9766f
train,4k,97873,5c556b2edb7a7139c85795c799baaafa340a20ed5f3c2c514355e936be561d30
train,4k,139803,b40cd71cd406ce92790307e8f4fb182cd905c068421f240a314cf0a59c04b908
train,8k,60589,fc2506871bce9645166219b84bf12d02799d9b4857b5a23f2fd02ef8edc0944b
train,4k,189947,8099bcb87236814569761164d2b4a7033c12f740afbda1978e018c07bdfaa5d5
train,4k,74308,7b735e0328b0ce48d5854a617cde7a5645ccc6563b4e6ff6621169e5c7fadce8
train,4k,29370,d9fa8a76354ee0e034595b803453daa086ef471fe0051567e6e1a48fdbd68b06
train,4k,11494,525b160eb604622076a0e9eb0b6b3cb1f9fdd4d391822c047126e0657a686389
train,4k,150303,28772cd2bfb7ae942edd67c9962ecf4d5e79394d7a21b9db01037be3ed39e33a
train,4k,128665,f13b958b262aff611a88708d9542a513f99536bedfa8e5f256e790b4b87096c6
train,8k,154321,5156147fd27cb583f93a48200e1ba5e2049f731e98c9fe795410c9ed08596ae9
train,4k,74028,6c9d769df7da3646ee0c34ab6e80c0b962b44f49d7b87391017c59a74f97e84e
train,4k,53962,a1e695c62f91662e00033e72729a1e2d477be8e458f7613ae75e5050885a4fad
train,4k,82902,e1eef9b2826e00d6b2c87d8d971cd86e43949799f92687c15eb27700966495f7
train,4k,85643,45d1b3e9e3ccac479013058739fda3568528b950e1b58151b3edf468bd9cd1fa
train,8k,67713,6909e72067e19eccce3aa4e8f5bc42723bc7bfaef8da121e22469e3a0d01efe6
train,8k,154986,b441a49b7792a8a6c3b795ccd0b39d23874f98ae6d5bb6ea08db7bc29d608aa6
train,4k,86262,5e1c603afefec8e770a4b26c07e29aaa69604a489a14cd828a81f5d1c13c98b6
train,8k,29454,7869164cbbfb1c9fcdb9028abf30e087a80301a59257f4de71416ed1761d9c48
train,8k,112915,dee48ef8ca85c688c0020ad964d5c1749f70e9b7e42e850146d390331d81f1f2
train,4k,86448,f6296c6a9e11d93fef7088e1db27a4820324bcb63a76f70e3482f29c1b8cc201
train,4k,104042,7f766418edf8e016c9effd47ade695e53c7c9f7971bbdca27526fe118f64843a
train,8k,131846,c39c1352a6e39cf10001cf21051cdae3f7d41d6d997561b4eb853321cc030ee7
train,4k,69326,cad5dee4d3467c29d6e9c3a2f2e79385be7972befcf3a0154d1b74dea9838330
train,4k,64984,922ab242198245260ad6edc036c6c63ffc351d2e6da8caab71f03731e8ac9612
train,4k,34524,90d16370552abf9c816512efa97c792a6ea98ea4b105e9d9eb811ec3689ac736
train,8k,86099,68cb2bb6119de312ebc9c788a3b3fd9431d590f70432e449e557b455fb5f9f55
train,4k,58311,b09ec68fb55050effb4a8214dbb24a1173b57e2acc4b210eb2ee1fc440e65d57
train,8k,173929,5be6efac134f879c3ce6a03452ab54ebc9f3e48930b4752b9e942a28f3e9202a
train,4k,172215,1e39a5819e20a282b90b7a94ed42bd510621a4a4e1e5876a0b9600d790aa5575
train,8k,144253,07092675eb6dfb9e84f75aa8542d064c0ae64953306cc05d8729ba048f28b4de
train,4k,191426,37e4a4b81de91cb2f4c34d8b37dd94cf6ef30a4b272f7e5b3db90dc8d8a908ac
train,4k,69418,068b649f17e262385bd8fec164b91b24eabe33d452be7b8298ef448c64756d51
train,4k,6153,ea21ceb6c0c7e788d7dd2af2cfa05a68324f50e71e0b1007b97bc965348b2e72
train,8k,176058,eaf99e376149e6338483318ad1b340d5fc2a3a7920277fd674c1233c0035b568
train,4k,63276,a0629b484dece375d9544f2889cf6ea08071666ee417aa13816773a12a645696
train,4k,148247,13c264533ad3078a673acb91e180f75fc1172666c0071c66a532a19c3fd949ef
train,8k,51270,94ac38fe17f922a52bb75c26499b4ada8aa4e1a9b01883b18c931091674ce5ec
train,4k,87817,b9ebdd3b2fc1b2bdb005ea7aada60aadce5b13c7f6073be59220a2052be8a8e9
train,8k,156793,570264ae27c625d8410b813f2c1ea62e453ff35ccc5d94f01ce18339a9e82b29
train,4k,63485,186f42bfd641ab3e3fb7794e3299aa1dade8c6b5bc1db3b9cb07c86243908034
train,8k,26672,55728d1558e1db574ed51d0356869fb49b89140e79441095db6d53be1ec6d3cd
train,4k,129615,32b605178ae0d8a20f3f649c4e13193d80c17eeb4b62b5421404c4eef109e8b3
train,4k,102112,9151fef75d62c6008da2bde0bf0e6955e0cc8a1c5a26dc707a6ae8c3c7c10775
train,4k,12794,4cfdc0e34278fdb612c2888e2075c45077766fe8de620dcd3b088a96a0ce71d1
train,8k,159604,ad26d152614e3dd6ab399b798be523ea142d20a52d2610f60964a659360fa52e
train,4k,130449,a9a17f092ca2ba1d7434e9406e9300255b42039293ebd720daf8ce1054699df3
train,4k,161293,4eafa661b934376688b407bcbf9b0502401f68346034256df195a2171d1a966e
train,4k,86913,901135de7cdfaf4e85251639ff2becf4d996a548fca32e5ce6543adeb6f6c2a3
train,4k,183353,c65c07c347194c9671e1e1b4d13e12a7413e816e3874e5e6b29783afa52b4dc8
train,8k,68935,e03817aa55d7f1a30d495ac6d2ff1ea10dfcd644ef6816a09f777041d24b2c9b
train,8k,63692,2a366b87bf3f7975d3c39044fed388ef47dad16c6a319c4a03e48c508c7d745a
train,8k,83044,39bdcde57228c2277a8f3054fd468aacd2a37f991fb174d420ebb0ece4051085
train,4k,167053,bbade5fe4a27f50dcc4cd5cf89f917bc6d647d566c7a3580bab66363742b0645
train,4k,145792,2bbf756f32aefa9c7a2090bfddb89fe22675df95f277019c6c11434f76d0b019
train,4k,168778,1aa2e2c86744af47e91af79aa792c714984c011b54414893065f15fb47a6bef1
train,8k,74889,071b14274fbdce19a6ec8e572e7bb2cd17ef9726d4c4e48ab164e4baed9be3e9
train,8k,17128,3c346753516c2a62f76b453f2c0eeb4117f4fe5f0df3e926b2ee78e0bd2df0f7
train,4k,146600,574ef06df784afe3bfed3ad7826efea99cbb9c350de4358b8e0ac6a4c476c0ba
train,4k,2125,912367765979cff108735bc76eb27a29a6252bbb579a54d691e6a0afa8389bfb
train,8k,147046,f496229ad01da77bc66716f1193d63c852c986ea108ddeb6d66ec0644d7b6cb8
train,8k,21456,a0bc69e3c26ee7f19a46175acb076c7ebb35395a84446407c5d81a9a9489602e
train,8k,13281,2002a5b43324d691e3bfa43177ea0b32a091eb4414f4d683bb2a8bcee360ce6f
train,4k,77098,5f1d24cf51e5a772d1eae4dffa4d2def6a922140c3106776b78b5f4e661cc176
train,4k,42477,3c8878937d76feae119642ac9a7fd9535f1a271a8e8460548b27b0d9e6b5cd3b
train,4k,88872,48f3959eef5e5775d3dd67fe479cfb96893c150b89fb3536b1c1705dfcde109e
train,8k,166782,2bcd55c04d9eb080a086955d4be5060d41cc9f0c06b43615d80dd982c3711c2c
train,4k,138111,44781d5e21486db3f145ebfdf2cdaa5261e74933b7e679a11bfa191c620bb22a
train,4k,173086,e09a6ffa6de9e9f3adcda27bbd78708ab71b88947ec9b3843d98d13f697f13e0
train,8k,8609,0550c0d1121aa6ca91d695147bf7564d892a38054adccead18b491839ab34612
train,8k,42651,f1e12177db3d4fd8e68e1a8ac8906b723f19af144d0961c127346e9f8b18239b
train,4k,108703,b134e7ff66a4f9778cc1865ddcc24399dd7928593d6cb5e4d167c94f8e0b16e7
train,4k,18644,4709246e7ad6ecee6b5160f208377bf98a9c8e5e3f48fde679dd54d987d6cebd
train,8k,127609,45e1237c57685eaa7680d8afe92d7e44c04d2f6398f3c0c8229751a02e0161b7
train,8k,95202,81e2350f37ce767654e503d542f8867b00a509daae0d3ddfa395dbd17ea8bfdd
train,8k,86236,2cf9f2a9a14fa04400b6b6256706d1921e2bceb2e2c368c1ceb4d40627a122a1
train,4k,177300,85ad91386f2e6fc3915b10c130b6e8116788874fd4fa39ff0f98b37016b39161
train,4k,52307,53717de65add20849c968ea4d2d96a415bde3bffdb2f4ef48b5e935dfcee8a7e
train,8k,3632,70564c69d867553f2b5a5b1a03790f59e738f4d4ba6e852888b976fec0f814cb
train,4k,33949,56b53cb9e34c96b27cba5df5fa08ead65e9907d2da11b591f0ab7f136bbfbced
train,8k,158081,6fafb32b6b75cb5393217fa38fd4b872223e4f770223531dbbe3f9714141e53e
train,4k,163047,2e877472bd19e7ab1832d2cf2936dc819c136b7e3ec465324320a78cd1dc6dba
train,4k,74775,2fde852c84e9b48ded264db8a2ade99080b988d29e05c92a6699ef8279903358
train,4k,24136,8ede5ba749e839083c52238ec0dc13a7ab64e99be4184d948fb92e9a057fe6be
train,4k,191319,923bac6ed60aa85570ad446edf51ec1f1149a57ee891b69e4b8cf957bd4507dd
train,4k,3359,42ec6148b97cd2b8c0c406daa379f3f9d352531ccc5132d8704df845440b84f1
train,4k,16023,dc4c5d07918167ba93d1d3e7d583c11daf9ef6069eb88bf0fbea80c8cc376162
train,8k,43544,1376f79a98aae70279856582ddabe6a4b75c0e92bade8edaad15d1c8643a9faf
train,8k,87032,43e04928535d4fea2c5ddf711e8ca85c4b7ddd00ac3009c6f8fc3251cd315731
train,8k,104051,96423e147ce3eb4f742b0b48d283a6f7ccfc523d8f9b60d91eedf535f53d4535
train,4k,26399,2ec88d631991fb76f8c02425e5d779c40fb80befc4b3076e5e629f2eff643665
train,4k,146988,8aeed2e47ffdcfc2d1e13ba851862daaec3da4ebed7ff46615687907b8c07b62
train,4k,124871,73ad37e57dbd14c7d0402e0e50ac955ea1deae10afe92b9dd3a3faf9e7e4b323
train,8k,74300,14efc3a8057351c147335153ff43598c20d0c7166bab1c534a6db487ec9eb43e
train,4k,88452,0a56bb396228bd5089dffc6db42fae02e432319c5ef9b039c78783a46ce90fe5
train,8k,15670,75ac094a017450a2523b5fcaff3e6dd622c0dfe85bbd078f3695780f7764c5eb
train,4k,74037,83a475e1acc517286b9d1dbb2440058c869823a199ed7ec9d27bf8d434e1dd0f
train,4k,187341,a0570b94d7ad22a130ab0b27b9c6c647b2196c59c02b45af468d8d79aa6cb7ae
train,4k,123869,afb656b7f9ff54a57dc498d4e790dc11f5d840f0a6dc4e75f0d58eac9a2d6583
train,4k,5291,4d8c0ccdf77764fd5dbe868b819c4c090484096f648f6da55317105f14cddcc5
train,8k,140934,a665c68bcffd66485b71bef886bdd514a35494f0f61b4ff4cda45ba087058942
train,8k,95745,7f43a28ab73732e6db5cef7acbe24bf0f62a9638886c51fc56711430132d1c7d
train,4k,181309,e9be2205184a671aa0aa404be566cecc01c44e08aad4a656dde9d46dc21668a5
train,4k,67386,3a3c62d0c3ab7e7e553966bba60b5143e6ce14bfebb8271ae1d392e1c4f568bf
train,4k,65975,fb9dcd8e3f240784cda33db19cf1dd93bed2fc4080ae12fa362f5cb60583681c
train,4k,65606,4d253843b5c7a66621716850650719605ad6c0cd4db11eaa7bfc4e6ad851a491
train,8k,16454,f9c298d806ea47a247d0411c2d69d25d6ee180b6fa2d4e15e60d7b41363c47b1
train,4k,107971,60427e20806fec891eb6e0f2bd7ee38829f155fe3a657266653d3708fc1d5ad8
train,8k,11643,9be8f60be43b29fa5734d4f88d4a8c56ba1fcb5b2f4fc02aac7225bb38eb6b23
train,8k,81121,95019148ccd70ddc402beb68f1afb0ead50af274edda2c912936dc72cfe94402
train,4k,94941,48d0768e888a298a023d7558e759619c6fe1d9a7d1f0debb8c97b508a6a087fd
train,8k,59144,0448f6ba754bc73de79de2663587a6ffa3102b39cf39547b671965a235064c89
train,4k,154098,e69bd1b26eebfca099efe5a430c4c208c66e5ad58925dbcb7352f2498d98b3f9
train,8k,126084,50086b5103563c5404b4d23098df1d75681bd6adae93e418effffef7d3f29af3
train,4k,107592,2b3bc9fdf98b701e20883757e87fabb7d6d5e6e55b37e8d1254def2cc1db5e06
train,4k,64359,b67a1481e591cefd76d180ef244ac7a4dfabe2ea52ed88ba1a4536e3e44591d9
train,4k,169082,16f3f5f1674c25a77b5d82059a2792847ad79be446619018164445109cd16cb1
train,4k,97568,771321a69f4ee6e7f65a769418118169aae889db0a4cb2a538c6c553308064e4
train,8k,9900,586dec8bab2f53180489f677b83b6da6755b05b3605c7e7f74f62454973d87b0
train,4k,80692,ffd0fabe6b825fc3bb538147247a8c6c1be6307255f62538081d5221f1ebf9f1
train,4k,69337,4a64329c69d3fb2206ba7c810fd5ff638c20675ddef7445868af7cb00409ceb2
train,4k,168924,ae1c992f0683a508871574eb93253899fc0d3c930d82c0e8df852d73b9d96dcc
train,8k,101743,28450762800fbd3e3819cedad53bcc47104e294b2cfe6effaa1cff946bcb7fed
train,4k,140629,2da58a43ff5e788ebeb0c8778dfde74602135e702a5fe38dab27e1de57d0f476
train,4k,11656,ad116064249d31e85a6ae6725f268fcfbd4e7cb58aaa7745855ff45dbb545e91
train,8k,42713,dc33317d14ae1ae33165e14d3f8145fb39ddc5b786197221ed491b7fcedda471
train,8k,76050,340c2c9d1732b075a8455f91741fa412061c2f3c6b2df364edc24b382026acb7
train,8k,164057,1d5fe926482cda2bada5b4e1606c130df29db788106caf5e83a7429831f94535
train,4k,150371,21aa59a7171d165e0614ce004ef1f067763b9a9a768b90f95ae9060ec6502d3e
train,4k,134381,128e376e617b7ba086408000318f9c5782625601d9f8d26fea112e4cff001b05
train,8k,179845,6afcb70c574d8a6fe17ab87b2a8eec91c826bc30dd506b1533b1745c001a1fc4
train,8k,73517,6ae6d23a9e31ddb622f5b77a8a4682ac2a06373040730deb8b97fbe401736373
train,4k,117032,1fe4b5cfe6f4a5927c3318f8e74c2b29786bb318b3202eb6db2a2fa61fcd2e3e
train,4k,52157,3b8d34435ab4b7196da88788e36b2dd831560e07ae425de70bae844a451ed2e6
train,8k,149243,85ce94f05aceb482956229ee728c8ebfcd8909d4cc46ff4b559b763d9182e11f
train,8k,176246,506b5aba09ad54b2adb6c6fe5610f8fc9189c11be1639b6776c5096d2d4dc424
train,4k,164744,ff598a22f0ef3c3064889b58082bfca699bd5a83ed49dc1b64ed36f8e54be46e
train,8k,13474,d6777902504b6b981e04966396026cadbc1e0befa8dd6ba446d702713309dbd8
train,4k,108797,2b87756f94e3382b118e7c3919f610b0167b2fdc218288c205aff4458aee0eb4
train,4k,96448,03984942e166733db6dcbd102a87e7f1fb880f95e3a0ebb0a343c3f1534ab284
train,4k,20283,11ae2783e81a4dac6cb0fe0319ff34b41f4b0937ffe852d75d1d789ca2eeedf3
train,8k,21458,f3b531854c46db9ea3fca4bdada0169fe9a21d9d09225f6081754a2fd1c391ee
train,8k,30487,9e188aaf3064cd11ed11ff2df1c64db368fff1c605077f0b5654c81d3b8974b8
train,8k,133000,263cc50e3445f237833a2b00b2c36f8aafa2dfa5ef4f0b8d014f4850bc13c72d
train,4k,26748,3e45d6febd9f5e1fff6cbdc955dc9064109d956d2d47243ed9e99f16beb00340
train,8k,13954,786d36d8988eb6bf57e141547a36eb1d34e790942702c12ecd98398bc744f046
train,8k,70256,c3c3542ca4544a3f28d257dd7fdd65048f24e75bd56204d66f176c054fa74ca3
train,4k,40686,94bf910e6246c376cfadc69d240f205f030a54f8c055aef4bbfd4d81b6677d4a
train,4k,70869,a55c21b64fa6cd16fedad8ff1b69fbab9640df9bf6857b9c41fce09350803181
train,8k,26176,8e8c012915db3f9e78d51a67919cb6b4a803e76ac36bdaf64acfe7cade8e5b60
train,8k,162956,360cf0383b37fe15bfaaf7a4e266b8741df0c62a5c282e88d03e4183496f1e5a
train,4k,34460,ced5ea6e4070c11e71b94ec3207ed43c7735a09788a7105e3073a319f06bab8d
train,4k,176336,e037ab244298ef6d687ce3761f9ebe7b7b8b7b5ae4e47cc4c2e314c8c6aaa1dd
train,4k,100658,f666c3694bd14e814318705724dba6b19452be60a049ae5ce5c98a22ab11b5ee
train,8k,133228,26698d491ac31436553b5b7f8ba56b2b02fff461d37ca833f27cf99cbb718a62
train,8k,45228,6af4c4ae8c3d93973410674c6ca197a95ea5d3b39680cb2390c7f795ef8be1a9
train,4k,155822,081a60007c2f7ace296367f61e7aa145d3b7a161da27fb7da8922739ae92f1cf
train,4k,154489,5f639b0ef9e768a040faf5d3cf34b5ee2bbc172ac1cd3e871656487f0c277c12
train,8k,46788,da972aba204bec39313c4f1033158c71518ed56ac35e01047de82c797a212481
train,8k,174993,fd142723a1687baa9f3a132284124b28642667bcdcdd4c7dd6998c853ec68cac
train,4k,53646,f68c308493967ee14bb80d1e3f4dc14962880bc334ab359198ab0fdcb9959d20
train,4k,96305,77387f01a3a0f1022ab91abf6237cccee35236af015d214c94bcfc2f5532f1d8
train,4k,102387,0267c7fd3944b3a811086c3ce1f4c0615ad66b7731b94ed7e30a06e81a1a1ddb
train,4k,177293,4bb6329a886f2e8f46331a154a455bb4e68a77cca6b1dcf4d74e62379e749b8f
train,8k,92108,106fe2f7d2aa0e979269378c1f677adbac05fd910f18ada112f6e1c17b81eb5a
train,8k,36340,3b4d485e0f1b83a578d25c6143c1bb913d22192853d6a5c0634b3e160ba8d5cc
train,4k,97793,6fb7928e61856a16fd7e7c076f57c634d70d142b6f8e2cea9e1773513971524f
train,8k,132811,23044c73e13da93e1d274cfd7f0bd37aeef91ce125b52e3787ffc0fcc20355f0
train,4k,93499,1fcf0671c9ee5170c8d74898ea5dd690048995bc97e6e1a3921c7c748dfe02d9
train,4k,185921,11d744a53f661ecfd3cac0269e55d72cf7c0cb4def1b8167e6e3bd71e7216309
train,4k,123476,075fe9e807906967606a4f84a8c8bacaa51b1f00464d036aa61cfdff77c819ea
train,4k,158101,b3ee83eceecbca5c02f9cfcf14f0b642c90dd4ddefb7efc11b4d9039238f87bc
train,4k,414,6a989a40f46a1765bc343fc2a4219a27de56970498fe95d92f59b8124ad960c4
train,4k,8636,3bdeb79269663a776edb784c932775492a3aa22c6ede29b3f3f38bc0d6a3b8b0
train,8k,78083,2e25c8a6142ec94810edf440221325d3e77cb29ec55aef6d2dc6e0a7e842b10c
train,4k,36300,4881e3a9a25502434564498233487bb08a75f5962c17fe4469959919295b0537
train,4k,145957,af7fb14f9dd87ac3bce927cdb8884503540bc3002d91e11e20c8f72fee15399b
train,8k,116276,e13e5a37d1e2a2c94aa6d7af6ebfe8f30330108a12aeda869a640afe9b9ebe30
train,4k,102828,638c3452ad0f2018d467224fd6e7b778b2a3911f2af1e2f1b9f46a789eb027d5
train,4k,157762,c9536f1e43eaa5113bf53c8b1739c70840d01ef6f07afc478c621c45d60c6548
train,4k,47883,44735e291603d71bbf380b793bd80b3ff2980f9b34dd079d3c65fb300034a183
train,8k,171191,1498cc9ac14c629e1deacb65e4e5bf0938ebac80322fe82f1f1c7828712c381a
train,4k,19849,8e21205b46debb095a776aa287df157644e4b445aa7e641aa696a2b73041cd24
train,4k,176759,bff1f74198b1678ad81a5d184963b817b7e059500c6174a0eab24733f3a7b174
train,8k,41998,1fb2ef8499a437df4b2e250faed977de46d98675956efd6e188524ca89d98719
train,8k,174157,f97e202db7e7c06eac5beeed99edc725af44f5af150b4af3765ab79bb2d67e89
train,8k,129184,8a2e3f191eca4cbc581f9facc7c3568327d4246fa9c750916b790429f1c5c5fd
train,4k,40537,cf303434497ea1f9e87b6f06c285eee711d2567147e99d61d4518765cdde75bc
train,8k,108071,e072dec9fea828b6fd1544100ce1264fb53fe887ed3f27d7f4fea305d1b5ade8
train,4k,102496,9f639ec926d1bc77555b008783d0b77cddc6263d84acf21614d6a1aadf1032ea
train,4k,16425,0c51dd86ac9d93fc5646a55d85bd6cd2ea4ba228e4a68679aea1c8e3aabcfc2a
train,4k,91534,53727e3ff9641e921feebdb1c07fdb20eadadcf0d221be9a96431953fd858d8e
train,8k,29295,a8dfae456882664d33b10cfc6f3c7ef2338e23b82ea4c3546b21223b9090046a
train,4k,121397,b1b209745179562823905d8664928c8abbbf39a864ddeae977af986aaed1c4e2
train,4k,175138,d4f11d7add249048f7f580b148a4e9f9e8502b706a58c35539244a8c6dbdfc8d
train,8k,133835,62fffe425eadcc6a673ba1af8a782c681fa6ca56b620ea7ed262fdb4fcd586d6
train,4k,100910,9a70e0b9897b01d35d8b9c98800c24f5d899c9651a431294291853aa93d1417a
train,4k,146764,92093c7f3001e3e510c6e44952efc79cffc2a6cb8360ca670644419fc88debb4
train,8k,79614,7eb0ae1303ac59e7e2c0bf44f732115ec860b66d3447539c4b50bbf1b00614aa
train,8k,108887,33d3680f646d8a59cf46595f51e11e72a30f4cf9736fb93246402341038c5c7a
train,8k,66149,487669e3f36f5225b74df4763830f1cc78103298ed03417e5956f04260bc9e35
train,8k,129468,0768ada4f480889c13ee3a2ddef09fb91e0ea944b2ff5148c2e2dc4d20ff23ee
train,4k,16544,c0fb4ff58bd60dfa61906664269795efe2226b4cb79bc6525cdf665fd06fcee8
train,8k,34061,28061bb84714e817f3574f0db263204688ed1affecbcae4b5a99fc7198d9f934
train,4k,153152,bd115c447232f6eef1377de3a3ba4ddc903f0232c8b3b60d7010e80ba85b8dc8
train,4k,78104,e18ad14b9ea8c7c19d1220eb1966ca29d97d2be5dd028bda10be578f56baf192
train,8k,118941,c537f3b3699662326becf5515a2ac7308269572dbe34954ea12ba6dc0323f7f6
train,4k,103459,36c19b0550521c1a262b0d88c628a71d4fcd76284170b682ce2d3b122c928df9
train,4k,70055,89239365474008d5dbc2c1a48fdc4bdf4fac44659de3a33437fccd4a6b3c0a70
train,4k,45866,aa998b3f2f5602872b405a86e2b755042df2770574b41143e1f9612b20b0763d
train,4k,109767,25073eee97b22cb68870fd863b57f83deed38775607dd08f2c1ee793656a5394
train,8k,90157,b4745623bc245880c27d585abc1e0e8995bac0ca1d2f9275e8f8faded882973c
train,4k,81247,6dde560555dd7b41d0307786861d8f7717490d6ec0d084a8cf89c8e6d7e69c53
train,4k,175133,05555e6c3a23821214e9aaf2442e5fab692e555b7328cee2a803675745092acb
train,4k,141520,28c6835a3b49870a2180982d550f842694fbe1974ad06667473f888775baa330
train,8k,106155,8ff5332dd75e6b61888638c963b6cc490e0c2f0c959a74f896fd3874eba50836
train,4k,159737,cddb735ff7b93281d79a215c2d8f561a5580155ba6f456fba9aa796c046bd500
train,4k,181646,4ee145515002894b8a3c19d8c67ed71ce3864fa990148793e5ca43d2f3013383
train,4k,81441,dc812c1ea2eef06b6972090d82ac4b4f769803ddc9e8ad2891c5edf441695aa4
train,4k,75421,475f0217eae0d0e1aa3a1de2a1d7b335032c1551e5d0c67b8bde583d48f8a35c
train,4k,97241,176a63250e0cd74309e7c422f1223b917633181ebde463fc73b5d27007adc083
train,4k,133841,f7aa2a36a616fb22e4f01a09a0e2ba1084186b37b42034c803c8739ebd9028df
train,4k,8952,52d285ed8fe138ff2f8675e6dd6a0fb21f8a75b1e810860d88a69841eab5a0c2
train,4k,171650,11e3778cc51502fcca6ad197206cb421cf9bc8822d99d050838c4a1d0186846b
train,8k,170329,e191d7141f84854639f7357fd6d12ae01bc7667e187527122a9e93f034fade63
train,4k,56867,2138c58dfefc0d7b439fb8d6d8374d382a94eb19f5ebdcecc4892cfe39ca6fe5
train,4k,91816,a39cef3f3bff884341705525f6c315f48289a98287f42eaf2459cd4e0c5c6b82
train,4k,83399,984c8d3a50d8229c1b135802bd67f5ed3ecb7f69b49809db7bfa1a3e8e3d1cfc
train,8k,86136,723c6a3baddb43a129b0742c3043ae350235d6d5b62099bac8d07fc4c8e14aa6
train,8k,119086,f646e57b6c9943d40908c8623fe092f7f8ec9ac9922b13d7c3fde8eecddf59e8
train,4k,70776,764c42a5bf3d782d4cf35449c403f718b1b38c929c482b1dfdd0229e72e85164
train,8k,22799,b1a07bcb5cedf02b032953372a701d2e654437d691f443832affcbf4e2c12729
train,8k,23338,c1650f49e7b7857637b1661d1760f66c1c70744692833dc2faf16826c80659b7
train,8k,175129,723375bb7dc09c5f33a002880ee2b954e0a9ac5a732ebca613f1a0c12ff2c979
train,4k,108395,33522774c19cf4e335b6261e24449849701aeda07b844fa6aaaf1a08d9428235
train,4k,179140,c0b3421a2e0eddd3152272846b7c6eb070c2d9e8480be6fbf6b02380dd08150d
train,4k,156590,da008fbd988419012c1ac3c2286303cca9fca6e0d54e1cafbb0f56b09f3892ba
train,8k,95686,081b2a8a6badda8d40260ef7fdee8c33022eab2ad7c5fbeef3a3884bf560c73f
train,4k,91538,1891c24cfd0c486b2df2197c3438d85c881a44c016ac2d0eff3b8fa0635c1f8b
train,4k,124447,50ce655eea06de87059c4428dc68647f17109825bafd245a086aa1088a8f84bc
train,8k,42915,91083ba1d1cd92681861b90a98136fa12d4ac5e0cdca3af2c2754b45b126f080
train,8k,74105,c932a40b2793281e13af50cd9291a549db78a230f4257ce75b76c341bcefc1e7
train,8k,153752,bb3d1b7550feedb7c2687e0f791a204d8cfc7c0391570ddb66e4ee2a733ddf7c
train,4k,12038,a02c196a44b571d5cd049bddbb36e70becdec3a2b30710c20312b872040e44ce
train,8k,105154,9bd121184bbd7310c7b5aa86fbb5cdf544a50c6b35c7f9bfc802a97aca159131
train,4k,141754,3a920a2c009f6add0bbc40a4e5016a3df784f15a5e1b52008001a1fcde1ab414
train,8k,152907,6d270b8f6aeb8f78a1027fb01675986333fe826b5b3132b33e1e6feb9a3190ab
train,8k,94067,a9264889c33db3afbd56f683ee279527a7057bbc3e1f6ab4ab83fef506c0e162
train,8k,27311,a2d77e02e8cf158430173efda60c1586993c162c25fff279a70096b6ecd9fcc1
train,4k,72992,65d4bffa49eb2100988386e1daacfc31e66937137afc6a60e5684b264c9b9ee6
train,4k,84426,520680db79af77b28fa3f77803f1691ac53e11b012f36b1b64c87dbeca923202
train,4k,61165,80fc1161e4a03d8ecd0591cb0f80fde970505ee627d97a2413a9ed7ad0ec5eaf
train,4k,105033,1a37975f7541fc1b30bf78938223f6ec8e6f0cfc65d1b94b91547aa5cd81df4f
train,8k,95062,485daae5f71cd7d1065a868467ed99f29c550d90e154ecd5d4c90bcd2dc43bac
train,4k,42933,1552c4ef280e21a6c694b7f05d565c1195c0f3b2077b5cf4fa122ded405ef610
train,4k,43562,4d552419aa0720d334f7e7df65d4fea82d78019c119f0fc101c897b1cf7cb696
train,4k,186864,d5375fb8a66598020d7b19a2f25bfc073006683fcb803327ed3fea7eb84bb597
train,4k,20869,df02815b780452c138eaab0124d0fe51e736b9efe929f8942371d849693d4adf
train,8k,115204,3b2e744f30470daba146d7b7df99d597f5c1f3c8c9f43de701ce5d410833d46d
train,8k,59610,8c686179a19725e1ceaf3e3b438e281f6b147d7d155e6e4c66106bf9322790e5
train,8k,40952,ff2437539855da6a5110da9961b26568cf78836a2110574bb5ccbbee34f5dea5
train,4k,169697,db4a8878a2b7f18ce78d98d4574122791dd0855241e85ec9e7c6383773545055
train,4k,60933,d9ec40c71e5e82ea0efa0763d28293fba301e88cd47f6ada327475ed95f080e8
train,8k,163504,a73d7c6d513b2a1e221267376890bb7a0961c9c0428b8878bb23bb2be2204739
train,8k,167196,cf66e682fb3ce4387b2391d6b449441cc30ebd03bac255f855529bf65ee9e6ed
train,8k,102906,b8a6c0c8925e4fc140f80be9a82e32c4f2bbfca1b7da98f4832d2ddb7575e315
train,4k,65774,fc1404a575597676e680c1842c9e30105e4267525d08d5704bbffeb68a948b76
train,4k,75261,8a5959b90674e8e4265da919e13cb0b4833bd2a5242edcf981aa4774acf628ac
train,8k,160289,0453f490d3b2a4f6a28d4a9c9a12ffdcaacf90140a957e175e9a2139018c7fcd
train,8k,115603,41b964ea7de177d1cc32a0e8ec1d5e09dbbc8e45e72b0edb395460439b0e8bba
train,8k,5951,420bddd365aa4f08e3adcb8dfe0e9ad3384cf1bb4ccf3beedb29eeee2e155fbc
train,8k,14323,1cbef27133f5a5d7194a1f28a21b8f1f49bd1cff6e8465a06645c700859fa792
train,4k,168424,8e9f263a79ca4d4c9f6f6b90b5d9a1fe8cbc6cd67bb189395e1c3d17a4a1e5f0
train,4k,23694,592139ec4eb0e82c3f5b53ffe854b2e57f1798a12e0b2273291ed38a4376ed02
train,4k,51889,d699c7534bcfef2db5fed7b5a7e829540a0d37bc6355e52ed61b0dd30bba770b
train,8k,144809,5fb21b60c9371d4a147e23bd843f7ce6b2f1185f56bc24c9d1eaa173e16a321e
train,4k,182957,db854e424f116cc7e11a414a5ae66311f311cb069e9625e7e1ca5d7bf33865f0
train,4k,14527,ebd11dc0c002dd5fe8690d354da69804617e5a263115955be9111c368bf3d28b
train,4k,189952,22d5630e59cd6d6aaf7158ba7fa89be73c7d96bb37a341240a4d81c869181457
train,8k,116636,6c8cb5f25c5b31234c4f118e672257245a8ffb7bd59b17549125f67c970d9028
train,4k,138361,c9d44ddcc06aa4ba58ba7aa15297465f6f06b3a4bb4846c9f41fb3e8ed27364c
train,4k,142524,4dd35de6e1dca17605a9385816d5919cf1b60afd4618b4b8ab0aff2a7aba8278
train,4k,92589,42975490c57dfcdba280688e375d8f39fc5f882d0a92546c5a6ecc01883e9ed4
train,4k,56100,84ed12b66440e337bea2e1ec6a32012385a57341f4bd75af5f30940db80aae1f
train,4k,80145,0df279b208648cc5dd3169335581312b4feafd0c041d913a9ad133f6258d14cc
train,4k,69021,c9c0838a33b171f2ccc332390554e8cc048696dbc17a3d52f75068f5e5bb5ebf
train,8k,175854,27461dec1ce7022f65c4c08bc6e679970755e3f5bd70bcb3060115deb99c36c7
train,8k,135562,c203093443e57c1db7c37f72ca069006f283642a2eda82eed8ea129b0efb6062
train,4k,55152,538bb1805d76c1984297f9cd70b42abc0f12f5db5f824c9957bf4aaa1a101da1
train,8k,49340,1d0f967c9944017f91f27572d2bbf1290bccdc5ca0db3c92e998069bee1d08b0
train,4k,66841,a34f939e386d6334b575540ff4bc583c0afb53fa90877138a64546a670ad0d0e
train,4k,174271,f537f8470dd7732aeb05eb431bf10c9aa0e18c02c9281fa116df10196b94ffc3
train,8k,124511,d151a2b43756293ea1205e54045e7110c5a5d97da0cf52f39514e05cca693714
train,4k,70807,08b0648c5ea5e6bfceb3db7efd54454dc08cdf826d171b50e0f026b0a8db0fea
train,8k,72867,3c86ac55d4a0e884e909f1e891ddc50219f28bc95fc71b3eee6e41f176ae3c2b
train,4k,100885,ad3792a510605319e1168b7206a3f598e110e4041dcb48a9a3c865094c04bf7a
train,8k,60585,a25372b5e48c646787d6ca37995f4a92950e5da4b81aaa9823966c9905d3a56a
train,4k,121072,c40e392f22fddc175b8d0a13df274444352dd27ee1f1965ee005d9d26e931548
train,4k,67534,94bf2d8d6faf6b1d42291bf6c36b042147ab87a73a67332b8a1f3467fca74d13
train,4k,40722,929b7e4672d245cabbbc3409ac7f4b7e60ad8225397343916f57fd2f8d375db5
train,8k,108121,eff1351d35afffe761b936e10d13a40007f4b84a6c53ca5f22badaf969a2afd1
train,4k,21493,1a9b76339418a36563b38b86c3a6fd4927ada9d9434fdedb7b32bf3a12fe566f
train,8k,153147,beaf20fec50a886233d27f48af71f91a19b921fc681c5211796dd0894f161bf8
train,4k,159329,23a7a73bf0d023bdda7a894aa6a638e460707a8b817960bbaefe5794c5c2771b
train,4k,98574,704d3f6c384d5e22750c7bf4507643ec55d9158b4a8ac94be95834872635a413
train,8k,81970,2e6db0db5399130205775c77f15da0e529ac601fcf2ce106092c86a7bee7231c
train,4k,11221,c70e30d8903d992ddc095c6ef209cbb377c9c846e41efcff454b922d8de6bcbc
train,4k,76368,2908578b6fbc5f7dcc46b7e25a42070140c9814ad67ea09a49e8812241829c7b
train,8k,86145,1b4fc7a7a74208ff59f51c12bdc43438c406cd71a454de3536feb9b3157bebda
train,8k,127950,c113cb8a8ed2fd9f590f8c97a998deff65b34668e57af1568926293f4ba632d1
train,4k,66647,6435a67fa02fc8933cd45cc260e8647bb2acdfbd3744de67b32cef2f9603591c
train,4k,140022,06874d2db29d2be795b6ed580cca3959b299816422df31ed904002366892feb3
train,8k,107638,e1734b333339e4a6a6fb654c78484d1506a0c709ce373fc8092f9c099090b482
train,8k,83460,88b6f4abfb4404061d63bebb031021294e5129ce6d8f88c8f6a2f8733e9424e3
train,8k,168618,6389c7fe9737e475026045a36b1da80cf80e39084d052586706d699858d5100d
train,8k,45896,fc9df0b69498cbef8a4f3e7e4e145e738e5577b512d6a97b137b5d14af744867
train,4k,121269,ba7dc19bd6483d0d222c44e1f03c32057cb9b70912f525ccda0ada142ac73e81
train,8k,109632,dda464d12bb3a055138ddbb6ffb7917639a0847048ece40ac7d18585060634a9
train,8k,80619,87b350bbbf64e4cc375dab22a2cea81dace8d9ef5fd3e10ddb11b89ae4b26c4b
train,4k,144247,5d586eca579e51a60ccc1313a90038b2c16b14d92e0e8de617e4bafdf82ba76f
train,8k,15401,19881ad5df1847c0d2e5abb696c41022c89fc6b212365b0927eff32feff8ec5c
train,4k,65619,d554e0b9652378b39c75f9c20f2ae45d21428925d8c6a54ea1600aa99ce1d01e
train,8k,54493,5102431becbf38684a0cd2434090e77c35862afed09ec11c92f2fd0e4bd8f71b
train,8k,16142,971a20978db7c4f992b75a6318551146b56c21e5966033bbe8aac014d818434b
train,8k,126411,89d0973f3f28d9e23a54f250e2d4ef012714e711f13d5407f40f9f5b6841e5ce
train,4k,73355,fe0a0c3c8a4e1ec6b3a2ad6e046c8679d8a1b74a45462ecfd3f81fb7bde3d559
train,4k,167454,4160efa4e783fd68a577965595ca9faae1e76a34cf4798a2652d1afed58a09f7
train,8k,130064,6fa5275858bbb3b55bfd9b38fae2a9c7e80f1c17a6a9ae7201f3dc704643f833
train,8k,29350,52351afe19944378bae63cbee87df23b7af2c8f1e83aa178a6be0d551f8ffd3c
train,4k,90186,d301497ab7b4e1400c3af46c02ca36bc63330067e9d6f97f93b16dcc96282e7d
train,4k,65056,0d6d1ebaae7e31cc1821bc867a16aedbf8d153bf73864bc511b8177a0494ec1d
train,4k,89097,e8e66cc34301c31e3a188b766c7a2e4a020110b0409041f6fcc4e549f60b897c
train,8k,153940,aab748873244936c96f94229a3b29bc01d5db5bfbf152c8f86fd6cdac8c2734f
train,4k,167667,a66ed7756ad7269a656b26d2d16e5c709365491be892dca89166c44266d91cee
train,4k,27320,a13e445c1d8bc65cecfe77f07a136b22a091f8f64e9ce894c1c5616d0a503b62
train,4k,152215,743bca9a718ffef6ff7a746b54d83f4fa11eaf22f3b351014d3f99aa0fc5bc7f
train,4k,97618,7f4524ee05f70194829ea3b3cd873a6002e1c75906a3526a86671390743386fa
train,8k,65102,08bc544947803c138c0383a0151e2a2dcef78ce57136d21f94384dbad7355be9
train,8k,159765,49af44b8da100345c0ad241870cdbf43f6b89b8090448f030fa54280ac13bc1a
train,8k,148923,4e0c36edf05fada55670c6e1a91146ec63b671970c8235779b6dce949b7e1655
train,8k,170939,e41cc245625973ea43683a9c6b1432d0736143d317bf1ecdf133fd77138f8780
train,8k,108734,1b489390ecaaf3be86a2c2bc02a3d77eca4e23551b00a5795e4795b562af6c75
train,8k,35240,3f95249a1e95ad3408c13fb5454542b9e60f8f3848e21d6b0a6ba5b303a6e095
train,4k,129409,3b1dc3ff5fdd1b6de57126adb3a2fa06d80dcd1f1123c157be02fb1c583b5878
train,4k,32888,c67995eb63e381b90941ce9106578078758f8cd4387368f7c1338248efac218d
train,8k,118125,02d410d9f57947ea87aacdfdb6c14fba382c97c9ae665de9df25a9bd0e8690fe
train,4k,45320,2f31a9380aa7f40543163d8b76a85fcd1adfab3816e7110cbe40ea0bc396e002
train,4k,172108,992406c684d49b21573d3a3b2f0b7a4e2e74ec6f307632fbf1d5b3a97689884e
train,8k,74062,30892890bb07e925d5ca64b150754ee0000b093275cf25fcb5424e55b9d3e9e2
train,8k,126732,05903cc7b9e5c8f143dc18eb5c24b9bd6aa1d58a77e1d4066ed4b951cee9f42d
train,4k,38067,bfd3e06dc2196b1522a43868cd42c6af1dce448b1a2f924e30757e94ebefb32f
train,8k,40427,0f0006e0e3ceca8f9de7c146f2caf44a6fb994bf0fcac333eaa5966986bfd6fb
train,8k,167899,d0fa76d5c859c84613e79341f920d5a18054cefaa101d49508e96e5232ec52de
train,4k,170929,36511bb3933665df21831834f3a81cfafaef65dc834c16d61753fa017f036d88
train,4k,92978,09546ce876a1acac3c95a0f9f6afbf5fb442d9d1440b7b04af82e3b17693a378
train,8k,31234,2c9a82ad49e30b143cdd1de087c8b524f74d9ccc21fd06ba2561178bf71c9b09
train,4k,160898,9cee2fafcba0f114e2472014e08d401d1b1d5e0c56f4c9f0eb31986939d1e491
train,4k,44245,c2ef54b4c4bf42b94e80c1c79706b7a4c26f3a91ee12f01e56da85409527fa96
train,4k,31334,c6f56ea2d2447f25f5a52b5f9b98be156f3496a2ddc116d50906454dda4a70ba
train,4k,50798,705f4fdbc05e82783254896a0d88032e7656cfbc12b7f6867343fc141701e49d
train,4k,75918,79e4690f5c48dd65731d95ae587ae968eee88c0b08939e837eeb52dbe41097ff
train,8k,179341,cfe8fd418bb8cd35f1d20d562febab739a8c0023e2398f70685117d1c24f4c86
train,4k,146321,a3232570d3fd05d5e7fe306ef3694c9cda12bddaaaa2c16003b46be0cde45b8e
train,4k,62964,02f88f4bee231db224f11e86bb26b35c7970be070dc1b91ea9584f4461e3ef49
train,8k,91152,2ffcca065be68528f14d8daa1dbf3b20275623b2ba93be1aedb3750780e2ae43
train,8k,140250,f2a7820e8928d9ab52698c1d79a523e2bce84d2fbcfb27fed795161a8f33ddd0
train,4k,79494,bfaee7da0c71baba2c6e4b0bd396a691b43849faab25f60f86f369bfa4aa1f0c
train,4k,97177,68ffb73a5469e08527055a1cf9ad814922e6243f1d2a37728ce2547c61ddfd1f
train,4k,81789,035b1a7fb68f4ff1cc79975b535d9e25344d9cc221a8584bb6238b0f1b4ad1b3
train,4k,153360,431b7d18404c4b9144f00a1ba116a4032bc66c3f3779bacb1965936686b54c68
train,4k,190914,12ff3190a506245972058341204f14fb0a62fd592efe42551dd55d65763a858a
train,8k,111378,9cb700f9101e05c48a35e6ec84df0fbf6ade4052b4e2726106f3d45147624cf7
train,4k,24930,78583ed578873ae7a6ef3fa63e1b3125c233d6ca482be15534a24c3534918d36
train,4k,88624,14cf351a080ec8f148903af468c49ad8cc20b5444a30e7b5e899f8c65f952cd0
train,4k,167620,828e5e138a30f58e58108ac09d08dc9eabb1370a4ed7672dc4a998cfbf8ee053
train,4k,42031,51f2e041f5d1b9ebaf1d1448aae86eca224d209e969a40e5af922002038794fc
train,8k,54095,99a4eec9a45df3d474fee66736f335284cae3b1a358cc8a5e18113cd99124151
train,4k,27687,fabc92965eff6b246f953df83b05ffceb5a6e7e86a3eb69532af737a3d70a88b
train,4k,21572,8b247954807871f1ca2136ce47e3a64fa1197b81a35b70f772a6df43bad46bbc
train,4k,144113,36ca742de0c1d5d7700cf78ba9e81d48d432422e552518c90a8f2fc2c8107740
train,8k,57557,447f4ee7ece76d929c27dd5dc14052216c1a071408efe90a3b1b87a64bd6e52e
train,4k,53658,c013bc40d101b071a7444e73e67ae37a434792872693b318eed96fd648192799
train,8k,174494,483badcc1411cc3753bced59eae84c4dc5ea3bc42e0b904b2566ac6680cecb1d
train,4k,145153,3754d33d88c46916903a33d7b5d511119a546d1f49344734e075f7652207aebf
train,4k,176030,9e9330d3ca08169618ee65250a4aa70611236d9fe2ffaa2122bc45cc7b68db87
train,8k,89398,332ed5ce703cd4cc02c60ad0e46f7f788cba30b68e2b459ff19713371b677778
train,4k,161648,cf1197747f0890bfc437e4924af7a571a9782a2c0f0f65e5ccddbe81dd754c7c
train,4k,135853,76ce5cd18e340b730636ce56d2767963329d650bc8f763dad917a694b9dc3bba
train,4k,149090,d1d7927e1453e42f76603350a0af624a3797b787db8675c3c46ad134cce98f35
train,4k,61317,f8921c6d72b6a626dc95e9f386a5215095c57457c7956743497f9d70a88560c0
train,8k,103148,1bfdf664864d23b72bda26b7a435b205463fc606bbe14842dcc87b93c849ec94
train,4k,39009,cb915f499e006e0c17c3822ed67d5c12d4e4cf8c345829fdf5bc04a8006f5072
train,8k,60383,13904e23e10ec0c18121bc6168f1c93ad729bd16f6f199a79388fcc001e69cdc
train,4k,67487,5a3dbbbd684c66370e97b6f6648daa449b2a18af0b8b0c17fdb77ab8ce0ee3a6
train,4k,88305,46a0ce3d4c3ac5448c9097a5afc2ffee242b192199cacb89b4076054f0662afb
train,8k,34452,1f3e55b81fbc7189c30b6ee77001d3af1d5e7ed35412f8bcba979c00aaeaaafb
train,8k,179879,cd19ffe9a15b5ea076b66e4c9d0a1731a8f0bc5225fc10998045fa62ebdba6e8
train,8k,525,e160e585a6d0e9fd0a44b4fa60265f867849188154737788d9b28f9b219b221f
train,4k,181510,24a264ae4609ec1f4f33d542afdc2226256b6a21fedfdd3c64a6e160cdce5e3a
train,8k,26366,9271b05b04ec27e8577665b1648952af2f159d27f8f309b799722c460b3e9417
train,8k,63725,6a7f87271b219c350b552b736eb26efdce589233e475742c72a184f99f6c8195
train,8k,85204,1bcbcf0717958fbe291003a9cbffb7c94989213f87c58b792f66decfacd85841
train,4k,28529,6a51263e38a350aeb2eb443f456c4bf96558f82922597b53eb72804cb4fd8100
train,8k,95618,8ff67135f1db5ff7c61db568a116f8873a58307809fdecd05db04296f1d1c9dc
train,4k,190317,f77f24074931b617f5cac4692944fe62da3093d4136f77fdaa0f9fcc2bfacfdf
train,4k,64783,d49ee1f06d17ee0ad92c88117000c145a385336728f299c4ebe2d949d5b70a33
train,4k,57796,121f743a1f05302deae0dd076757e183f1294210749b10acf6eeac04a81f852d
train,4k,177441,436cef3a11df31317be41e921264b1944537babdbfb8e6d33778aefd36f173f6
train,4k,161109,2ac9cf3474ab20633ccc6c3708162050348666a6b13c2ef9e1345b2ec5d8b9c4
train,4k,188471,3980b57bbc87ef1a190d9a1adcaa02dbdded1398f8244b74ff41f05cb0a8ab62
train,4k,35323,e6a1d6a156c9f06c787a2fb6989637ab6b9c4f719fd3a2b973f2d3b9a502e911
train,8k,174404,846d140af772929ea73a05940483fce9cc496bc16f403f6d38f317aafb68eb1f
train,8k,2054,f8b607f8a73889e33aed8e4737bfd4bf568e60e2f6bb48648435040c4de81707
train,8k,73399,b100b615bb6aa962dfd358488acc822e376e0f62857cc843ad6568e594016685
train,8k,29776,7a4e7edc9776a3f28ffb390a9d4865dbc7a5bd99dd9a0b9766d70da3c6225855
train,4k,29078,2477379bb7314788b56b814b7e079d3a5b8aa782a81574f8564ffc1bb551d0f9
train,4k,59402,0eb3417eb830b0c4ef1aa25decffdf6d2af79b76e58f0d841db35cd1bc24f24f
train,8k,44344,e876429c4f71f9e16634a854c03f38e957d232513a87f1010a639c452e15f75b
train,4k,123009,0950db3f21f861a132d484983d1bcca471fb52d97b295de34dbef4eeb1ec498a
train,8k,127084,6bd04cdb4f56a785f67773f53c3b5471abab0ce95102d3680e9beecf5e1d6e22
train,4k,28697,12ae3e288dc5cd74051907dfc00dd1b3395b304c9aebd074b27eb7338022b200
train,4k,45958,782d40cf14b40b8a8d2a4fb94121811916feef5824d1b4a8c00df316cc04ac77
train,8k,64176,1d590f3d6626a0dca8d097c64f1b8234e8e279bea29ebf4bb86c70dbee0ed2e9
train,4k,81042,f936861f03372891094dba3866812caaa408d0d2f1ddaa62008ba40870d023a6
train,4k,57104,10e0de3e87c761237046903d6e176b5cf4f72eef33c7135a936cb936629f6328
train,4k,66093,aada6e5473ee3bd21296df42fc8832353b1a3219588e1c6a11e038e6fe9aefe8
train,4k,26786,39a9381a4c216e267ecea5693567891105cb8196c3d5832d24a5488f1942d2d4
train,4k,153793,f285e480da507f337479415a519d5bff11e717b606b466610869d96d386d61d2
train,8k,144502,307c7654f033d5757df0b67c898d7d3b6cb79c1d07a37ba3909de8e388cf17ac
train,4k,28729,5a082089d6984d5e67bf99835dbe90ad6fbe99e6f6c1d56a55ccd28e4f498aee
train,4k,127254,112aac5f0d4ab0958afadf38a95652eebf0f799c71eae9290d3c92d4c56eb124
train,4k,155925,43e1372faa192e9ca1135984474713017053b51485ce1e20e57496536454b95a
train,4k,14267,a3413fbce16458899b084b778df10bfdecfb57da667bb1bbc6e71d386b661bda
train,8k,28389,fd86bf812c3f7e9f0ebcb2e8ef540bdc73c138669d72cc13e96bd40d5efd598d
train,4k,168258,270995371af79e20852cf945dc01ffb600aef3b9252352f42427ed4976dbd241
train,8k,81704,54d4577f6221ebfc21b44c8ba891e115436e74f11427dd9e3beb65ae8389f779
train,8k,139833,baf15797307920dedda4a97c6ff9a66685fd7eb69ef3d3b11066c24e405bac75
train,8k,1219,8d77f4c5260f274976ed4816333114094bf3e7e59f720a5360b4491bd333a59e
train,4k,213,9fbf573b1e08d7762e8845bc70add70579b6595e5db014f3d119d8f9998702f0
train,4k,67143,d0fdb8dec7078efe116d2283026c42f77c3eb7c98cdd2dc99c25ed2b4c164e1b
train,4k,119893,2c8d606954b536aab2ae7f37958ff4c6871e6de86897267c92015e4c4d5d09d6
train,8k,112462,b60fac3698ad0d911dea3b810d03d9fb2cbcfa7c25ffac30ef07cc472c76f702
train,4k,84113,5b8fc7e659ea40169666b2f80acf4c1778feae38c667fcf8a99ad023d33bc7cc
train,8k,121989,ed83ab63b8fa0a0e57d4dcfb056c2d9bb0d1fe8ee769422bba27cd6701f394a2
train,8k,113640,b523c524f1867844967a200e263495fb5705a1c3370513a5ddbf6da8fc364d65
train,8k,44341,9481c0663d6a6979a78981881bfa3a0319f64d91c20957d845db88eac07bc66a
train,4k,190908,9f32ee51e5c398a7cde36d6e4816278ea1aa1290d01e4d7df9a7b0f1ca07f689
train,4k,99700,9fe8266e91bda05fea2b77105b1542029691ea3c0952d049a0a8c5cc583bfd7a
train,8k,155046,7f5d5720ddb5328898c77549a8d4cadb40327bb7527e1b2bd461098b86059ae4
train,4k,22137,ad5c1ef4f22701f3b96a58a81c7f9a7ac4591cd8d39c25a2b3a150b877a72881
train,4k,45560,0b1e1e6cd8766b9af6a23330a8bef37c17ce96c7f67486333bb7e3ad48b9c001
train,4k,68915,d2201e6f5fee9e4d20bc1fd9058fbf52c9463d7361fa515642b66b2edda3bb3f
train,8k,61733,21f8bdcacd2cf529e3cfabd75fc36ca0c6374c70d4156ac16422ff276dfd69df
train,4k,89800,10e42ccf77067e32e5eed1f8c589bcd2ed9ea43cee48f270244732de49cfe914
train,8k,18391,526ed1059fce1e3e0a2ee854b5ba2bcfb69845847c9f4c7e113ca80bbbc1f41c
train,4k,21987,dcfdf9908f50e6ac6c7bca511d19a5330fc9d0e4faf5c386c5fd3e911d0cd3dc
train,4k,69821,e0a360cfff083b352f17ab3463c6220a012d95565a795ba83fabd7b52d7718b0
train,4k,111957,8961b3ed8504ad20a81f292a44c513daa541b2463648b0f4a2fb7b0e6462f83b
train,8k,51132,81f461b5d60066fc7a20911c2639a3b560bd3420dbcff01f8fc248a1f4bcc02e
train,4k,93081,a82fb6add72385a8dca29e4c9479ae5459a008541fb30b0f2c7816e0dbc50d34
train,4k,76506,2f58479ba561e2ba88ca08bc3b763d9bad6f537794c459e1959f04c08590bfdd
train,8k,41193,a122bdb29f82cd078010ed3b5b7fa2eb742779a50a8e9ee55b5aaf486967f3f6
train,8k,61159,19d4818a8c14356b3a27f81a8e6755626919781fd0b3d0d684965178b8dc45d8
train,4k,140139,95e283f44b05d22236aebed1ca6a8cee39e0df4549bcbe31ffb74603712c2377
train,8k,106844,98388c26b5b8f76e681a1156def2fe24a437599347c56a5f3304468436beb78b
train,8k,55656,4ece5da237a8fa5f05ad6fc82ca9c6b6b7d15b41eb9d6196bcf67a20eb4e5b87
train,4k,150779,2a6ed884be24875fd17e513af6571335dfa7f6cded8928816c2fbdbd26a4a5ff
train,8k,92196,c0df29c25ec80c6355564ee133c4ceffe0a3c378112fee9c2fcfd6a168540866
train,4k,138967,97efdc99069b442abda35deaeae586cb23a2bae3890ec0f11757553ade26d5d7
train,4k,5487,e4bca0331c7859340b3d57b5dc673b1edea29241938091e82708ff47af3646b6
train,4k,20787,b1ac2b046a63f48f7832103745d2ec18c96536dc01fd3ac655a03c9b51e17065
train,4k,125268,ec3b41a50006738bef873fefb4801fdd6461d6741e713a33abf76f9a311ff0fb
train,8k,68280,a7e441283148a1bf8769448619e3bda36024e122cb6e22e54c3f3e1cef39ac5c
train,4k,53476,b330783f818b26b246d8d20a9026ff75dda6c8dfa1696877fc0588bb736dc508
train,4k,167170,458a243716d4042013f5d7ab0c5b178e294be5ce3cb86d0e9ce7061c50661a74
train,4k,26687,774b085e3479b9b5ed1df4239682104035890c5c3547b30452e619e35f962d42
train,4k,76985,ba3f34c82fba27301cb09cde64408b36cc2306c85b38d0ce9ef551176a4e99aa
train,4k,11140,d3da525cfdfafc12141650fb5743b96a0bb33c2eedfda81ffafb1cd51e6c6552
train,8k,177442,1c5070fce08038cf1c741d4c455d0af5b3a14a6d6c3bfdd29d22fa0f034c9742
train,4k,31086,95961befc8319e1f3eec7b995dbda1427b71186ae293e4f644babacfcd75dd15
train,4k,111530,0d10d6e15630beb5f790d91b7028aefc946a629494d88ca679f77625c86cf5ef
train,4k,21273,6cd635e165dca8a0c30e06a20d1b360c0515606d465014df98bb6565ac868cfd
train,4k,85113,57fc84d84efbe1957a380398d352c1f2694d039ca52d906ec752ce67bb25b342
train,8k,68607,4fe5fb7e98e0c87d4c437f3b9132693e741890101091cc812e873f700e89c2ad
train,8k,171044,be396b726d44ed49a27c837ce39d14c2b42c38b2e2e209e7bfd0cd87d3e8c0d1
train,4k,75837,962221adf065e2911e424fc6c4342cb730c3e61fefeb1f9056b51a4dd134b309
train,8k,159723,c710b03784bb5ab1c2ee963e11df8948a1a78ead8b04b3eefc822360d4a6005d
train,8k,145044,a53114d1550b8b93cfc1c008de9d70ec2434e09da355112cd5c1841c3628f25d
train,8k,160738,bf99c3edac07ae1c6359ea567c2ac333e145bb3092c9c9d1af08fffd95b58978
train,4k,67437,e6de46a5bf3bdbf52a05b813e85491c87f952d4897b19af893ea2cd4ba5b0b41
train,8k,27316,ddbf355153b15be739489cb94352d6757566c2ed227ca92aa54c9ac3c70b402e
train,8k,83832,f0b1bd2205c4d0e206489f470a6d170a721dc840be77dad2c66badcbee9378a9
train,4k,162423,35f3903799b565c64159a745c0bc9cc2e3fbe5caab887a482375606601064cf8
train,4k,89767,26577a24dbe02f46f165a151ea0e23967f76c845abb730f34768c0e6b35db062
train,4k,109382,cc5177c6b69ca40bf2a3dddd707071d556892c9a826f0ca2fa2be24da6f3f34b
train,4k,25251,7f8dff4b5a68276651c6f9b8fd68a1e8715e7ddb42d6247afbea6482c666df5e
train,8k,53152,cc07d62170d4fadc3428dbbe634c8c6d0696cc9a9eb287aed393106dafd8ab9f
train,8k,138633,31afa4dbb88d30bdd58aae99b74940c1f1bd183eb13ad019881f710746136cba
train,8k,100266,c7b03d0fbf28e89363f74d57c0eaf882eb627b526367692288d6fd19281654f5
train,8k,49006,39f60f5ea32b2d2d41a6848a741b3c1151cf1157c04eb5dd41093a2018683c15
train,4k,92039,d65cc48327b90f745f34c973b30f167d05572b2846afb5393ff642129e22f028
train,4k,130176,621415d4b43554d6c43b3fa042eaa14cf386b213a9cc21b8c0b29f2263f8b99c
train,4k,72581,c7de4f253b7bc552e037d008614f3de9467dc295b1f5945252402b5cb00f68cf
train,4k,31338,cf92f9385af1297de6da86c5f703d1ff557544b15e0286178bbda5f4bbc5b772
train,8k,170403,3e75ca19c2fdbd982a3e22a85c3c2109a308b77479585785915bfdc939982204
train,8k,36660,f38e8f53e87ded153158ad4800f823619d48c7b264559334aff8f5550b8e75d9
train,4k,170925,2f8da025934a316a9530feed4bf85ef25a65fe06deef8ded3eaba7bce54a237e
train,8k,102250,2e918fc0ac87b00322fe9ed65b1e80d95f8ac7df30ac1711e4a3c2935bc60b64
train,8k,45418,ab5e48926a7a859c83a96d1e6ae0b6577b98d6f77a8c8e65a7183da7e6139b65
train,8k,125617,39babdaace7959edb94523c0d7588dddb74310680263ff3202c39474035984b3
train,8k,7748,d1ca1d396fdf7fe1f9f708968ba1f6c0508ced0ae98cd8e2baea25d16d162d23
train,8k,68617,5593572f763d070b4e89d32b66ea11c477359af5f34123b2b39a7fd0d0a4f775
train,8k,30447,bf501be23a0a09b9a5a0912fe4c5f1ac51a22a818a6d0fadc0966692e64ec5c0
train,4k,158012,6879c0bfebd3678f8cba5753c021cc9aa5f0a5f9a85c400293a0b1ee47b67edf
train,4k,147407,e4d694a3d2f5fb185dd9b9273ce8ae33a569427c8b3261a93703a7ce985dae87
train,4k,160454,a0982b1be33ca27984bde34cb873dbfe468af7a982a08c4428fb718f7a97465f
train,8k,124438,c9bf45bf447908a0bba36aa4240587d52bb563ce258bf1b2a4c85d4161cc1ce3
train,8k,138272,4a0cf80d38f6e8cd7a721de1e22faeda22b271c7cb9382183e2facaf0f5310ae
train,8k,170358,d0be0cea3b7c5c822c0f524c26fd6977cec4d78cf2cce86b110fb49493b1be52
train,8k,167018,9892f5df8d4bdf88944f836f089def4921f56835b0443839a882d087060f0b2c
train,4k,95060,c98f7a8b601f9f53938031e23092b8464f3781e590d78b4b1aeb28f4ba55b496
train,4k,163268,f85b7b90559148974efab94d24ac63aa68a9da9e1289e5f20684ee6341bbaff0
train,4k,56410,3652b4d41fcb5af668cde8b077525073f335e06cf9ab9a8e845672fa5db2992f
train,4k,84521,24342c751385a97af4e1ed6b5c3165f24819a6ee966628ea74981de9ca026270
train,4k,95066,eb07bd5784b70c3f6509daccfa0d1d472629b1a6bfccc208f593e4056415bbd7
train,8k,11860,c78e8a1c67bff053bda272a739f4d73b0d364914ed9f9e9afc89fbadd3d6791d
train,8k,178104,a466804cc51c7bf3e5cc9b47049f77317283a1057a269ba02d144e7920e5ffff
train,4k,19883,d048f14bb015c3825fe67e8e831d71882a66b31c246062276ce634810919e583
train,4k,77854,e45646159e05e51d8aff05916a608c78620384e0f779866f7aba5a5a0e11ac8d
train,4k,101546,bb0939fe8cb94b0a75c3a06e987c5ecfd5cf491d8243ce34af7a18c0fcde4bd0
train,8k,132594,d32cccc5dd26805ffc19b704146c09ae20d4aa5dee8d65b600f978b8e3ed8d36
train,8k,49342,25ea45183cfcee825589539650f4cbd8e8b1d22663d8a14915554a1dec9d4167
train,8k,154567,173012eaae4754a65b9fb5411eef91d6579cc137174822b354241efc113bc627
train,8k,103623,cbd14c2075b8a6302d7c8a6fcb041ca1b8f5d73ca77d24874012bab97c005e06
train,8k,38955,77f69261a83ffb943d54672e1912fc135624d3fb21299c90f8e64de257d13e13
train,4k,174296,adb8a88f6075244b62182753a63b92fadc09939eb51ef90207819d1322385de9
train,8k,154633,a04944d95af75bbe46dab7179e1db3569605dec9360096f4411c59b8b1fb85aa
train,8k,12086,e745fe84a1d86c57d953fc556750caa8ded9c8e14ba0833de65f86858f8c0292
train,4k,90838,22cfda0756042ef072e331f75b456ace4e90a9f833d3550c4438153717a7d3c9
train,4k,20897,848156788a108b549cd367d525c4eebafe72affdf1d1487222b816541165d09d
train,4k,163576,ed29e60e045def51dfb417e711e621eff93072e776414f18f367c1065805a884
train,4k,138152,356acbf6b461eba438c756d7e30448f5be95cf388491b35cef9712caea593759
train,4k,27275,04dd232dd24ea1376d9aab48454569d2b68f98fa3292275caf44703bcab63a10
train,8k,132827,39fd0aab2e5cbe1b2146c6091f027947590e700b453fff2598b1a6be92ceaf71
train,4k,170842,5a7031edbc3e5d0e1e164551978225f2d36de130320688de6e270211d04fc61f
train,8k,22447,8eb25ad53498b605ff8b82217de6d4c6d1b53afc310d3c106a80d0ce7401f233
train,4k,52361,53c757fdc08ab24213ed29b5dd73a523005cb82ff5749d129475b25aede62576
train,8k,54343,89507d2581afbc6f5cb5b1fdb5eb46c7e8991612d36001c1f95a72516bb4f360
train,8k,144651,f609d1d1c0e5effd6d66a4dc029f28f9223abd7b46184c610bc11ab7b2d07e10
train,4k,102942,767ced514fd993cd660e9c6b981bedb50df387a030defe2ed58640165ee49481
train,4k,137384,df489c8997614cfb3c31aa9c7498fb91b0c727627b13766f4ea8b0c33e05bcb7
train,8k,104174,f9704ec9d9b44b44df00077b57aa44dcde1fce483f6ac4acb0fa1e03feb2f8d4
train,4k,86140,90213922d4cf196dc205a4ce41aa0f574f38d68d99d9c2317a6f778f35e2e941
train,8k,8667,80953ecba03e272362cf1cee6d958873556e561affe09d36b7de3c8d1867e231
train,4k,21065,8205123d8ef1ebc2ab97abd0ab1ebe5eda187e6d942acc531d4ffe4087204bbc
train,8k,74623,b780e6b2f2e6c5e11cfd5c43d76f2ce053e8e253bc86c20032dc8199c23d9036
train,8k,160899,ca8709c6be7bd0db0980a972b9ca58cda70203aa17be9ef34dd317d1f36bb3ad
train,4k,72030,501f638b692bfbf2292fd9a8b4d945755cab65941a3d5df1d7aef37db1789b3d
train,4k,64826,4d5170d52b5be6e556e404da2db2c781d65c0bfc3bb3136511a46d6160a26522
train,4k,24340,62ba2509652ab2eb77f909dd232061239efc24d43b24aed2cf3a32a40191bba1
train,4k,28234,ea2236ae414aa737adc642579a2598698009392c155dddac9cd5ea7cfa5b2ea2
train,4k,108066,e1bb823ff8fa4a0a935e7a6cf20263dd2c13680977edbdeff2e8af882de0cfdc
train,4k,186086,f7de174d09b413e50e5060805ec3a5bee2967a1a5f525d9e5d41ebb613337ccf
train,4k,33018,dbf1931de733f4d8a9861da155216ec251e4a6b7b6f26e85847aaf9d5f0f246b
train,4k,179222,cd682ccc22ca1fe26899b81be2b1a763a4b35877b421955d8a3cf9d8562c06a1
train,8k,142140,494156d52a4797f3d6d2dd1d96df6a386e14de7e33901a6a5a2ac959a3ad3f9b
train,4k,4607,d9ef6d59f6391f1099de424ca04cdd47402ed0d8cfddc73ed55d9cac71ec988b
train,4k,127033,888be2c142938f48dbe6c0ae6c7892bfd058fb9bee3e895d9f2d291b9b2ee3cd
train,4k,161603,b5963b1db60d67b00002689b711ae64e6b64ad24eb576440922e8b22f0adfecc
train,8k,126470,103978867fcb9c54a2b3f7e254ce9c86649749b9e0803ea4c77510aa18f1ff8d
train,8k,38045,ad52b36ca6b7c84d5dc08a0b33617bd4fcc533377b09eaee14b876feef8be43b
train,4k,96442,2689c377d9518277c6d66409a172c21595a885c184e0bdf7c564999b8d668b4c
train,8k,175200,2db0a766f7481c04595b7a35e066505e199b59dc904c12c629de55d025598272
train,8k,102750,fd7d42da1772fb6bcd9d2709a81ea9411739502e7efd1779a25135cb2657026e
train,4k,20806,9d1498dc383276db66a195abba2ea3b6767011ac91406d8fccdd6d8be58af73e
train,8k,107980,1cc8c4e0bcb16335b5a4baf812a862fb911ce9f465da76d796c101c5b26d3959
train,8k,55686,bf952f84df37e341bab0e3188f77214bdaa808f72232c3b86173a2d7a4e8afdb
train,8k,2996,431a585d529866a738ee642a437d020a0f7b624c4ebbc235094c7cdae2ce005c
train,4k,123520,5f3074818e32949e6cf144b57272808d9f9f02e081b9be4f54059da1e8deb07a
train,4k,40749,a94f78a003634855de251064be8e178b3eb7dc151858bcf2a71ce970404a8429
train,4k,111571,10cc09e858590ac9cea9c153bbb0e46b4aa91289e71e2c06fbce2cd3608674a3
train,4k,113018,8992b8c826f6db00d86eebf3d7e773d0be72c8126207a9e742e77e2e3f220997
train,8k,168399,313160ad5c17d2ba2850bb6aa3419e4b0ea3a7107e86c3d567fd86c288e6bb1b
train,4k,169012,05af44d98bbd031371c975e94a5d481cd81d0d3a08ee3aa2c00e49be4f1cdb5b
train,8k,33282,57eadded34ffebcb0fe0a1a9c3b047975490cbfc938049313d4cf2eb77ce8f36
train,4k,170282,8eeed0f3dd3a9561817c9ee5e3a31311dd7bb4b288a51a7b66e433fda988cc64
train,8k,159755,3bd6428c75eb85652497a245ab957afb8273786e36b430bd56c9b39d0c5eb3d8
train,8k,44413,ce78bc206d36ee5890802ac75403d9b52f8dd68f706654bf8ac33297e0104712
train,4k,136394,3f99e9e4668e90cd79efcd0b9de55fd02a939731d4eb02d0f528f5eda54fc0a3
train,8k,29039,e06b995cc6c4a502166df8aaf6433ce1b8c43a242a26c2b5589c594ee1753cae
train,8k,100738,be2b437bc3d2190dc21dd5f34a6085135377e00f8f99eb6cf3bdf88f3b7fe7c2
train,4k,144005,d05501660a7edbe1ef08653c61d903b3e2ed0d2079ca4cf56c349ec009e4799c
train,8k,142086,97c862574f3b9e3fc92d76bd0bacaa7253c9902637cd62306c122b17bf500979
train,4k,28588,fe2a728f5b956970f0ef5ccbbd3ce9d3b03180dbb43c2ce970091b1614187ace
train,8k,161990,a4a8edd661c889f8216ca33ac0ce623cae7943ba95a0f76036d0cfb3dbea55a5
train,8k,13361,765018731f40c7956910211fa491b97f0c7bc24ed7d86759297a1b7210990092
train,8k,18512,69de9c81e532906342ad8e7c0758231fa3e9b504b931ab48c735997d3ae4e3a5
train,4k,37787,c678585c0a84b078a463e415bb3b5852d414476888d62f381436b89b13649d80
train,4k,100621,c0e23f97db10ba44143cb0c94b8d1d0a47b1bd64fc26a2c2eaf65776a35efde7
train,8k,121147,133d31e9d72c8aa8d8bf88612003c22c0477ee93871b3e74199550eca840f1a6
train,4k,103310,f64c99e846d590d016fa74535accc07932dbd3b8374ef3dfc86c3320b7c12ee1
train,4k,141494,48ff7846319770eaa6a74e40f9db7de94ab0b2fcd5360e0c2037228094392885
train,4k,144697,35865e6b9e89e1e0847aead1b87e1e421e617694f3dd9eb6e61739c9d9dbd8ad
train,4k,78309,2b43651d7dbd4ae140ee1e584428cc08d0ad58f084093c56a59a026b7d4aa543
train,4k,20405,fda30a7f865138fe3a36e200b1aa99ec878176b5bd27a276f3fc7424bd5a70b7
train,8k,73686,57353769344bd2d9790287e130714422f8bd8955c684c4e2a1e0229e1973b8aa
train,4k,82063,c94302aeaf789cc12693db9808a316c7e6ee286512adf1674e352145d647fdba
train,4k,53817,0fb8a6c1a0b1fd5be85a5a3ccfe68f5cc1e2affdce90f222079bc5aee8e5c536
train,8k,38662,a2f4622cfc6062715cb2c2eb0ff3fdc6a95c1fc6a5aa586ede360e2e8e467496
train,8k,139951,969e7272311e74c96050cbc43222994015600bc68ce197e0a63526f33753b3d5
train,4k,99546,c90d208e2aca6f665061fd7bc02564854edecddd6dc9a68234ca8ef5e2aaa054
train,4k,179762,67ab2a984318e2b1f098e2e6b1a0482c51c3303bfa09f416822bcedcb32d769e
train,8k,104225,b603293498af8a4626abd526acd725733a14046351e93b22000a3619af865058
train,4k,123345,5a1f03a7363d19815035191fa5dcc483a7e07480c3473858e9514a9561c6210c
train,8k,20427,c18b7d46195dbc04fcc33e062a75b58fcc83780ef00faeb601629edf02e81e66
train,8k,11951,8f0960dcddf2546435bfdf0d13674adc2cbfde17685934d340f86a398d22d198
train,4k,169391,8d1d65e269e81191bdb24a6311b52ca70185f6311ceb1f14909cd45bfcd6c025
train,4k,114894,db537937a398362ed6e1d6509bdcc005a7f52a5ecc5d0e75a64772dad0dbfa8c
train,8k,19639,959f5a90561fd4d49ee381711e6c339efd0f06f423ac00d6a31912a0f51fafec
train,4k,184855,9e2dc2743bbb6a0f859721dd0d553569683ab3693f6f399a8183f408e2fa29a5
train,8k,14749,69bf444cf5988aefcfc9a4fd1240cf885f5a24ebb3b4daa1fa9cdcce3e1da9f3
train,4k,49770,91b4f997f103d1fa9b7a2d79f7636ee26aa3935113cab272838d588ff8c76fd7
train,4k,86883,45cdb8503cf3cbda11ed9f03b7e1562bbc3beb309955ca69bf07c13587028ccf
train,4k,84558,420c8fc95930161e6d613837a97a9c750837917fce7ad34064543d57e8c09352
train,8k,179637,e195488007d96aff3bdc69a4b9ea0cb2f0430821d7b5f13d26cab64b6e1dddc8
train,8k,11012,c3e1de27f59d533e837dd060d956b928d36d03657c8ccf9feab88715fcfcc5fb
train,8k,8354,08f86620c3ff2de541fe38e49a2fef41d710382b048ef3d448ce9c9fbb1a5a66
train,4k,66191,5c614a85617d285c16d232863b5964251aca2bd77096929588265d47f57fa41a
train,8k,25615,af304bf3085372d172a9854e3f30849f74e207a29281be8109e7a24edf88e7a6
train,4k,142619,c42d901002eb87086d80aa3c65cf1e03f50cefe6fa3ad5df61fcfc11a5b7fb15
train,8k,139225,598536c62f43a62c6d9f23973fd224327298af7a17114d5cfec1091ce8f747b0
train,8k,120152,2d324359f3f78bf57b41dfe06f529349da1c1ead928c6286fdbfde49e7799555
train,4k,87655,1214f5ea423c5771356955849d6b70771fd870b0726a26c34f1844aea6164551
train,4k,125487,8957cbb5033692c44500f12a1dfc2af28808494df8b7bb0bd71d816a13d8f9b6
train,4k,91290,0418657ac5d69b3c456f3c09cb945603092abcf64d3845009006a03c2d79e44f
train,8k,167918,a92fd82916f703dfb7085672d34d2b909970ea0b222ff10b20e8d6783f321e55
train,8k,150774,184338fc6b949b65a0e358b6ef12947430f4159004a1b93c12c33678d9d3daac
train,8k,148646,88ad6975c9cda6ff349f474ef21cbbedc986edf208f98ecb2b88c9a5590d41a1
train,8k,50474,54a47da0519c7f7a12e88169f9eda1d831e841b2871e5a821473fb982f4bf17c
train,4k,163341,7430967b939477a55dde5b69969817beb4affffcaeb9e31239af5ffafe2a9d63
train,4k,10354,f61c01d7e54850ccd17e7d57c6752f2d27c297bc0df5394c66271ce5b0324553
train,4k,13297,f1532e79eb4298a1b848658f55bfaafe61a7e3990afddea1143a73d15c0051ea
train,8k,150835,c233cbc15810d7aa4e833890c2af93b0061b6b93cb59f61afb6ded06c155769e
train,8k,152284,489b144ceaa1033f69d5f9c7ee0ca78dadb567e01b98ed27052cb53c0e744332
train,4k,32086,deb4f74affef8f4612ee9cddd56f75f0e5311f7a669148f57f21d4021144da93
train,8k,3885,90aefa3d03796fa589dd7b033cc99b71cb763367c8eba0a04113b16bdcea2062
train,8k,52975,89175856aa37ebf37341ac4e74a31c0aa9c42d80ac78f429c0cfeb40d21d9862
train,4k,14904,b51383c57cca4d0a570d41af91501bd792a785e3f46c00fc844355083d114d93
train,4k,111409,1128a067c6d9cb71ee3a4fc7df6c45620a4eca400533bf0f24a159d2230ba487
train,4k,177184,29a19c2d0da54b426ad25ddd0d582b6f493a94e067ba373e5c4a8d1e49be8d71
train,4k,36484,afb9dd7393114f6c99d22ff1a6386efdaadcdf2791b7a58f6c31539963b0b256
train,8k,32015,da8f87d6158291d5f5692cdfe235ca0fd124899119f5f6b2518fba623d43e0c2
train,8k,38399,93f0e27ff03a7a62a612059bd0bce50d27840b9441f88958df7709309ac60d9e
train,8k,121407,dc058019f5d0e42f7947f3ed37ed47bd09fba26632552c79bc03711025e8f685
train,8k,3592,59d78964c60a9c150cbe3ca82122fdc57bbfa8f391dc5f22682c63cd3492e41f
train,4k,21069,dcf91ae8c3339d9529fd5d9b1565788bdafd63c1c88b89320fea3fe7f7813ea9
train,8k,139313,d108821c6092935001f98d5dcca8c8d760b83bb547e720f5ceb53658815a0cb0
train,4k,168432,8ec502002f04247ce2002de2a8df35c7247b424f02748a0fffe5c6e3459fda07
train,4k,172129,731d6ee3e6833c9e08996a60d2ef135ed9be15b49b6c255038acb2bc9738cad4
train,8k,130434,7bfce3cbb7a61e1f84bd77e1987205edefd8e906004e6c7735edda4a1a247c49
train,8k,65822,d5fb644e18de1844ec62df1e9cebc1a007952330f646ea8ac21cf1e194c1ede7
train,8k,40339,ad9ca3e8cd7ea459477c305268a9649fa79313372d40a5f561c4b54ddd5af334
train,8k,155353,c2f4312ec6bef9210a3eff56c48a7ca2d681688fc071e10a98da09fd3ba521ae
train,8k,145993,0af4837513c5bea36fe91a92bd1eb2f6415f91cf72760be72d22b455275f16d4
train,8k,74293,95ba89052a809950dab656fd0a9140a0ef9f9923f2bf8fc3a47681b0b8bb28a1
train,4k,154554,966d9e14d15b46b40ecefc0a0d3982766939a567cfa2ec79315a8d9d2e6199bb
train,4k,32282,2d2f48d12e8794a65967a0d40ae808c11b777111b20461b8cf82999beb407c57
train,4k,105691,38a1d51edf859ab129ce9b97682033006e9f15171df540d861c18c9e7d4b654f
train,4k,156888,101c70982026887b285ee91d8fe83399b39edc0c5355078ac318c5432abda339
train,4k,34925,3234a448a8304e871d90b6b135e0780d1f3b035b075dabf9a5ca3cbb7d00f10c
train,8k,116433,4da4999bc39ee1af2a3235c0b732d87f55d83956f012578941c69e7418d29ddc
train,8k,131494,08aca685d8b36b28f39d766088c524e1c88298d71f62cf1ef2321b343ecc7efc
train,4k,166947,76e0143c916ab033a112fc9d55c5427e56af78b7b08ba7fd4689d1e1a6e54c63
train,4k,50646,b4f40d837e9716a0e5da7efc7391e058cf851a9c560a9b99e185fc5362740e90
train,8k,164276,33c374deb9c8f60bf715348b55793d461c60335891b93bed8803c36ba399d63a
train,4k,166184,1259e61f508c4e83823948f026f14a017fdfe2a0a49a59e0b0fcdd4b674575a2
train,8k,180320,a82244531909571387cfc18b4d0a187d4b95bc6b065611976c6f5f7eb63c51b9
train,4k,107979,54ee05a7a28a9a139669fe81619063303412cf71d3237c2b5c0eaab9bc609607
train,8k,60414,c6b7a77c7f9438c3cc63ecd6179c4a5a16f1ceff527f6fa3cb4ac5c3e71ca753
train,8k,17653,4a4979ffedcfffe635dd57f0c81131331c6b6680349b9e2c1d4b5099bbd262bb
train,4k,67920,54b0acc87958385b43fe6fd18e66a1a0d899541c1686be97c08bb46f9f1668fc
train,8k,99430,70560a242da7a1c4654f710682ea97100d7f794ff5ea0034f24fe1392a12d06a
train,4k,78628,b8a4ca04af55b724427b905776e533b55172a4a7b9739dacc031c46b85665f66
train,4k,128791,d85db7abff565e349fa86ed592157564e2393f51041f622afe29a6ca77b239a0
train,4k,89684,80747184a95561546d1ccb009a948156160d625d7bc4b5cda13ea392414a697b
train,8k,36058,f8d8da6c178683f231a5bc8a61e4d0ffc24bcec1f55adac16c8301549ebf161c
train,4k,48835,07b21da82427577b120c2715a58c2b9ea1926c4ad6aaf6cc7eb4bf1587de5ae4
train,4k,13390,f8450388989f4c8a967a55804115c463d2d02f999185cb187febad71337f8fc4
train,8k,120881,63ac20f9be19ab29cbe733341af649c0ce18b18216e76a21cd40cb099b60f9b9
train,8k,124714,1774eff6f3ead356a5f8c52df63d0dbc711b1c1d323eb93d1f1c1b606e8e0138
train,4k,122702,eb58118273921a44df1ab4c9a0159e4fea226ed028d8295ec8cd4806b9bb7416
train,8k,120785,9e4f91a91335f3b6cd0b7bdda8807fb3ab153a176072e5f5f04dd8ba9c90f3e8
train,4k,87236,f06bbe1a2bccdee71b1df9d87e67a83b93a9d88c6da920d288ece33256382dd2
train,8k,129543,9a052c3152046f9c92a11c106df665aa0a98bbfd2640307f5c214d825895697a
train,4k,134007,eca26c9c17169c2b6c32f6d9f1456f4a43387bb8f678f2c6acaa8d52890154c7
train,4k,40079,8b699bd3cb7244d340e3b41bdc394d8a3a4328818cb584ba55bb3bc3621cecd0
train,4k,173631,6ee7336c4fc41934e3907ef7e6dd24851b889fa3bc1e4ae024cd67135547c60b
train,4k,37825,261004af3c0fd5c77b6e476cd25423e423d222446697383f1d935fc3ef29b734
train,4k,100592,c7b6e9bb266af6c1f1fd724f76793af8034b077d26292a0263f156b005d6d29e
train,4k,62037,67838e89dcbe062c92ab122295306a7adcdfd53c50f7294ff43a863da7acf118
train,8k,156597,7ba02f59120e5af3e389b47a78dd278560aa3e090e057fa2fb2e69ba561a3e0a
train,8k,118321,37b103a7384d2513b3ad5117cf710bd618b457951f4f637a54f49899870411d9
train,4k,166489,98270e34a871d4dcc46c0e892e5fde8d8e5b26a7871b7f04b3e63539f7974612
train,4k,76002,86af594db79d4e537aca545428155758186831112b706e1faa5ab7c402614173
train,8k,77779,17a387389cafb7415e102a17bae3ddf75815d9eecc41f21496099537fd8e39ba
train,4k,5452,f471d8efffc3aefbb172402c900ec2bafb8911eae43ac52f2de70df3fa33f309
train,4k,72505,a4d6b0da72d439d41497fdbd5970f51264af78ad7a9ccfff1578e772ec3eb564
train,8k,54979,9b67cd1c312171d7baa67cad47ef8d4c3559873f9855fdf816ab635c6c8f9dfa
train,4k,100884,a20af8ce7f42fe8abd3870797f45883a059aeb6e7d4b4cbc5ca2209f5d2c5447
train,4k,1646,9ff97857d2c20baf467e94ef70ca66492605715948f13fe8a0d39dce98d2cf01
train,8k,97422,931dc16203d937714dd45e7fcbe0ca4992813f37dd71d56435bd2f960696263d
train,8k,139718,5b52f257039a94121dd02f3e0252ca9aab18943b7bbc41143e9ca0833e21cdf9
train,8k,39291,588614c2190ea5689c66e476e2e5d966f006506929db8aecf26e23b95a4b122a
train,4k,5707,101a006f7473fbbf37556c7e2c85beaa0b854ece7367054b55ede6bb541ccbbf
train,4k,106106,16316a762085c4abc1993720a95769c99308e2eea5290e457f77b46a3e047d2c
train,8k,5390,1f25515b77b61f80c55a90144409d40a3db0f89e187e738099e5d03ed0ee66a7
train,8k,171964,ed0d005671529f44cc204a29eaf4bc111db63eb1d89f512a2efa228e82a5c592
train,4k,77013,7957c1aec4294b70eebbe3737aa7e969bc50d6c796c66be86fffc8dad9ea34e5
train,4k,82062,ff52d7a6d2c1bc2ce6adcba44d389dd9e68d6ee92ae92eed951d29b486c43826
train,4k,77596,ffdfa9f6c18682c2ea3fd6c885462304c269b6eea40df522b567e9560618d240
train,4k,110564,c6c90975b2125d06b7bb5e4752cb7224a6b63acded06f8a1e4ecec3015422dd6
train,4k,97343,2ace12f6d0f2653ad16c9128121b1982b5c6fb2705122b67843215ba0793a877
train,8k,179595,db442c070f6b1cc0b57e27b5c69d08795ccc267287d885dabc45c16ec686fb18
train,4k,54630,8f37d6d66718dc3585ae4ede2f3dbba1041c36a5fb2f894dbaf6b893cc1d63f4
train,4k,3251,e9079e4778fffc9e4f70beaf0ce18387c1b68ef860a2c0be8cc333f628fbec2e
train,8k,42094,d417f2aef39d02308781b68ae03b602ef3c522231d410f12595b650219853b61
train,8k,150595,f03e2b4ec12b6adfe4ac5eb5f1ce2008207eb5a18591c7b112448a99bc2ce0b0
train,8k,171560,dff761c10bc8cb9deffe22b5ef09ed0c8366645e6707d8825561683109dc52bd
train,8k,45820,ee930bf8396215ef474a62e7002b4628c01ffc744c187c0bf41bd8206b695db0
train,4k,125053,9a185a110fed2d653ed58fa8b0345acb7d9ad963b3d914f6add5d93897fa2c37
train,8k,4715,daf19406e9165f6bdd174dc046de47f67993a13cdf4f9e2a962b0e8f82bc8a6d
train,8k,116870,9f9a06b60cb2f54592b8318c5959cd478e1c0e89c2f2925ba213e9fc5893a313
train,4k,34080,76c8e2825048452a4c00365772345931da9d09d466840d4dfa6d389ef10b2fac
train,4k,182293,057af834728f6b19766792b2fce91f71ab6207731a6ba58c29c62959d1b82dd3
train,4k,58736,9f040f257357232470575d43d19a533f555c8080d84b977ce0f09519e1aa3d2e
train,4k,151947,898852edf285420ac0f74542986f75f4fc3f279b7e2180eee9a8ec19ef184a77
train,8k,114087,d298c1fbb92e2d71cf6d3deddd21aeec14322bd7940998bc05f901810bd7cecb
train,4k,69259,6e55353f27d700a963299520430a39cb1d6e794c370f1f282423f563e3211c37
train,8k,50648,4bf24701055e317dade492619539833160bf6042d53d04a0c8f5b22facb7127b
train,8k,117549,0ae8607505e407791091e2610f15dc0d856679f16d98a2b9f12a356dc93909c8
train,8k,65007,42bc61c5e7903f1ff564a8d5a1d0173e1811030fc5ad159499dab06e86422fbe
train,4k,155134,532b0fdaed2fd453b948626426c4d85b60913235ed0cfb444ada6323bce2bd60
train,8k,175088,003426038be7effe648cbe51d8fb4fae494d5da672937326728a8cb1604602c0
train,4k,1848,1ec69e206e328bdaccdc5a6ab934e11e96e01a7aca22d0337e087be1b6e78f8f
train,8k,129153,e8bff3fb578bd0c7cdb84b20ac3d40d1b2550507a403097dcabc804c803833e0
train,8k,178467,0df738fa970752c7bf9aa3f1ee8594c6b42893978933aab7591badf734e268d7
train,4k,22673,a22523ff95487ed76728685d68c101fe0fb343b392b68ffc71ef1330b748256d
train,8k,26900,1bdbf3d85817b777d713b4ccb5aaa73207070c31dabee121a8d0be6cc795b450
train,8k,46395,2efc5e6f943e1f727890262af6433757cbcba4c20c0d9e3d2cdea134e056ce43
train,8k,34185,d16a6451437c3e54ad23b43b27055aa9a786632d35a5f5755d21a2f7eb4e99a9
train,8k,56948,289bd089170075f822c6465c1f783658d6e70d46ea3d61c73297657dcac9338d
train,4k,4271,223dfdbecbbbab08b0c50be96c184e0ae63967c66310fb6269093b1254bccc4b
train,4k,105174,b8908c87b7e554dbd32353309cc3d935289e2905aaca53744e5a0d00ab98bcc0
train,4k,165974,3603f4a7fb844ffc557ae9bafbc1a0d2864ab9ac10ab71e660506e26bce3cebd
train,8k,104920,abdc92ca6cf5b5e6d4845eff2dd4dd5cb1b6c2962843db2ccd3b0317693d71d3
train,4k,63023,e85069b1a9844d4bb288af5afcb8aeb09b00af4d185c48acabcb30e81290487e
train,8k,63432,3fd0453315541db751279ba19950428c5c9188bfc5f84f8c2c82d3c64081caba
train,4k,38971,81e61ce286d2b38949f71e84bb72602986457c62a628d141d6b4cda69349f016
train,4k,59818,8144319a6a06ff5539297ba3ba0822107f427d2595d32ca4b6cccd1479632fc5
train,8k,133314,f8de8a65239a0be0615ba5dd861079b6924ad90f9803a8b4314bc0e704fea263
train,4k,63260,8eaccfb347618cfdb3f294f7c078d2344a3f36c9619c449f4d8d2818a33f75d2
train,8k,20749,fdd345f9b1581785dce6df4585ff336c93cd5f79407e36965a2ccc3ecf721e47
train,8k,63373,e90904149a8d9b10008db13493ab8cb09013584e77b1575bba674a58f975136c
train,4k,156440,e16311df2bbbfbf507b2d63ebab4df326c54a4163b4d8ce73a203d07ba5c8cfa
train,8k,181847,019a4ccec86a9be9e125881d0e76acda33bb4c3b436252f60f4ea0616f5a7dea
train,4k,11391,bdacbdf3bb9dbda1ba6a39985f2d167d20e97dd0bc34bcce234671389470a4de
train,8k,115503,e5c8e9d636cbbadc303c12ec53cfe49c7ea7a7c1e045d5bdd3b0e05b2e7a8c6d
train,8k,48221,732b087257864d04a1c7772b210ad9d56e2741ef00abcd2e35ac8ad31d47cf66
train,8k,8055,c839633d21b740e327ba207fdd1a3bbaefe5e265f3b23a0d420a0965a7465373
train,4k,134600,0f582229e38975cce04e6e96a9b6cd14cc12564e96f564e6255f9aff4229f705
train,4k,85114,b8630e38ae401213b607ee8c94c2714ca7e479b030efed0e092f3bc3c6bea49b
train,4k,121961,a646eb0463ca76e50dd6ecc364f5f9c92c5a2a3725d32448de0728f54ed1d578
train,4k,132177,9a0050a2b2ee86203e93e26c7a22cb12c1d21f41d33dcfa5bb305398da4fc6d7
train,4k,176058,417df86809a84e15aa47830e1d016e11397ef49bd55bd4243cae61715547bf9d
train,4k,92259,b53ad7b14d11d81fe268d5c314bacd4da5e5157f33d0a9feb2bb572a5a426b52
train,4k,121845,4cca6f72749564c528aee48dcd08c6cbb2b4b3af692f2d30fb337f1a89d0fba6
train,8k,102857,85fc70a97aaf1eccbe6de6c2163cac9696e9bcbf89f834f2615cf2341c304a88
train,8k,3635,51c7ccd2e55a7f6346b269dbf2cbc550876dc41e3aeae0ebc2502bb98e7ff3bc
train,4k,84628,9478819141e5280e5f1f22be79643fd21a3f6ac50bbd9b80837514e7a0b0952c
train,4k,166568,08e36973b70c83d62335015a854975556798ed438ff59ff2a303ea7f3eace07f
train,8k,100180,e7c6edf826ebdfd4d5adaee3ce3d906be2d0b49532f1ee400d85baca90778543
train,4k,64053,36ea686ec36867a7fdf0ded56e43bacb4c0e59a7748f33b40a5024e6c257b213
train,8k,135541,98c878b039989d9292a9d8b86f2feb5b2bf6f8226818f74ab229512ff3dcc850
train,4k,9678,5150c6de9c2815ce5efd9a09db4532d64bc81178ec7d645198513905ee46d0ca
train,8k,113255,a14c3432ba2e3045fc62c62f3954cc7a07f079af084a4b02b12cf0eebf53c554
train,8k,158713,9cc8b57c97f189af9715fc4c58056c0fcf5464122fa9bdcee49fc09d7bcc8b80
train,4k,47811,800eea0b60586100b49dea958fd3a28684b116dcfba218db78beb8101fc9362b
train,8k,118451,670090b74bafb6d2e2480c6749e79f3e6c97a131003d2546dd9163a42650885f
train,8k,33630,08730ad55081e046e86504f1721ca6d672530791b6793eaf59ac19401c34553f
train,4k,123497,30b7107ffe2a220d57ec65af7e6376cb173fe9b1661e54a76ad41dd47abd288f
train,8k,95296,2be5cf33a2d053dda960559e5283817fce704860a2633688c6e781897ab1a15d
train,8k,21510,7df59a8d6339c908b6ed228040fd36cd243bbbcc5c9bea447a74c39919352e80
train,4k,56642,2bc2344fc8a3e2d962b4fe2cd3aea2d3a8702d526fa4dfc671f05d0caff25d09
train,4k,166265,a46152871e61dfa5aec2fed81791b4b51dfc74f1088f3742bab24b0ce0e5350c
train,4k,86392,1f07b46031177ff380405ebcbc0a61788dec6768d58bf2d2d962d514217c9b00
train,8k,103227,9fea353a3193bbb8606f98dafe4b61e8b696889176eadac23d61c4ac484e0f92
train,8k,158096,b12d213df8c58f36e92256a976b398a89f811b363e65975dc6bd9ab9d5f0e836
train,8k,164372,e8e840eb652309438f7377fec3a6001fe2b3a356589cd9c43617ea7f21bf66bd
train,4k,100448,cc524e6d11d213ae73421c5e1988d0c5c10d6b4293c83e0879abb280ff6ccf41
train,8k,63702,ce5455ace56cfdcf5b0963f8c90cbcb22e64b241510bbd231fa854316051151e
train,4k,144901,293544eb6fac80400e6cce39b8450a9a4a6a559948911c128c7bf6375fe4b0e6
train,4k,56836,26271464ee0c9e060617981d5c4f9b2c0538043b60a4a0e0aee8d40fa28d2d1d
train,8k,83892,e796cf72df7d15d4d00c34e6601aeaa93bebbda5bb07e452bc0a6339aec8cafa
train,4k,147050,c7cffdf3a412ff9b1c5c5452218dfa82f90eac801a0f5483ef0ecc0e99061ea7
train,4k,62548,8d9c80f6cc0e503390297e3719c498b856c926757016f228be25b7cc19e1b769
train,8k,24263,8901ccaac47f622c7d5db1765ea7b2e725957b472ac0de6b7f23e1e221645d57
train,8k,58194,e99905bed5b6d3a58c343258c548976f09cf17811b344e11cb3eddf3cfff61c1
train,8k,145983,ccf892b21b38f8267746fcd701afd580e228beace043fd9ec7d9de6f2b5fe495
train,8k,134811,f3eb295b87e5e9539759521334cffc61db09ae90e928ef6a5a9f61b7f1e3706a
train,4k,2246,faca9cba0772290d6f9cdef970c9ebc9ab84632c8fd4330cb9dc3b029bc81c16
train,8k,117350,6e93f1ef47d9ff570eb156965241d3d34eb6590dccbbbb1957d4b000b9b18f76
train,8k,25776,41a16a8feb8f71c49d8a6b58036b42a54e6f09aff52a5320102ec5eb86e96fdc
train,4k,86276,49d68c2cbc9039117b463dd48b23bfb23bcd6c76a708e7b90672d764fa14827d
train,8k,167429,eb05fb325237bafe100220f36c3ff78820290391622a48a883c54fe3fd98bde0
train,4k,35716,d22db4a6a85540cea7d45a02b680aef3eec2bb69b5af8e8e06291e0b7c651b83
train,8k,87665,e773800e252a16c5cf0370d2b6e5ad554a66eb92b634bc6d20e076916884c5c2
train,4k,110340,4717c3f9e1387b94c4bdcfe3228a671f4fcddef5a9e7f3ebe4f0c4256bfb53e9
train,8k,126132,ee0c4d0667cb6bd3aaceaf646717299706d3be0ce17cd7feae607550a9165aad
train,4k,138147,2ec6a556b80b5590e9753dba75a1de0cb97706d15d94268702284877805d8c99
train,4k,96409,b75c4c88b6d1dbbfe02c506ce4d59be3509eb6ee050b9366ee90b6ee448d7907
train,8k,23989,a9123d9d53a538f9f3b2b808a1448dfaa14168839c213e376db06b7a4c8a8ec4
train,4k,43452,298f37bf09922b008686c3435bf815ab000cf52bfb2073e6fd7ad078a618dee2
train,4k,85933,2d11d792c9362e205c9ce74cff0d3416502131e2475ce6cac226142e76f6ab63
train,4k,78902,7268cfbc2ae0ab532ff2aced66607793360a51edbbc87edfd7434b372c873b6e
train,8k,103093,2bb761e040ec4a9d138cd49f983dc5b21b30015df047538c3756262c46327f5a
train,4k,157899,f7d5ee54ac6fe08ffa448914c3df42f56f1f42b4bbbe7d33779aeb8e1376c03a
train,8k,11618,b984bb87a4bb8f1c7bc1b7401cbe9ef366e288ffd931fb6ac5569d379a17b4b8
train,4k,82513,38d850e705b8759354bf8747b4d81e544f98ade9191365251d6da4f4830648f8
train,8k,174692,df50ba7d14be9b090514a8376ef5a6fdc9e2e38819070e04b2122d48bf03e3e0
train,4k,9651,296f8978567508ba5a920c630ea4dac1b7c23aa8c7489265759f4cbe0296b678
train,8k,105169,a5629fbd3ac96f2e11700c1bdc4aed619a8c2460fd6159aa17972de4c698c228
train,4k,78696,951ed5bbee4644d004c18086ea2baeb4e4e51e5baee0a45e21dea1d0efb40e78
train,8k,172336,191b7e096fe0d0f0d89ccd623e303e60217655f4b5ea4b68d237f50ebd9f43b4
train,4k,93688,a003a1780c373477ccc989b0506592595f92e82b4feeae6fe7ed259842a59cee
train,8k,135053,b8c693ef477678f330ee356db90250aaa40467d96d34ef78a23ff8588ace85a4
train,4k,10900,956e71963b7490ddb4aa0bc05305715ff5ef268f6f1ca73ef47c1dbf7cdcf16c
train,8k,126548,5204301d2ea12d4c9b2738322f231f398dc0ae089d9342da09fc267367588c4c
train,8k,123333,79e1f4f77591ec07b005c23bfcffbd9c6dba4affe018b73526b8359da5a70457
train,4k,163781,6f7ff462591132d8be487e32ceabd62266e2770da50885a6bd0d69ffe8c7fee2
train,8k,18799,08ca01c001653be24d3cbc1c6fedbafeb5bb3faaa8688cd0e1c546bff9b670d7
train,4k,98046,d6d0efadfea153e8209f55b872014411aa1c7f40e264a122529df466c9f2f845
train,8k,57241,8f0bacddac65b15e080d8900dc539f8e02de7ea365554ba542a6cf93fca3e9f8
train,4k,42111,01496bee9ccdc2af8fa9a51e705b4b623553fd5ba0fc627c0ba78e1573d1fa81
train,4k,131683,b0359722af8ece27911c3711e031655bc50691c88447ccfb284e4ed9bfc6578f
train,4k,129649,d6f766e286de7a28978ec455857f8c67d35dcd3dcd109ae4dcfcc676e73b44f5
train,8k,98440,a335a1adbe513df694fafdffc5bb53ca2d614bc2794f05ad85b79635eb3a94c6
train,4k,118558,3ac702ce13a78402c45f3f977a079808cb24dc9e6a2b079bea162900b3a88bb3
train,4k,136797,96b65e31b6bd727c11d1bc3db262465901d1acd0fe2d722cada9aa326ef7cdc7
train,4k,132894,11b6337bb00fe6c65372c4bdfad911fdf8dba854b132be6c299ef333947c298f
train,4k,141569,818a57ddcbc41dee58aa320ff76ebb32088c88f5553aecff4b18f230ee33d3fb
train,4k,164085,7c2ce794edcb652a60009fe3aed16b5398043df4094464ada8fc54fe35eb3453
train,4k,121010,18824f411f6aa91f3158a308f543281af4bd244979fdb38bea7c209dbb15e44f
train,8k,95955,799270b5b3b7cac512928678aa514b19c3bf4ad8d58d7916eb64eb2cc2e29b6a
train,4k,64157,4bf1e226967568654be290e2a6781389f3f4d7cbb5e70ab01f02f5809bc1adc7
train,8k,163462,cf3fc828934f53cbcf59eea91cdcaf2beaace5c1e5a227fb691de971c4b6572c
train,4k,97114,7e9dc70f43efb27a76303924598b83a5a3a14d5334bed9f9626459554f1c1cc2
train,4k,106502,2c578ade641051187414ba8c4a394d5ae4e6326ac7d3169a35c3c1fa598eb471
train,4k,44098,51ada53c56c89badd347ac7052fbb034de1d6cbf2642209a3f92d34dc11d0910
train,4k,168307,fbeac10237be29525bfd493b748261f681fe5d59652f5d7a5d05f77bd699f816
train,4k,62768,657212ec03b7144fbba1436400794a3f6d645ab8e0c4e9a54d39ed5469ab2f31
train,4k,155239,9b5b2c6979db7b4d1d76b14290d6fc03c669b44091318e2e96828b792c8d8ffb
train,4k,151486,3ad9a01430a4d733df5656869ac8e533cdb378a91b067cd4cc01ca740da90a70
train,8k,91680,26a47ae5f849adffb880dae291e1e56c5c0937ed2b698ee1558bf5bde9984a33
train,4k,57693,5be54f560f78d78d43a055f8af49c6005b4112023ebba173366cdc8d62e7f9fa
train,8k,150023,1515b4732a2965b5c892343690c722dd8d5d8a779df9972b2029e657cc8a0079
train,4k,20532,aedf2a5222457b851128aa926b5d57f51e86a567018d53a2b65142263663dca1
train,8k,151676,8a745f4d5e68c5941e947ae8269747ed09f6869b8160c83d1527479426ba0930
train,8k,38886,75192cf9ce06ca756acc520eb64477e9968740d4843a62faa424ab2193259f5c
train,8k,85851,4a38dcb140af19e0356a23e6aa65c7f3673e15f70e64f6e25442543e3c8a66f1
train,8k,111076,71b85b96eef1deafd26e02ab7da3a7ba84622c198fa794e5d572cbd43ae42006
train,8k,166806,3175fcfd97c99120b58a2c24a5069a7b76abeb317a42cf22b7e38663e540ca9a
train,8k,128111,4ee09e68abd2066ff9c189ed54497ca171f52fbc33a5f3e7a30214e0cc96696d
train,8k,1727,3e2b20eb3418ee1f00483fc8e8a45b17ba3d7061f8605602177bb8901f8ff4c2
train,8k,93823,6705f6da7241a00e95629baf5fa2db4e126ebc47752d7ec8139fd2778d22bbc5
train,8k,76547,9535bd8f27cb14490bc93c8b2f1812814a5c08fb7c64ee2e51b42622a1bc7b01
train,4k,52346,466d3f07de6b6d2ae96c98c4f4d54e150a4e3820b03e4f3a653ef95b0a5b7c00
train,8k,175801,7e351464fe9a61cc9cb58c9951a50db1eda9dd5257640a125c4f3686d5ce04f0
train,4k,2763,c7f506027614503faad596b44a8eb152f3626c5647ecf8e000c3665b6d77da09
train,4k,175219,2c0ba993299944788753a67de954d19471beac4d10ea46c22a9403af7a7d6f75
train,8k,178634,dffb88673aa28e571168e279baa3b5f0373c5e272fec7f5c5051a02b302ef22d
train,8k,91632,2ea3ceb9b69086b01a57ca6c6362c79bf15c15d3e79d4782511dcb4243a4a335
train,4k,37145,07e474486fafb64913ba7b9cac03ed95f9c0d0521759c8a7f7961f2bf8222048
train,4k,106287,bc5740c3bd9754e627177c0ddd681011fcac9bf93383274e2d3473a87b011fad
train,8k,150963,271f12a0df16ed28d45a908f8b6cd3deb04ae98d0a59e175f7bb5d1772c91d33
train,8k,150680,36fde7f5c36246ac39723da618ab7bdda2989b299f6597aeaf8547032b5b3fea
train,4k,11129,9ae43cdf8528d00f410faf5161e451f737d1d4756826459b9f0941b34d1b1c01
train,8k,60855,49a17385ba806343c3fcf90ae7d7ff58a5e0100944479da9b3daef8aa5442fd9
train,8k,12282,ef1fc5db211ee4c409dcbc668c1d7cbc7b76c8f8f8643ff32aa81724654b3332
train,4k,142802,8648cc6a37debd866c74edb9237592ad9f86dd80baae0d1b23cc21232e260765
train,8k,164880,cc318bcacd9aa08720b685bed4141bb19839766a521b4d70da6d2e9c606dedc8
train,4k,77064,863196c0a9fb68c05891fd472d95d2b8a0cc53c5f7866c38a240495963718fe4
train,8k,34160,b1eaaf918669d762ff67471cc4b11de476b6c1838315a80c028be77b642844ab
train,4k,16133,e5c4262829e0347a468ae45038aceea73630b0576caee7870e818f1565639f32
train,8k,24164,4e874daa4f184bd08d601de29b09620ad2011ddf1c4948b0aee72b517186b5b3
train,4k,138941,dab5287743b66398a0f25f610881fdacef8e662c7a57b10a7c79fe632259eead
train,8k,54602,83e286e6e22d815ab021f5aa6637e9d501a03369127354a3b4390dd36cb25096
train,8k,166417,22c21fbd2f01df34437073d822fb94997f6e7f9c79cb18fab400ca4d1170963b
train,8k,87410,b8fe6153e9e1c8ad1846a55547d296cf527ec4631c01ccf3fa129ce6e08175ea
train,4k,66640,fe0e68bc85af496322f5021665b8a9912688ea5927b58fb328f3f974a005e759
train,8k,5913,adc6d84c3a62d9e9ee602576ecab7532650494d04696cf87b52c548a78b81d02
train,4k,31999,849de06296a5ef68df2fef300221caac3272486a586bda411f4f5fb96e50c1a3
train,4k,19153,8e31cd6a9c8c8292bee3861181f6a662386d5942ad3d14ea0a22a680625820da
train,8k,96774,29765ea0b5487006c9a11e6bfd47e0eefe49483f147edc97f2f40108e1ff79e0
train,4k,57371,4ed0f3de0f86241d758a265c373f5442f48b188d22c4a037dce307ea2b8b6069
train,8k,12472,c008037ff4cf1829ce96f8269a08fd4f75449f480238459707546b80aa220140
train,4k,94746,fff5ea0aea7cefef715fd46729c5efcfa388ec31d5168a04c3b118e600580a81
train,4k,188643,c992cfe2c28cc931beda4149c6965a488c9d8f7c95e7f8d32629a7e7e7060c52
train,4k,149193,826f25c15c766efcbad14b47f8416eabc2ef086fee130b41bf5dfbee8b742757
train,8k,12743,fe6f79f4f2fcb69190e18160c80f5b5adbf1eea5e583fb87fdd69f5b620eb438
train,4k,63,6e5a340c046738412a6e24e480918b8dc6dc0550197ac6accf533d99a5f49c17
train,8k,37984,bfad86da47f6e6fcc8bd15f7c00348c900cba4e09dfc419f24e733d749412a4f
train,8k,38150,14ba4f1a2a732e3a6d1662181849c33369ff1bbf670b4836b562c74a6418c837
train,4k,85915,15c956bb5c8556c729452e8c2963924b93dbcbb9505453c0eca9dfe773245a83
train,8k,87666,3538ca8093d14b4095003b32de2063347cc2a664c08599d28b0b423740fcb962
train,4k,127901,9b564daee0de0f6a9cea3b135a7ca586dc8d5f75351c3eabab6f4f17511903e4
train,8k,169520,bab305334198819081d03c24941e9ab6f51769541022f3b3b1d1834d7de4a683
train,8k,46542,1374938216cfa8c815ba5084dad8bbed2616148730e448a7a39313dfcd6ff0f0
train,8k,67564,d1f7db47970ab7c6233f37f036b94e7135211b4a66007fafcd142fd268f81eb6
train,8k,38329,a23dc9f0e1e7cbae5bacb05897fcc9822fad16013e941a2b913c89c0fca21c1d
train,8k,59875,1c33cb3e7722656aced6995580e64be05735de3ac714ad66b5b98525375361b0
train,8k,22472,b407a5aba022011e3f4998f8f07a10caee08d9fe56815701c2ad5dea7b7e180a
train,4k,174971,524824db716c159a39862a723fe12cb03e5061a3700344ab05260e9d52de9c99
train,4k,190411,cf66caebfe22e5e9746f3c94164dbd92a3bd111762bf1d65b3454f015c48d006
train,8k,142952,54ee589ed61de98079bc6a6ad5f2dde63dbe7f2ef09cae4d0e0eaa98ce7b83b5
train,4k,191340,00738f0227ad134e1a14eef919f29557dafc0ad269a8974df7b67e4744dc54f6
train,4k,77992,7e429e3d34d94e4a3a922045c88e8d8bd152aed54626272bca2186a1f700f3ec
train,4k,48015,d2e89448b72da595678a24fb570a31984c007e0ad4118244182187455684502a
train,4k,77287,7836013d3bbab374f64c61641e6e3d5e6573dd59e9b073337f9caad99e01fac9
train,8k,45965,4bfcbba3faa34bfe5e25bccfbd5d7b11e83c1554cb6c6534c20585882e36232f
train,4k,129780,92c35ae23194ab4d9f34bf19ea41c13f2525b1929cd4e759222a7b94679f7d00
train,8k,99560,c5f9ed00564fbdf75445eb2c47db69b03525eb07ac10544b1d3ee59d798ba2cf
train,4k,141963,a6d9df3714c4bd15a78a75ebe8cc0fda587a14299461ca08eba9a5fe3e503d6c
train,8k,45309,e0241fa0ef2f64479dce59f09eb52c19087d1c9b74d3b2908d7ec2d6fd228d4f
train,4k,105640,e3eb17316266e475dcf5ee0198cd907e978cfae267b5b2c7c9d01176229b4a7e
train,4k,172070,edb92a61c7ab050c2b4ede4f2de5a07c5cf75c07fb2130084b6cd5c47922d585
train,4k,129641,6e28aee7e891d8006e097277816dd85177f109cd80fb8a22bc00aca3ecffb4b6
train,4k,116973,278198beb45dfe381b8d338c1f8ccd0ee650976b67050aba788576da9b3191e3
train,4k,142302,8e015642a58c12aec40dd4e66082b0f4f1a44c5aab1ad238742fccca12edac94
train,8k,107274,cb40e35f387d72abb1f732b6c0b29a6aef57b3a508620fddb0fa852032a38285
train,8k,51981,cb1aac8d43adadf281bc489d5d374a383dcc9c61fedeeab393a988716f1f5b73
train,8k,83021,4bbb943bc0ba7c183dd2a10c61ea20fc4dd6fa7acce77e6cff590897fda00a23
train,4k,4336,5bb3766b686a22e31bc2831c5bd0e68212005c08b8c2365861992e6b1c5773e1
train,4k,154152,d06cfccef042cb354ac1866521f6d8016d8b6ff0d902fffbf24f260076e6066f
train,4k,146985,4845437645315021fc2f305f43a0b4e18ea4974dad359a3afd9ae91563dd8639
train,8k,163535,8d6676b722b45086b84d5c7cd474897921538abb5314143b8783af902582d84c
train,4k,98714,7ad5306cc25eb1dbf3a208aca83531d7c06d4f4ef730d172548169a045172fd9
train,4k,86034,8ea7c6c78da9ec650f3117a3fe17e7ec222519d36e64ccea794979917a9b037b
train,4k,150207,c17cb8e25652400b79606437093e4d7e72dc80cad27049af98f3cfcd9b5b68a6
train,8k,38838,cfe1b74fe3e11d37f429139d28fa5cbc039e26c030d65662a66f9445a9edd376
train,8k,128663,f3e32e6b557f1ba9a2803addd1ee0e54821523effb5038b3ac153eb25904d026
train,8k,73602,588cba456e6eff8508ec55cc157790a20fa82631c5ebb5dd30fee4c911c70aa8
train,4k,95747,14d4724189224065965202ebac75fecee13f6cd82a3c22fb7c33c5907d161950
train,8k,124847,e01aa852b13955c0fad538f3977780444b21f5921278aa4d20864a4e8dfcc55b
train,8k,46070,66dc8cacbab2dbb567643922c1ac78bde2f59661998b2f3a293c8860d2921756
train,4k,12647,57f7224d8d4f0a817a651959a0d2c1bf816a8c945aa684e5191257c4696fd084
train,4k,5934,61831d2cca42bde29cc82a1f13e1907e166ac9564b24897154216da49d6b5a42
train,8k,21543,06021ba73977898b89806278b40db1b89fe4d593dfac970c7aed92b9fd36c84d
train,8k,15648,78b23e129c754f7f51e8a7f7177073ddc9bbafed81b9bcfb2cc58b0bb5ab4c6a
train,8k,116162,56efcc1ec6821287d85508bd288b77024dc41a0f0b727176fb03b66ee7711b9a
train,4k,149579,92e03bf56369ea8adef9491abbb2db03cf360411f5f76c6051bb5db40d90a50c
train,4k,73097,04d048f57cf5cf974c072bf76c62832aeeaf3650e12b8cb918caaabbdc9d1bc9
train,8k,121836,f52dfa36aaf79c7053a9e471f20283e17874e1579156bc92498530db95484d4a
train,8k,158034,ab9a69b730a8bca5317af9c05ae934b89c128162f2fb9f879fb1ae5e6c9ce9a5
train,8k,154280,df448238b85f17c54807525e62361fe5790e4d4af06bdc2455c9e4a582576f5c
train,8k,81394,2f108788af12a5b1b0ff273c340523ab28bce9aadb38070cde414df5d19c10dc
train,4k,32505,80b384325dd3435215f278c7ba91cbbc270cf6b2af367104969e3b6810af1696
train,4k,108496,06a9a7f64633e657ba4b628f650d3ca516d660d826000224f182286fea8fd6e2
train,8k,2353,7c3bae71d634124d0dca8e98b2b56472754272664aa1c9098d455d34116b988a
train,8k,99823,442aa5aa5e746850ce5f0c9d85c4a72752f2dc0ad491837bcf61cde7efb575bc
train,8k,129530,e37075f79615c91264e867ef145715fec03bbdcce375afabbfa9b247180cc371
train,4k,94694,c0ce4bed9575a5bd84341c55a53cccbceda58c551f1b96c5c5cb3cc791a472ea
train,4k,188744,1aa9bc13447e6edf4248ec887c1997c1eac593255445d32530fa94b24a2af219
train,8k,149865,14b521a9b5d52c617a63d2f59c8eef648c36d21bfdc4dc5bc4f32fd00c4dd602
train,8k,120190,238483510d3e34dd7c5641b384642dba2bd0d58ffd50dc82f446de8374e94c88
train,4k,9358,f968e00878d36e4d3c2c7dacdee80b4d6c5bbee186d2c8e4979b9d4e77634593
train,4k,188338,97a161a6e6bb3997f8a9d86cd8ed114114ffb14dfc23fbad58b40506947c569d
train,8k,175097,2772b14ae5d9b99c890d4b4d5103e5784d0e68978c1a456acb8067afed135660
train,8k,126498,983866a8709bc44169d3a1da1d02fa87a4048fbd9838bb7c40b916e1b98d259b
train,4k,41805,9036ce382adcc35de460b65b7a8256049f6266bed3110027c206752e123223b2
train,4k,156522,8e62714dd687442f6be3b18c28fe0a5d911fb017c05859a19953a3b4d6504330
train,4k,189371,a778ca7823e740679aa45b55aa85957bc2cf3e531f8c7401956c0bf439ebff72
train,4k,168500,5674353bc4e7ea299db8d990bc641f07d4bbf80c9bbd8becb7b9f596e1ae91db
train,8k,115430,70006e62f75f0877141ce5b2d70ca4fd829f494451b3b0086b99ee2063f8b8ce
train,4k,17855,727c496bbc87d1cbe9f11f08a09775cd837f76a534d752cba36625af6755516c
train,4k,21600,792ec00fecd015f4acb96cb7888186d939ab67cde8601c337f47f5636c2822da
train,8k,138794,582100e57901ef10b133c34fc3ec51d8d28278eb4fe0f5e360ac37829afe122e
train,8k,98883,aff58f50e1dcf55409e9e7dca97537aa56399901034f87353508c99b308ff947
train,4k,164770,a1f5804b623692f973d86f6548f28278538c40a1a55f5e8145026048f075cbc5
train,8k,115411,ecbafc30cbac37057baa0069d2299c27e7f8f635bada549b6174c92a6a4d959d
train,4k,151275,d07aa00a7d0096d072e5f2c3972df6a79a7f1c660e8abaae7c998822ce3fc2bc
train,8k,58518,a535f3c6ac18ee865aaa01a86d6b5b44e0562e7ff67e036e9af464b83e330730
train,4k,136554,fd24b64bab2d077b2f3cb39c03c657f3d79e05c90ad9d81b561823ba4a368b7d
train,4k,104655,d6d14abbb7a11a7ca745ec662eb272b31847c59876c186b388fca534986f37f9
train,4k,79422,84450057cc9843a3d637d5a34f47f7bc84d45b79dbc0859e60e95d72e31f3869
train,4k,107478,fd278902418e4975bab8c7bf38db0abb9ba9eb57050139f30a9153d0492e99c1
train,8k,79730,5476bc84080282876f5c349955de8b0a83bf43afc693879c98116a8ece897a47
train,8k,112441,29faeccd53faac3e7994ddf9d190943b602fecbad80531b3621d03104f6642bb
train,4k,22712,a4d40e3992541f573cc2df6a8c2c81d0155bc32dbaf1034e4ffbe5ea64214306
train,4k,29272,c556e6048309c945aa0cc5c1b0c002c76abc0f9c7d1561236a22bd1cceba4a84
train,8k,24607,11e78f1a4bde65acd3f8ec398c186b851709c4461840c9208b0acc31500cf5d4
train,8k,10092,55525a0b9f171d3fe139938448d7088f2480ee16fef2d54eaecd65461bbf9a87
train,4k,145824,155082006692445fa4207ab7579e06c9097187690cf0f4bc55a10000954c0f11
train,8k,167524,f4d29f763389ccf7d5a1b2a01702536d40b50ed287e87f0944dfb3f12651bd9c
train,8k,21206,5304d2fd66b662aa0db0cd5add673f5c03d2df7c032de8b9877cfa3980d2a8ed
train,8k,165529,19392925a635d32b66615eb586dae5bda76e67fa480a06f6bc0444e579fe9cab
train,4k,168948,48b5af144fd1726585efe60ab0154026bd7f0d0bccb4859c45730efc424db2e3
train,4k,107023,245112d45f6778ed1824c9e284243ac74ea6fba5b197068d823cf8a7614f4d81
train,4k,36365,3d8199e5a1af2f9a44c7c0fbd63a172e112ea44f72e19ba1d3ba97bdab0de5b7
train,8k,151778,f6891f853b92f65edee2034a8995d7d9b22b81ab6cfa5a00d279bc7354b805eb
train,8k,15628,6d8fbf39fd9a19e935ca395ce43d256dee721421e8c6a6fe39398e3561d48d58
train,4k,87922,bbf771f90e49f9c4bbe1422cf3d3790a34a8113243da4e2f1c945792f37b13df
train,8k,176944,1c88bf4e0ca724c6df99ecea0d577a2ce576086f0cd511d72d4df5852fc52368
train,4k,104348,88466929edb2ea1eaee1d50aaa18f2dab6dad9f1574553bce55d958f23c72062
train,8k,45408,1c05f87e30572692653bb284017954dc4eff2d605ca4a50696100c48e9e66c0a
train,4k,110239,f19832435305e550a6d92195161ffbd24fe1973a571653713f058f42e078377d
train,8k,140103,4752124b6f2298312d2dd94972a9200e681b4259f5cfae0d7cb615af80abc4da
train,4k,29966,6329a7a262005639a58fdcd046e0ea19f4cb4a110c569853460babb0a7d94483
train,8k,40839,49706163dff6d70996f209dfc367683cc59fa2399dbc4f9697318501a84e2c7b
train,4k,73370,bbf944e13ddaa591510dbf4198bdefa7e951de4ac69434738779e9bb39df2c38
train,8k,686,9337e38f53560965c3430f4fd187233ecab512b441ff45029fddea5720d88681
train,8k,40082,fad925faa3ab77944547d74a9d407798f90bd4fca7f5222a79ec10df98b02476
train,4k,85304,ac035d003260c4860d37ebdd88d906af6d55fec6016f10e617aeece31f8dd2b8
train,4k,166333,56dd95d8d96964f6197a766ae23c49acba4f63b26bbc4f02297bd017bc72de1d
train,4k,144445,123cbd0314a5ffd56a40fa4147a0c6a5c769f66c1c0265a6eb3e0bc54cc77c42
train,4k,120675,8c8aa93b5a9e34a3e95e417c9cd3dfaa5cbf73f5bd5124bf189ac08f2608d0ee
train,4k,42881,3fc31f239597b564657d20e58e08c00432b8a197c9674c859b87916f65eb2ee6
train,4k,137792,56297017c3657e65d9cda9895f9f4c4abaa1358cc302c20e1f234037ed4661fe
train,4k,187129,74d447ebbb673369a4073980484c0e845b3529a88e35ae5a45e13b7f32a8e0cf
train,8k,101520,56a23717cfe561108048672bbc0543db89c4236364f6610578e258f33e9c3121
train,4k,49307,3afd91dec5a0d61679fa4d3317df32a671c56aa7ec3d1122e968bc002bd8dd6f
train,8k,145553,23e5ca157372be875187cb550d4698f184f93a43613bf6ba1bd367eb376c0e72
train,4k,164092,e9b056eb2bd787e30f9b9e3b305ee66317f195d7dc68a2b9d7d0556f072a7027
train,4k,74471,8dcf31cc6fc5d7e9f53676ce955df4fbc422fe0435895c4aa777a58fe17d101c
train,4k,110875,c8474d1d4abaf7f4843dbd8a07154b17538ffd8189d8f73aa017edcbb9911baa
train,8k,126193,74b6b2bc31b58b8d75e479ed0f66a25a1c4fa5bd00924d1672c3636dd004f330
train,4k,104654,30558accdf1bb6204e795f41182281d04af1d5df7ca07ddfa1565e0e29a88b92
train,4k,79217,43b1151011f922f2dbdd216c4aed6e817f30bd23b22ebc9c4bc78de7438fec77
train,4k,80965,9ceae7190b7c9f75e6c8f6aba6de0693ffb85409c26b38b708f0fef3f4854334
train,8k,176918,172c273c053930323a4c447053c3bc307f70d14e490aad6798d65640b97ed016
train,4k,175356,e0fa148662f09f25168232d698aab3ee1b1666388d089f4b4c46eab5e907b6d3
train,4k,89144,ec6e97ecacc8d54d94d2e97769fb336ade9361b53f025c241d56e59a5e172244
train,8k,74471,b3fc01af99b809a91f84d29307fbed9c1048f4c0c3e6605fae3bf8ab50803010
train,4k,61501,7a70e1be28fde3e0fce3983b26ce13145d2c3c906e5f3120aa2339392cee424c
train,4k,102760,2bcac473e0207ce9cb0691a839953e2d10173a3faa1a3f3cfef94a1b8e784d20
train,8k,155405,dbcf689313852b99ad4fc27d90f1db0f0de73247ec6ef7cea3c0bc3e6e6c7706
train,8k,72095,875adfb0ebd4698725e348718fe03af0aff649d5df9bdd05ea9fbd7bc948033b
train,8k,49185,7c89931eaff03dd9cdf1f9a4ef4655f14b1821c3834e839384992653d1ae1e1c
train,4k,169565,b6fc03947a41830bc4f0dbc26bc9cb9b7fbbc2f11dd68ff9fb0504129399c99a
train,4k,41452,db3c3cc012aecfcc945c5af5a39dcf73fe0ae19a89c617306f15d8e2e9fd7dd2
train,4k,189050,b8b2f005fc46cb3ebefc399895f705457d37f673b19d9a7bae90c3f011b4e5a0
train,4k,37719,652f5ce91def31fce313b3cc021bde94ef1a12ff0e24862ec06b0244579292a5
train,4k,98960,3bb1441b9bcdebc6fdcb23fc0b00d7f66a4569c14c4571e675a224536a5a7b33
train,4k,179554,23632ba1fd4b3299824592dc9d66285eb40671b53374a3b1308e3d42af18bdca
train,4k,7421,53ae97f2bbd1e87bb79b87492861113db2fe84d98be31a4344a0d6ea48b73e62
train,4k,192249,5680f9c25537556016724f86925728595907b857a58e9bcd641b4acef4906cca
train,8k,55515,b6d1c05678738ad0f150a9a837868ed56df3551b5ef1a283a566d7b5278649fd
train,4k,12011,b49ce6e1273db15dcdfa159b8454386b5d94fa9a72b7960e9598314fc127b7c2
train,4k,47151,f1b0920aceb67b9414089f102f05b6c034909207c0366f6e6816ac73277cdc0a
train,4k,67649,447cbaef4a01e912f7afdd97c3e7648996d8196f8312bd2bae3826c97f5a96ea
train,4k,62865,53e22e84bd63f3412f1c4f42d69b9e07e413c5081493518d9d121371720bdcc8
train,4k,50955,48bc43beb37bdf33f7ff3364aa127ec8fbf8d408152fd55312b9e36f0093245e
train,8k,142403,1d186f29a52b79fbbd93a5b321bff6075bec2cf6a16d05a2ebd303c854c82e82
train,4k,58688,5e209933195b1601c6f764bbafa3aba21df501176d53fd0c0108ac0de0936613
train,8k,40191,d32c34b7cd926db10a943d7cdcafdb5f373776637f110f3bad56f731082a73d3
train,4k,190689,27768f020c3165bbba55b7272ed09704eb96a7f46ef22c7ebf323e8949074eab
train,8k,58728,e97df9b1768acecca89d706b28a525b665d1b953a4cc8c4c3b5756953273f788
train,4k,156855,7d1bd8fe52103cd5aa90bddd2a261817491367d6a8d55af2d45e4da110dcb183
train,4k,165507,71197d669129d9faeac7609eac8a7f15381a93de0d73a8c890b0e87f23403d0d
train,8k,34395,40e916d1211c1070b4ae559b4cfb42b679acf0fed95b2c1154c63c67538537e5
train,4k,12473,2b0bc66f888b28b930a03a4ed85537479985b2018247506575332e76dd03b471
train,8k,75005,5605c0c14ab8bc5608df56e297b7aa48d5d7d595c28a602e08833207f83acc5f
train,4k,186336,0e197b08aa1e90e131ada2584ca48eba7e30c82782e3e0958e8cbb8830c171fd
train,4k,177265,93e7ffbf8f59c09d18fb49b6d89981838ccde21e6f70949cf43b88d96c715a22
train,4k,168876,bfa3137920879857e0298af8bee1ecb33390f944d954752bdcf3c574fd0c0966
train,4k,87725,8b42d97d116822408274af1ad8d08fec76216600fa1779bdf565163240e6a16f
train,4k,165193,5194ce618bfd2a5b94a7050f315af25c0c39a7c2d26cb067dc2e6e5b546c4843
train,4k,101710,ade18d3d19d95d807f1d27751ef8de9144a396c2504dfe0964c1c19abe17c10b
train,8k,81520,a05da74c844c2546c472a8b2b47d504417c6dcebd37db8817ef74211e57b67ff
train,8k,91109,b22d07e097f003689ec938fbc04d637448aeca6e2fa92c852166b65be2ecb9a1
train,8k,1409,253e60d7a931fe620b9a04f46b15a4fe306001660048a86451a2e3ef22f900c9
train,4k,191996,35ecd901db121b01b61906df20321ddbf4a8a9acba3861a7a3e2adcb8e9a6c5d
train,4k,101691,932fa79d8eeaf0a3dadac12e9bdf1d81e359f0447b137dbac5a091136c1f413e
train,8k,64517,dd1aba8557747f9d36c811db3238493b5703c873ba400ad03ff2a5e69500ea64
train,4k,178532,95892cfd1b25a2753468807f45ef465fc185c5b6aafbde64b782ff8ac20d645a
train,8k,122048,60499dde847b584597bd58391e207fb1dd3abb6104a59a97a8a4ec66e9ad9c53
train,4k,42567,7bd37eb7b3378d1bd1dc09528e00f82116526dbacc2320bb5c8db7faf923ca37
train,4k,70964,6b7c18d62f8043fb4666fe00d053e45066c87f3a74765080f81bd016f931f1c5
train,8k,125606,ec328f05f5173ab97b8f06f700328c2b81ba4465605a137485297e5e0b897690
train,4k,19030,bb19fb21d10797fb0498f92b01aaa56ff35ac32241ef33ff4ef33f092772e63f
train,4k,174816,d768956044122aee586aa05bd16cde0699c6fa1c3a601782a0adf8d60aae0196
train,4k,100765,d0167ac3dbb03f5f76db552841caaed43bf5195e3eb257ac7647e21c9f9a1335
train,4k,12181,a6afaaf1ff774d2a4ecedb2bb378ee4a4cbf8304d834e6edcb23b83d9e9b3d1c
train,4k,26003,26dceafa12214d8b71021dbd1f495670c47f9d59a888d50db8fd74acc878f536
train,8k,129151,29d70ca750362e8f1805872e784e62fbcf98488379b69c2075370ff54eadf74f
train,4k,136319,91dfa79e9197d7102214a3e1afaa87808722603e85e84a58ea3a0bbe8cd3ace5
train,8k,112868,abc7cc8d0476dc70bf7d28614a6e8718cf507cc866232c4bdc9bf20aa73546f9
train,8k,175143,efc911259e4e219c207c2e79176ca0ea764b83dc816d48250cb5169ae01b5a7b
train,8k,56373,337b73a4eee87aea83f86d4f20edf21b3653e9950efed4c9fd858e84bc35b99d
train,8k,151112,bf3fdb4ca5fc84feb88003124ab58eddde3e35e9f598821e21f4167b098089e6
train,4k,68588,fa3aa7486bfa5e43fe9e9df6ecee1aeea97f113abbfe6643d69eb39029198d71
train,4k,72386,c694472a7b6e6183aab646abfa188cc2ac2aa0b08ad7c28c6436d7455e4d9bce
train,4k,113364,9c3663d862a10ab01de1332f73186e49c3ebcd70b9558a022893ee957fa725ce
train,4k,9292,aed836071087653584bdf5f7dbbb948e2253bf333576464dd1ca6cef1f24627e
train,4k,49491,8a9d5f1a9680c9e498d27554eed41ade477458d12b2407a84e0e5b45c56d8f2b
train,4k,75176,d87d9b661817f5a58c65ebb48dc2dcaea1d6f01bc08eb667e7103deb8da8994f
train,8k,110587,b1f3ab69f0600aa9894c4001afeb5be71b8b94a9397e5be96e335f689681a3dd
train,8k,156158,a2d22d48b84b263e94ad2bd7c28b279f44a36b5ae54c235930efeefd0641a3f3
train,4k,161523,339954f8318fab18c41bd45525c79afbdfc77b41ec15870ffda6d1a16a429cfa
train,4k,174078,5e839e3f17454b521efcab82e02e4b181d427f6989cfba0b47e4bb541abd294e
train,4k,21184,fb4590b9b2dc9a561cea7139076cc5734b4095c9d364d194bd7918c0fd12131f
train,8k,69683,0a05359002029403349d02e21cb64e4b2d9c73f8882072036fbdfd75d82c9f1b
train,4k,84277,ee77c68ad6e2f803e069104ccf10fa45d4f650dd0f8931cf94a8942520216bd5
train,4k,41916,fe37a6c1b798812ffc4d4268078b212888e06deabe044a63d608af91c1e4d6c8
train,8k,60166,549266f670a5029df0e888f5b1ffd7cfc699483ae42400b90e667d7f7c3e2db2
train,8k,112184,a7653cd304318594c6b2f1d97293a792d7e37521ed8ef011151e1fc9a358db50
train,4k,121223,9e398899a7afac21bc3bcc4246d8d832549b443212ef884ab347a58bc10b42bc
train,4k,87904,a351cef0f842e6a74ed876452b5fcfc6c15a5ae5b88b8463fcfe9a9e10341b0b
train,4k,185887,c81a27d139b5e31e191f309444462ddb4b9b5e114338eede554574f9ce9d318c
train,4k,184145,508f6338bcdf112a7ef899c4f4c0cce03a1937288c5d459889d3070595cc14dc
train,4k,169092,d1fffd8a01200b7a96c1e2ec12d2aeddabeb984097608e2dc5ec2e2bcc2ea2eb
train,4k,15837,355f18733ac0c2b845dd08d47ed8eda8c12ba93d20c95713eb408a0bb182121b
train,4k,13231,933c1a1b99d18f9b9d27b883122bfb89651de54e8766f5fe925d0c906149af0a
train,8k,142816,5c975bc0190de46f7eed9d9414337c3d3cdbfce3801d58ba5fef227e97e1d74a
train,4k,92780,3be3fc9e309a29847abb8918cccba3d8c936b88dc704b8d78c283f633cb26bfe
train,8k,37534,ecd1cf4fe3ef2e3bd0df76e0a2df34e25a5d210ef0b99588f38add60704eee14
train,8k,38286,be2e94817ea32786d3d6e8a547ab5fb6caa4d68688fdf7570b049986d5e626e9
train,4k,29696,45180303c49057a4e0584108b3157f246f12a668f2a887726c23423844fa3acc
train,8k,180619,247338058fb36a58196e8b68b6412d060ecfdb2cd87f6b139b92d913a968fc0f
train,4k,70561,fba4a6099675fc3ce805d7b528952c9c008ed1658598443ac6f990b0df441b1e
train,4k,91834,e3549de3c9a3fc7a1eb1b9045fb9ccb6d1b00f5e5f8d5d7d66920190fffc056e
train,4k,156403,54c620890d9f088701c43ac1419e88c3fc68e03b92256dcaa391131c2cc378f3
train,4k,144783,168be28d1b9f5dc80823ae6a6266b881f16b5514b2b34cecdc13c226e5489a22
train,8k,14639,05f652ef3d0eb208fbbb791a63ed7ee68169e3e583a7f9c1b74907bba7cad77a
train,8k,41107,3a9fde9ca5821a38e030ba22693ca6fec6dd95f542767301f6bb2d181981a251
train,8k,85988,f1039299aab533a92a509aa9e153aa96572b90c7803ec9e67262ff96bbd37007
train,8k,1613,14eb9cbdebfd3539d0cc235d2c824d2cfde7584144f1141bd151d6a77a9fc0ed
train,8k,44465,8760e951438209cc1a87a872161ca4af0e7bbe5b508eb09f56d7fc7b6071bd03
train,8k,81626,a1f0b688670be22e5348fceae7904ff2585b8a5ed012fdc476e3c2a908919a1d
train,4k,190663,3ff6acdd438732d5f8b969a5fa8267c3999206e80f5a6b9828218f43d8dc7f65
train,4k,167663,2831d0382f9da34a1331c8c15cd55cbf377c603e446575818bf63c21ef66edb9
train,8k,171912,15d1715502e85cb0a8536317d265dbeb1cb12500a9b3f3a239da18c0cbffb631
train,4k,165140,716f10d6bd061c5740ce953f3ec4428f0502f028aace776a955d3c018bf98800
train,4k,43769,97ecd051704ee7f1c969a80901d182c08225ad8a2bc3471c915003802a50d310
train,4k,14973,34dff4a1776fdaab498af5c0b392e36816fec6d716a783640f832774917ce832
train,4k,518,4fb24edff3c58b7b78e2618df15728fd2bc23724c7aa1fc3f32ca40c37c0aa85
train,4k,59976,9217cd9101dd676d42ceba59854f45ff2bbf7e631bc8b9cf14fc0c4f7dd07d24
train,4k,72491,77fbbcf450f7656b28759697a254a6cff68c6fc74e53aff69371db044702d712
train,8k,7049,a10feb044b600743bc13390bb1d783db77245c55f7e191c43bd477c16b097047
train,8k,480,033b822c4ff07e684c96113913612008b7aa792f84eb7b11d4820aa00cc1b394
train,8k,177591,f2fa059c17895c9fef5a945dfac63743a81222e5d99c754ca6cb9cc8967416e0
train,8k,27303,918ba219a4d8ae35202c7e627feecb6be229c6511c9136805bc5b137bad609f3
train,8k,80259,8162a5453e4dcf3bac2d1a6199d28777fe9951a37c55b9509a07308a9cebc9bd
train,8k,15728,b4f288f8857b269093bae677b0e0d987494111dc6e33cb7e22f0c1446d9bfc32
train,8k,120857,666f2bc2a0cdcddd471975eb734e045092b920a146d3420d2d516d77fd32f209
train,8k,155497,8489080e37650623ededa5a25edd7becf130154cf46b7e2bead27e2b4217afd1
train,8k,58087,e635699c49ac5e4f0deef138897fbb46f45c4420a2a3fc2abba7e75d533b5f00
train,8k,83305,36c5dc2f0823923ffbbc413e2f8d856e8419e03d1d9483da9ae63fb65eb0eec8
train,4k,104086,537e02ed51acbeea4543cbc7ea51fc7a66f64171ddb1e09b46d20993d6861dba
train,4k,20585,5527bbde2d8c902a3681ae46e2951b5d2267d4b3faebc7f34d6af634046cc72f
train,4k,169067,51711dbe3aae87852f23ae002da20ac797d4fce313ef4ded89c3b6b6bb56ee0f
train,8k,135966,662a06b6990f3d3c45dbc8aba200a3fc5fe2e72dc6732bb36b130da0d1d940d7
train,8k,145004,8c30c16030836094912112b3395e9a86da879bf448a40e30d0a334038c6d8ebd
train,8k,14449,794fe70bfe1e465922a8a3c4c7becac6b3e9d87ad405217c04df0e51a0010086
train,8k,355,1810d15083f3b428889701ffc0afc19f93a44792b17f8b02cc29c5c6f0e70edc
train,4k,17013,aaefda18634a3e330fdc930a47c973ff545f61daea80e0904b5d83f1ea6c4fec
train,4k,106999,5189cd51ab92f21d77b3cf54cfd8eed4a8cde13eec6ece7fbcf703404cb0613b
train,8k,91817,f6a1c67f228d952b9cd2e2eee0ea7ec3fa889a8678c8761b280a312883485d1a
train,4k,70741,448dcac2442b8de90984844c0585f19bd4a4853c23830c5d81ddbc8690b8c870
train,4k,159142,42067f2a83589896c3e76b55348ec7ba2a429d8099d20fbcaf130ad17b04a08e
train,8k,67890,8919c939ebd97f8192821c719e16d743accd35da8e8be0ce17fd63d4a8ef73e3
train,4k,161115,3868d58ae6bd561b959e27a319ad0633671e86874221efb3289a3bc9f4484eb3
train,8k,24733,7d515843de56894079262e0c998a28df81a718dfbd97d7998620d2de612ba16b
train,8k,40196,ce7daa78c7e1e727eab39321ccb2463b4ebfb5608f7fcc6366223c74aba7cedd
train,8k,50587,308fe5368137c71d37efed29bea30d469b1275c69d6bc4dced14652bfe2d90ac
train,8k,3010,e56adf774e58b455be5004e7ee40ebb8005955c917b0797b00be50a07d41bc01
train,4k,66006,7d510146ce394c23285feeb50c426b99f469bf22276bad9d7dc659162b26f4e8
train,8k,15742,023fff0338a278ca2c714e6435abad7a3bd8db59b5100c59a9262973ebaf1c65
train,4k,23609,e10996f20b0327dbaf8779ab6b5e03de5c2d4ab1cc6e5ec9ee85ab4c6f2d1361
train,4k,48557,460c2e59194f413cb84ffdcd385ad3bbb8d38bc0105a282bd981ef43fb699b79
train,8k,125168,016f590d09d0ab3421a54ace6109123b191a8679dca9cb565cac56a09d4a70ef
train,8k,86074,d5c461a0f41b592aa9aa7697d4e08cad25c29f413253fd46623420a8c8783188
train,4k,18699,0745e70af9cbb0d77c58f95b5d1581723ff64870453eae3273d51b8fce1e53d9
train,4k,39975,7f510295e3135d8ec168f8e5685c2a2be0ab4901a7c3ed0ba355d50931864370
train,4k,165976,f1c8235a1b990646532e5653e38c58405dd9eca0faee05ebd00c29ec8d9b15ae
train,8k,100740,53ab8576ca1a9385bdae3b274967e7c0750b8018c8137e83514b6056c64aaea1
train,4k,2158,206726a6c2e53f15191c9d9f30851308906d942c15f9e2684124a788cfcaf39d
train,4k,36533,e53a15fea62a5477e6af00c5d08ef6bd34a58173f022ab8a38799a3fb60ee540
train,4k,131254,d6b46a065418aeba11682de2c1e0278bb7d5111c7915ae2a4f2699f5576be7f4
train,8k,10239,f539ca160227669f837f613d816df33800c18c6788096a35aa048bd3b863a189
train,4k,152892,835913f22d82ebb0eb3ae0dfe1c5033159bd7b95553c6364d811ea5b0ede4fbc
train,8k,139175,8bc0e0d621e27de16fdb3de6b8dd8b033535b22af53c8ec78e9610b5e5461e0c
train,8k,173336,24653eaedf0a4490bb8f3292033fa4302c741632eb038c4c0bc15cc423a5a56e
train,8k,123689,e6d19b38ab5a9a3d3fb025d3cb6f847d729052129dc0db5e124517b5d49a0bb8
train,4k,159135,07ea7d5caa8a037f9ef673cff08437b35c3d8f7a84c28aab884c42ec970c164d
train,4k,67884,2d87eabeb8481a1fe2adee9ec8a8364d0f1ed0f0aeef1f0e3c126a5f0fe8abcb
train,8k,49682,39837aa8868474c79b6e0592dea93864fc64364d1f5cf1858d2dafdf90ed57c4
train,4k,75074,eb40e0ac606565dc6428ab900823ed76d7522a43bb43cd0234514827033a6531
train,8k,126299,b798ae47d461aa90202f0421ffce3543a812111d59b18af0dfec60a7ff054cc5
train,8k,120103,eb61e6cae17c55c53d5e9e1d6c0837f76fbfe83dbe58d1addcbd3b850fde52c5
train,8k,5158,db42a7344d9d851eccb204abe23722793fab2e941ce79cf8f90026bf0a769496
train,8k,139902,518c56b90f5e3c918de4250797319b0db4d67443296a31ebb7574b69f2416fa3
train,8k,115371,859ab1c597b1b967e81147f68e0cf06beaf13fbfabf14fa0638e3b7568dadcc1
train,8k,14043,bbd94bf601622ee6287a8b207424b2601c604a5af8234f21cc2f95716d451bfc
train,8k,53022,20b1f58cbc4c2cc7f46812a67d36bd402bbcb0fa732dd99e01f5ded8383ddfec
train,8k,139550,33e89946a1a4687d7628380ea88c46482eb908a0c4ca5954b5317a3d88610444
train,8k,173668,26428c3faac09bde9e916b7eee532a52547acf27eb4be0748ab1985460c78f5b
train,8k,55461,12f65c9a034bd73e8767dd5cc05b9e4808638edcfdf334b1ca0f967082d79378
train,4k,50703,daba00ec91de144a7ed53d43089a7f6a7bcd1f82287d68079eaee517de4c1c71
train,4k,180738,89a2ef183fb0b2407fe2a7027bec4a5d44f651c4787403803ee19062736ac74d
train,8k,116510,cd69c4bf4e6c3f7f896ed0da5ee4950447b4e4755f007bbec563d01fdae01412
train,4k,48676,bb64a5fa04452ffdaa2d07fd802589ce40cc1b6f09124b7ac07c9aad3d030c5e
train,8k,92836,c385c42c2b4697b00ee523dcf231b9c711c798e60ebad418454a0b1fe018215d
train,4k,40018,ddff94a68a69a3ddb93f51ee3c8c791592a91af0c0e332039451a72e4d4d2dc5
train,8k,124788,12d8bf3a73b7c2f662bdd3147cafc5bd4d98a5990aebac277b9c69c020b94f3c
train,4k,38521,2d3db2f52c1b17a8ff582fece83e659e78d8ae9acbb43332016649a60d0154e3
train,4k,185046,75c59a6502a34e2889c234bfe961f7190ce1c1af9401858f80fe02f9d30f4f6b
train,4k,162821,001da93f519730676898233cbce339e42cfabad2ae22d224983483b15eb32d6f
train,4k,138830,7583eb4225ff1a7850c3c5fb6fe15a4ddc48ad937749b6e0933c606017b11484
train,4k,150359,cee54eb38a3f87cf4aff1edf96cc0d1367b139bca1b6be67c3fd8c135a6d7ae6
train,4k,72923,600165d4f3c300821f7339a1243e23c32c358efb80ace3c492382e28460fea31
train,4k,45992,e0bbf3a25952401743ca1b80e9a0aed2aea820241b3af04bb059e25204a38166
train,4k,141390,3780a74a2351ebc808f2554f4d039f456c380b3413cde2cfe6a75dd9775c99eb
train,4k,41926,df200b477cd333a0eaf3fa36379cc0897465ad47f944c13b4b49df61e46ae5f3
train,4k,163302,c8b3535128bc8ad1a2cc5ceff6f109349ac1f3d17cd4e46a6f6827f86cc800c8
train,8k,28424,26a93acff36669ea11b3224ad7f7afb4163f24c3fac45fe47f67b145ae7a87a1
train,4k,76317,c76f322ed2efa5de68162fb5083ccb35eab73ad9db523f89165a0ca374d94028
train,4k,55909,966ed73fad769c82fc1400239bde6c49f51c5e26148f2968f4a4647518b97708
train,4k,183745,ece0607672c325b6ed37f037763cdf91ce72be81cf7192c09930181be9d62337
train,8k,149794,dac0b6d06f37476c5b49dc7e25ecee77359ba3adabd7a46f534b2448d2bb1566
train,8k,61475,c503107642c49d3b3f76cc428048ad4d08aa5404fd8bb6a53b277912723ce4c3
train,4k,32451,7b9fdb93610f2546f52f0e93c6494c5941e04012146c166608fb0c38565654f6
train,4k,75589,fcbafee64cb9ccc94312c22d035c441eb01295ae461be808594ecb5f3708965d
train,8k,130770,a557f12e58506e1eddf8187239e2c3b950ac06879924aedb78697b5dbaaa863e
train,8k,156516,e4470aab0e00e5a6f7ec6dedf2ec63c6947c7f48a8bdff2e222f4470c335d00b
train,4k,34548,7d2f78ffd87cdfa68b1ffda9439f37d878282b350952e2078a4aec054a889791
train,8k,13203,160ed6ebae81fd7a6fc5950e26d5573e2f16de3e5c655c408d0a1af5cd7177ce
train,4k,68505,07f487f48e9aeaf8541c21c96518ba2b9a4608d508a152b45fba954dba4620f1
train,4k,136829,7d4be28a8b5e1b30a47c0807d9d71c01b4a5eba9ae1e30c73ac131c1e7c7dc48
train,4k,76318,7b12ae2f0bd49ca6513b03e2be99f04e3861b4a81d6111b5b1f602efb8f745f0
train,4k,64395,e91e28ea65dfe3755bc4e925fb9c30ee5f0ac77d6b885ebacfc2aaea390955d9
train,4k,119679,c802e3dc69f73c51524119e64afe60aef28a7c06a644501832019934543cb073
train,8k,111608,230fe32cb96dd5013e26c9d612757c18622b8290b38f8649872d5874f2f1fd6d
train,4k,139270,aa46a90510e9d661de6fa5cb6c01f7450ac2b18d51d8218c3879b0a7fd85835d
train,4k,167139,24743ac59bbbbed4df7d5269ba646b236be9b36efb3cfd2ede6509b49a366f74
train,4k,191378,e90a26372c06aeae7bb1f180b84792506c4eb3d72b8b606c7d290223d13005b8
train,4k,13413,3aea6a9b5d7d87372b4334332f78f2f460a01f8788a0749f05b8cbab19d5d45c
train,4k,178976,f5ffc99a2525dbbc97893ee65904a81603c6398aec0ef39b9562c6d2b23c55cc
train,8k,141402,09df2264cc61062a5e2ba3e0e32d5567ec4babe27ccc07c9a6333164d4b87f34
train,8k,61564,0800e5a5d438cd5f877cc9bc8eb0224f9734862e023da72e94c2898f283d9197
train,4k,184586,c617ec25ea835f0ca668c561e32930118f2fa258ed167e918f9eb87ad080e02c
train,8k,62055,683fea56dce36ab14da279b89685922887d1dc1d9a11616a3351a76128feadce
train,4k,40019,2e5922f01c68c060275017a469f49853ec709de5cda1fd0da037406d2a762ddb
train,4k,161248,31a0631e61e709096ae114016f1c7da73f597bff93fb9eafece25f1680cb8f89
train,8k,29278,5f3b710082653917a0ff684bc376edeea28edc6c6b7ed4e503ec1d9a76fcef64
train,8k,138948,6e6486971dc710cf7eacbcd03e8f5a437d2ec16dace913c5231774f336c33867
train,8k,115470,fe5136a7277acc00f3e302f16d8232500efe3ec46df7ed6be9e9e0f30df85d23
train,4k,180094,29bdf08cb10f492a59858b2e8cbfc62edd2d69fe1d810713b82831962dcdb2a0
train,4k,52386,dfe7de60d4883e7b199ca7bc820c31926bcad2121779419b114bd211dcda9850
train,4k,169854,c7f934fff77876fc11933a71f2aabffaf7f66e2d7f149d34be5a3d52787677b3
train,8k,132441,c6bd2bbe0d381a6c30b54966766f19516682d4784e97d29d255051955236f291
train,8k,91915,3872d5f77a3e92e71a851d947bcef9e78f44a0a627ea1fce4692acdfce64928d
train,4k,37461,4576b2998f56414d1afba311b30327812fafa5ba9043c4cf1045ae2ce46036b1
train,8k,60607,d0ce55a7679dd2c860ae617459506fff5b71cce5a9ae467a3fd0cc72db7e84e1
train,8k,166581,073633a0f8fa14847776c4a9418adc739350d53c73e329c91fc9645523308165
train,4k,33391,274b37cc42a42cf22f3047a7cdb466c26315eb8c5e451bc36b4f7af7b9d6a32a
train,4k,140043,663720a6fecae86ca14076d1318b333d40207c3c2f666860956ef1ce50771b01
train,4k,39153,6299df0263445e7dc82a5dc72f70cc1c6ba4557a973595b0d7b34924697c9ddc
train,4k,68384,7e24fab9d9d094096f66637ba841f3d19be96c1b490adb6ff0aaf403b8cab809
train,4k,134594,18ebe962ec67d3f39cb4229745d3a01540c1129693fac5098666939fd11dbbcf
train,8k,180976,b5459938c2b6fcaca01ce7678608b23f420443a77f72f0f0174902a2f836afc2
train,8k,118048,f6a7abc1aad8520359fe0f16d7e489f7c7d06ddf030ee693bdf785de2cf9bac9
train,4k,115170,0313c1a9ad76b91e823b5120d1ebbb3821fcbffc57a3da8027259a2583421548
train,4k,32052,bb3d8bd94db4fbf74ee750e6ee0836a50bc357344c2bc35779844c725f6de24d
train,8k,23252,b2dca8bd9338fedb9d9576acf276afb7a6a3342af97b929a1ea71de7159e6960
train,4k,89456,ae2e5086aac9585c868f9edb652fc2128487d04fee3c955a6399b08cdb9081dd
train,8k,72084,a1752a5c4a74b6704bf7d2ba3ca9872a0ad95e21a03775d84a3e907f1ee119d3
train,8k,28709,1b5467a8f16a956382ec92b3ede56a43c9c88f47288c44c885ac77ab732a1b26
train,8k,91992,8976573ae8c62fa4c3a208b030da96b2419fc3518914d1a967173669f97ec3f0
train,8k,34857,9a775ef9d22fdcb5d66a1751ba234a26f0deab196c5fe6a41e7cd5ce46201369
train,8k,15101,836bd0ec16d7ba7fee7d161f5b4f310c717d03afc3171561ba94c424cbfe7496
train,4k,31911,c305a0370ae3adba77de002a7a9a2f2af866ea9ef3ce73240e18a301aaab9320
train,4k,173882,529a79c05145b1223d68cf0c16bc07ec0f644daa144b9a1cc2358e582f1f757e
train,8k,108067,e73ae93b303f4a0d56c2842c6907bf707ea39d0af0e11183d2a090f0c7381126
train,4k,119030,d7da868a91449a3a5c2faefcb7a715192f8ccb559fae0c0499f345a96657d8d3
train,4k,117618,2b913b975749b5574a022d0bb865d44128e06ca7fe0fc73c529dee05a37d6ff4
train,8k,164716,60731e56daa29aa98b402ff26f06a7577f7ccb3cdcdd9543d4091540acefff0f
train,4k,175912,aa1997aeaba6e2be5b616c88d887e54d2234b5bd8cd7d3b7660577558ab923e3
train,4k,50354,bc940c07afdbe10892f7277bf462ab935ecdf3ed6eced8b7460f9cdd01e6edf6
train,8k,163310,023878bfce92fae7aaa179503c5b8a17e5e2d0a30a3edbb154450563404ea09c
train,4k,76693,c60a9df93c9a5560837879b9396d01debe4a43af8aebbbe8021c2bca852b0fb4
train,4k,93869,4f8d5f4e247b1474900ce785ae84569ea7657eba610c7406e6362e726478ec5c
train,8k,94016,e0f67df08342e06d13d132000494ff4233e9af1a3e49ffc0547e536258893708
train,8k,78196,fb91a2fb98250e0394bc3cdd053cb7ba83ff6692ef6db38ffc11651154274600
train,4k,64190,3a19da6acae17cbfde2c7927a960022b023d77046fabfa469f7b7a418eb4798f
train,8k,117384,41a0fbeb5e921238590c0e04f5c4e04504f8055608024292aa80b7898301c1e9
train,8k,10007,a37c12f84dbd5887fdeaa4295b7272714ea47c3f7e237e64797ea26bee476a0f
train,4k,105053,f3f8e9966a053502ca9a791ea0f5c43c40671323d20a32de8730b8c9d6abf17e
train,4k,161467,4cc3f268395f9fefbd03fff9c583c50aa8025e61b75fd5ea85ee7b7a442c3a71
train,4k,143640,9d2f829961754e85d0ad772019705a086def846285765f1e3b12a6a2ac91e4c0
train,8k,78316,b4afa859deb7e5d4efcf896adfedff9226c313b3672608d0987c3c92fc5b6543
train,4k,90744,f0e3a9336f3006b3b68ac4112bbc05e2b7e8a21ecf0b32ac5bab83cacbc8df68
train,8k,45009,bf81f186ef7807d2c441d303d2deaf3f093501a3c98ac2e5aaa3cd98c6cee41c
train,8k,104733,5b9830cdd1be32b71f6db1efa9f0af02fa3970fea9ca698594e6df09ba420936
train,4k,59946,cb70c56a08acf4765b83b4539ebe6dc698f45e4d3b12cdd704ab40de6da9d448
train,4k,139660,d5a5745556bac17fb445435bd46e3a53222c05cbb737bf66aba7a787eca255a8
train,8k,5339,e0cc288bd5e101f118361e1e707664d3758513c675b82618793b2530cbfcc6c2
train,4k,1042,35d8a068ad1e1e5038e1b398ce6b0efd480aafec47af9a8542d8bf16b4c5e854
train,8k,76576,c77d497b541f81564df5144bde14fe8bc672ec81d6e332ded9ab8aabf7dc6155
train,4k,7435,5b0f539f6b16a8a5d4df6fc6c242f16c277a586b4628781d2a7a9b361cf6e798
train,4k,47647,4041a990d0a4afa83d9b946ba54a9d7da69a05d3761179c0d6f374c6b4f7e06e
train,4k,113965,e3c8d3e5c3157580e455bbac773f3000770f53568221e5ea9c48b2b888bcc556
train,8k,39231,b2829bdb1d6b21cd3ccecc1fdceef04f31a067d45344b9273a593546ca1c7067
train,4k,16942,66e222c38945eb9c4a59fb239fbe1f856b5271fb349ab22ee2fd8f85727e48e1
train,8k,52669,5e4f5d1c52087e5ce55716b981e24a68f98c4d102046a007d7e4b0a70284f202
train,4k,59266,28b3be62910034306f8965311b65f8e8b67a8afd696d74fffbd2d00a04b0e6e6
train,4k,65160,1148442c3bb564aeda25fbef660a98fffdf9bd776ed805249cf6db1a27d22807
train,4k,105621,9d4fcdf2a06a9a9a5f0431dd27bff1ad0d02d329b3d80a75ae29adf91b5d57d4
train,4k,28965,19601c0dfcd45b19ffa630657694bc7f59114907ba5621d36b21fafe592940ed
train,8k,141639,13cdbda2b7c9f5f016dfbb0f6de70ef9fbeba967234e55888302bb26787a12c5
train,4k,182917,31ec745b58f5089ed72d72a2fc04ec530222267d347014e2f1b98ddce40a5a45
train,4k,158762,69a6e947397a13ee957dbe0cf5b4c9a81f2b6ea0333765ca49af42ab4007629c
train,8k,26769,629d8829a00d7cd8271ff7666fb983424eb3937f3c942adf01cc1787dc67edc1
train,8k,46364,8ef4d41e9ae06acbfb6fea8b4e96ecfbc3b348e3ff315bf335732a755ea89228
train,4k,116462,b2051bfaaafb5daee369652ad2a1f49e33f0ff68eca5460bf495c7e52e4e595d
train,8k,90572,d0783e60b08de946a68736f3ca7096ae3fe61f2167a64cb3639ab60e2976c27a
train,8k,153664,57e4eb780e25df2a450160ad04c3842b2f088cbfe22f83f65dbc3c9107d74a50
train,4k,45414,c0a15f2ba7c662826c60710055493d391ca1c41684d97d944695509c4f4ffefb
train,8k,139947,a2357e0a345ee454164939450a205316ba38486977e397c351057e1d41bf9954
train,4k,111854,c3002ef1465e99787c146168391db4be3baa85d71755f725d11559b0a9ba791f
train,4k,134485,c6470b8a22a907ef39188b46461c76efdb7d57b4e12fb43a3a37888c06f7bd59
train,8k,38658,493900d2e7445477e58dd6586aa65ce7ccf10529953979b678f2af1d12f5d06f
train,8k,136326,ba16a843fac4962fbe58bf80e3a910cbf020b956a7873322e00462ba22d0f36e
train,8k,85269,b1918a0a409b76a1318c5da58a2f32bd2728deb00cf97749a886c2b8036ef381
train,4k,69656,4a541440b86d02f738f9fc306ef0771bd30d3aeae791f0fa5f93f6e0a3c7fe14
train,8k,13972,48a705a52205ef19cc6b53a28ac80ae20975cda93dfb8ec6b35927b15b19babf
train,8k,153570,6e1809a0055d7be0b3cca17e01c6df14de1a98b66ee1930381ec38bb93b65b67
train,8k,72575,b0f04cea59083b1b3fb156faea2bc4c0e1f0a90c348fb7375c64b7bc970ab6d5
train,8k,159578,3653492aa54d4654ee41aa7fef169716efd648003ec04149c2ebb1c5f878a79e
train,8k,80794,1e509c587e8244c6700b05ec83478f6a85e221b47cfcba876f09b1b03a156aa4
train,4k,165960,9a84cf9bf87b7c85a33cd9cb8cc31218875d3c272f1c75bf96164850fc7bbe33
train,8k,120911,8fbd1642bce11c71e4c590adb80061b7ec093fd7d2a044289a810929aea29619
train,4k,105229,e0e8c34ac2808f3d3ce7358906dd2a386063e8fc072a90530d22340582f5bb68
train,8k,100023,d93fef61f486a76848c0de2a763ad6f6e1d8b8bb21a9554c1709f19720d4f9b6
train,4k,164622,b5e67b85e888ad046dbec39228fa6e83d2950a764749b9a3ea5c88176455a377
train,8k,160609,c56867aa3be5d73600fc997fcefa9fc5890bf1029bc28bf67098d7da4b733384
train,4k,192430,2561de6c7b35824e953b983d4ff188655ec128930475409cbbc1fe4bb3a605af
train,4k,184749,cf6214c64e823ddbf841b48e3b570a97caa7020ee1baf15e97b3da44afc18530
train,8k,56825,374b57d3b881d6f0a75adc5dea2afe559c1d5498766a4362824e93ee376feb24
train,8k,85311,3d3cc4016e0ba9a803e215607ff9c5ef813cf6878b2cda39a28a7d46f7d18840
train,4k,103313,4a21b291f5f8e633d4513be07f6c9e92cf06dfc1a320bddb121761e734bcbb54
train,8k,170600,ab4a3b5e58d0958e02285d63dc43d618f8ffe2062554b259e16a2a1cdf586ed0
train,8k,45724,e55043b6d9381b2e81846203719eefff9254d8bf198b471ec16c37c2764ef295
train,4k,68217,36c02f81d560d813b12c0c78d6da6860c53c89c45e5f3c3c62439f0484b8a390
train,4k,162013,95eed95cbb61fe920c8b06c31fa7526ba09f1f6f79311482dc1cc345bf020237
train,4k,146082,76d1dbb873dab944c759c9f13d22fa2d2b76f87f435b0a06313b14de46eae96e
train,8k,149672,5296cc9d0800c99d9767425b0af4f2af13f55c427cf2a0cfd12f533788e4e387
train,4k,118608,f6e8f95875361cde467bff9b46e506f97c02cbeabffffb2623e388e41528ac6f
train,8k,27267,39b277011abce9b0ffcc3bf010922e3215c0e37b82fe5639518c3c0615e41623
train,4k,10689,7c022590364c6645b1cc4ec0e80d770cb31937c1d5a4e0c74f3863d256960a0c
train,4k,152389,401410de123380b09504cfa2ea8c1bf6a5aed211907d0b260e02c02db344fa1f
train,8k,76196,72f6d4e7a16994aa00a345ed474eee9e72249a261db254d44fe7213297515fb9
train,4k,168736,578666c2485c9745d93c1ec06df594977f9532ba6b36a29e386118e48f45d885
train,4k,140035,39a6b0fdb4a928fda0268d9d0565f6433ae947c5ac5763c4d77e06c103a33c01
train,4k,94155,ff7dcb150dbae4f6ac3ac48d8f967e246953d5315bf330f49127e315aaf07c43
train,8k,81297,89fcaf8286c621554e2f6ba8413b1a8933d64c36c85b2f68e765a77c5249eb53
train,4k,136798,80dce47e3a98c68b14250eb691fc074c90141953bd2fcb8756aab4b9c934ff55
train,4k,31997,f019384e69140ed70af9fa06d516c4bcf33f58b8e94c366c96669057ea0a2a9f
train,4k,5258,9ef1efea2f78679d945ef6c8c3b80af08968bee41c91536f5a53ab6b9f541b71
train,8k,126024,702eb928342fd4fb254d078b98eeeaef13955073896369579bec376518e84269
train,8k,148897,579ef157b118d4bca5dfa96a48eb0cc53fb139a6e04fd4b63fec0ccfc14fa892
train,8k,109148,0e2a73ba51da98049b7db94b4786ba9edce9705668e443fa724b7b7bbcca2dd9
train,8k,166832,7bd398b530eb23c5748d809fa1a22b030a6eade4cd0d66393dbed0215434ba31
train,4k,65558,3dacce3964c5df91137509d380d0d5fb43b783449cfcd061d7f605d8bf762fbd
train,8k,98993,63160b1ba56809f2ba7e4412f0f6e95c6bb451c5ea29883361488fded2149df3
train,8k,148649,6a13410141f980d0c0bcddb1bcbb407a9072ef3094f810f395668a2d69a61c40
train,8k,146439,1fd9104fb9f157aabbe079055b732736985403e7e9d250967d210793ace5e7dc
train,4k,191255,16e2e610119207ad9a0ec8a9a96b522dcc055608040a8a9eea5cc7a89fc7fa4b
train,4k,103684,3fb5f8f140c5454bdb296dcba9fbdcf263aaa9997386d545db9c44f9ff6df2dc
train,4k,80851,3c793b530d859a99dc708686ed5c9eed17eaef150db7f9076a90b9b87e7ff369
train,4k,102593,f2f9f0b013f5511d95847fb8b77df0e7e52819627738e87187ec31aff27cc473
train,4k,51462,8b5e60f08aa116a00e0aef04925c695c9ee7cfe73ad9eb617ccedd9096a85789
train,8k,44345,604950aa459189ffba56de65cd493e0d0898de04cf0ba85ca80ba477f5f10bd6
train,8k,90527,150f8de729dbfe2790dc3d2c5ae4c9e97c2bfabde666a145237526cb9095ab8a
train,4k,22489,26a94529e4c72741bb766b31c678b22f740595fcf1f476ebbab32820a19967ec
train,8k,136081,8587609f216d8bc342fde4e399d7266904290da124cba9de9fda5dc930c44e2c
train,4k,78950,b667cd564cdf240a5ef322a53aeed03578f4157ab3e3662b6feb63a5bf26acb7
train,8k,91419,9e8d31df175952ba95baf2a30a76aa8714e7a4845b65463623d9e8d55117021f
train,8k,37649,d736ffcb9d9e98176e847bf760147af4d1d29c58c7e318207dddfee7b69dabf4
train,8k,134037,fe7f653849e4a25eacd06134c53ac49b7112e83fc386b3f02ec99d2389b6f5db
train,4k,31420,d03a79bb6a0762a90efdfedbe79045bc322d492d41532666c90a2df7063235f6
train,4k,149093,c7adbedade7275fc7faf2a2efbc1c090e43952f138f0be266f8a38792fb8449e
train,8k,106923,8458e12f0cd124886ac88ae566734be662a2e2453bac0de54152eb47bb663f7f
train,8k,2311,d78b882d587054e54b9d6f4f32161cd90b6c521af39c292f74d2e39c3d915357
train,8k,109956,53b5b98120447cb501c52efb5e4f931ac7085f14aa2ae2b845726e3e5a1db8e1
train,8k,53052,a820ba1909ee8ce308fbafdabe9e7edabf3f634ff46bc116425d5a02f310b1ec
train,4k,141242,8bff88a9ae9864b3b455c4d476d8820c85b48ac621ed0a7592ac9715db766c07
train,4k,31967,e15182e8c9ddf3b0694e532bfbb42c85117243c6c27d6a25c52a672e0833aefb
train,8k,66358,9897baf9555ebdfef870625a4255d581ba1d7bf58647f147c438fbe23f99581b
train,8k,3154,3a084a0e526e67ea8737af2ee70e4c1e8afc3812086cbc11f837e1179225d6c4
train,4k,91423,7543773f9bb5485c02adba46c531fd6bc4d7a0314ceab368f141dee9efc0e367
train,4k,84989,c4b05e08fd8530149558c37897fb6711856e7e02b5f95d20fc63f6db9b65f490
train,4k,14929,1492e6b294458ce01c24f682f05eb19362113c176f9ebac934b9e1e9742d5306
train,4k,5149,d12f3e230f0b57c517905a6d8e8212f5bad4cbe4c83441d71b6cd28d3febffdc
train,4k,126601,c9c58076e3d797a1e047b2063f776e6aaf801cf3a2cf606c2ec1d902140de868
train,8k,42907,25e2799a764dde002dc4d0af3069a5830da6922b9c7830ac5e75204a565c451e
train,4k,52841,a184ab0582da84e111423715a6bc751e6f2fccf7e8c187e5a85171d4a3cf5dc0
train,8k,89296,83395a010cd65fb930e90b5bb7c7714cafdcc0e3a65c14cae753672f044506ae
train,8k,117050,afcedaf6f3e11a1abd5ad58487b5813dd3e70fc8d54cc9cb099d4b119ad741a3
train,8k,124825,436430c22b4dcf2d7a08979c7bfbbe7ab71a3c796498c4674a574ea3ef243fbc
train,4k,113870,e61872ff483641284c2971f4f35286942f30f91cc262551a6385cbb18f632630
train,4k,54174,2d21cedc72864de38c804e503e51f909d3a3230ad1fa4fba97840b5a1be75c9f
train,8k,143381,805056fdf912db2c79529f90e49d6cc0a9f8c5a3c6ca142df04dfae0589b2754
train,4k,135605,48be7350a7763f319e2274f35c77b2f199ed6a5ade793f8539d8eeb9aa4dd102
train,4k,88333,60e98d8df408a87584afa9d4419217462714251838e8b3c6818098720185fdab
train,4k,106748,3d643934e639f1ba6a8dddf209eaa2f1eb2e120db138ed2c88ad160a523088ea
train,4k,62988,9ad2b338b65b260c51c700f40fde7c2f126aa0b8997b14d38917cc9341382762
train,8k,66632,ceda976036884b9730061fdb05db491a5ee814424017de168beff0ba19fa05f1
train,8k,156334,dc542829cffe9e1c4c1471ea8becfeb06c728f2eabf14903dd65a14b3cea99d7
train,8k,107543,7e736208f594cc3e8be8b1fd046169d473e0e86e2e48838a0d8e08a6ff17c7b2
train,8k,174134,62980050c76da670ebc14a13aa457098b62de9bb72ebe0470ac7700e785af8e9
train,8k,5632,a21d6c4a883e68169a7ed1815191037e68a832ed0eb7dfa7029f8f913b7eb5b4
train,4k,5648,704a23e634970a1ed3e8cd2d09d3864940e2fe5b4e48a7f84ece2d732a793ce2
train,4k,45448,bc694ef5df4ee89f2d1f5a46a972232131682aa1682ddf97990aaeb5afac8e3b
train,4k,34310,db47eb12836b445209ead3e5d6117617ebfe4f1e652385420374f1e7c3c664d7
train,4k,70821,7150a233de7f319e85eab98976c667abc33fe19eea2204881af0aa47d7dc4aaa
train,4k,163011,01e12fceb003db0535228f11d148aa47290f0801d51603b190e34154854ceae6
train,4k,41493,126b81b25612ff44baa5520f15ecdf8038f61d1f844c7d421c34036614adbae8
train,8k,62402,b19e9a9b1c199571bf2d4e1514a0c56aa303c1733377f5e0e48ef9f33a41ed1c
train,8k,64728,844c6c5e6b0d6801947dce4c6ff1092119c5f837b18ab90ec1bb3c714c5aed22
train,8k,73115,4bf4d41a9921c55054c8d6fb010d95fb8ee0a9ccd4232388e8e6e4e4b0318674
train,8k,55060,5536288653d7de77e76b9ad5fcfc5feae8e07737bc650d7234321b05edfec148
train,4k,10150,769eb586605d7adbfdaf39a29f73f9751f5cdffc1af834d9f6fea44b4e0e5d1b
train,8k,147633,36ed2090c2b4b6ac775a82abdd2b8ea703e242f39bb59e481be92d69988b43fe
train,8k,167437,e9ab48f338fe0def2d003234d0b6a4882b2f662f1258b862ab18f4cca2cc1bf6
train,4k,108638,f1ed298a41bb06f7f28e23da2551cb9b0dcfbbf1bc38ae344d874c41e34e894b
train,8k,91017,52bd9278ecc24fc97a479dbcdc7662b2782a4941e97b6ce20db406a2410fd2ef
train,4k,40556,0ad6d12ee97a8789b999a22f67ed2d93f8d7936abbf4bf068d44b8ea17710f94
train,4k,139427,edb731338497a0e1fa7bf98c3893ffcdd1321835e857a737ae49d0d91682c238
train,8k,19805,bcd299523a64a02697d7857191fab39379e8346d89d593b320b5acfdb5d757ee
train,8k,137129,8794c99b57e110b33ada9dccc68185962def429bc43f789135a9e3849d6d10cb
train,8k,97668,7ca6441d16bc844a2aa094dead303162893ad3057d217d369914ec3517552bfa
train,4k,88139,748e9fa4cbd2f1f7a4e3a7012b927aad021dad5d654ce63e1cd0b1a2b49e4ae6
train,4k,181900,7587ec1d00ef113c85eb32b5cf26e24f5830f209bddd67ef178a1479205651e6
train,4k,93295,12f3d7bfab5719cef9220e50da7564ccf66ceecbfba017bc593e285e619b2713
train,8k,25088,56d936ecb525e7bce2620699e28cedcab9aa0d8d74487860527bfba4b5bab480
train,8k,83156,98564ca0f884afc1f8fd0998f376a20bb3db322d4d1433aade929a739278fcdb
train,8k,59218,285805d685d6b63ec63ed9b14c640ae64dc8ba8445f2d317c115f3be5f8c446e
train,4k,22703,31f8acec9dae3927dd8bb9b468a9f9182509d604f360872f5b06bcc441291a88
train,8k,36357,b81607b9c2a49635d9137b3ef337e1972054807484c6fb5b118c330d02d4639e
train,8k,73608,67f56ace0aeb6e464a306aec5bec6d59fbb4ebb6478db32623c994bb4780348a
train,4k,54519,3d48fb3d99ecdfa4da72ac875db10c4b33794307852b0ce98ba2dc058f054672
train,8k,2564,cc2672cdb876e953e99474fc1a969789bc1b5201b772bf0104b72090295a56db
train,4k,105104,2e09ee26b1ffe9febcc28dd10c581a8916320978a217e33a28c98f446014c832
train,4k,66254,fa2e33f9786657ba50d72399a9ba558d2d493b42b3c3135d420bd1311f13afee
train,8k,107562,4955baf707c562557cec343da56abe3b1e4ac633c50204ae6299a4a05313dd12
train,4k,23236,4fa0ba50a237efa1c56e44cfcfed8c9c329469e8598d08de5b9e964025289498
train,8k,39919,c8b6fdbabbd1493a695e8d6ceb1a6b9d0689e9dca2e3ae2ae7c5dcf1004f8051
train,8k,117940,789d1b9efcb522622204c9b7e58b04d6f699e207ab689a52a3b441109076f654
train,8k,110271,93064a576018ef10314eb8883720e162855312db646d8c453f0309a27fd2316b
train,4k,152305,7c2545d335413e5a3e980e24bb858a84b9e84674180b54c624f84578580ba8c9
train,4k,190219,51cc80fc02d6b130f011192c8ab8922813c39de52ddf1bc9354319a4c6cf81f9
train,4k,64514,c895388cf6bfe9424cd45db12ea2b34fcb508ab0007ec43b2fb1ca37a20c8a94
train,4k,162696,47fe8fe539ae346370fa6abe8f5bc57c35d9a69604e16b3e9cda043b134e8506
train,8k,3819,c5ae4094092fcb8b08edee01c64d070287f75d232e5bf5ea86b1ae39f1a9794c
train,4k,37658,ecf0836fc39d35ae8b337a4b25e1e9b63431480df467cf51c2b979b8b312c214
train,4k,23187,7077872d03244e4179ed852478d63b1b1087a69c303b0c59f3fd1cac1acda638
train,4k,180804,2647209dae3cc566c43488a48714299652e9fdeea5b49eb9878993c4129e16e5
train,8k,63812,f1df7bdb3d6a96b00332d69b50baa7dd13a141a81c8cb49a19bab5213bd1b301
train,4k,123664,685340b507b76fd2ddb26870b41075bb90111289743529f33a8e57f809e01cb6
train,4k,46074,bef9c4b0686ff0d952be89ee2ebf683d4b70f70d782b678e9149a13b8a09517d
train,8k,135679,222d8257de72a495e4fb2e48d10dd3002132cb32d0a3510230b91f0f939b8f14
train,8k,44395,29757caefbcea3493b2b5ebac90f5cc9eb26cf44eaef02a1ff900c6fef3a83f9
train,8k,72803,35d60c95dcfbcece62cc4a6b9d7a2f15aaa58dcc8abb0b9efca67f6707936430
train,4k,58051,85242bc512a9ed24d502653922df2c4bef18e5c974993c15364851e36f443aa6
train,8k,91207,6b040f1ba2e2ac2da67bb37f56b03df2e5d9d3337288c545c2cd10d0c85cf419
train,4k,20613,daefe004c37ec1a6fb56a6efa9338780d0c73295bedcc1b387c1dbf7e86fff30
train,4k,181809,0b9fa8faafd84e9b64b3adef9c92172a4ff2632d7845725fe50a1ef892482898
train,8k,180762,d76a762187d8274fbc970a07c6ae44efb7b7148971f0ecfcfe206bb92bc0e6e7
train,8k,58397,5bec6d0dee77e75ddae89711b6a20b6bc5169e48344008c0bb532f5ee5bdcf58
train,4k,97766,193d81ed9c779e622722416904601370acfea3e7d0ad01a0b8fa6155fa743fcd
train,8k,127955,9711e725effb059517956fbd3d44014bbcddd42302b9e84889baf04dce8c028c
train,8k,43809,c8937a8e8b883b618faaf620f63b917fbb8e207033ecbb5489febf6bb7041d9e
train,8k,74972,c4575a826729a1c82d9b24cec03b3892d582231093638ecc8f6479fbe1e2286b
train,4k,105484,2e1158c2e10057984028fefb6cdf25584899b9a8d14802f4aea8d5cd54c20241
train,4k,119589,9379dfe94a62a3aa27115c4ee2871542b76b1f5435afe190ebcda3e598d996b2
train,8k,28769,91d5afb1dcf4c66302db1ff1e6b5d8eb122903d6f4a1a8ab7fc6ce810d0e9180
train,4k,88612,32938ac63558d34311fa1d44a9b558a789f70ad5a48c93f3a27ff495bf6c37fc
train,4k,159776,d72f967e4c88415878ae62c29c3d77bc6dd3d15437e69f35a6fc495556d7cbd7
train,8k,134590,1672cd03975f66fc351ae0cc0b91aa43effcc2f05513923bf0ad962dceabe901
train,8k,84693,7bdfafae9caae69cbf0a80ce805c8d92d2450011ae290d528e6a1be9b513fe23
train,8k,136780,71fc7d69b8bae244163042425d105ddbf27ca7f9c1b73b27779ace68d5c33bf2
train,4k,13370,8e16224c2e5d7f93a6479ac2f4a8ddb0fbd887676f6bd07ab0aff759efb0fb9d
train,4k,140221,db05fb78e464764872f29ab7dc8b4e4d67a3adecccbf3dab119b5e0c0a93289a
train,8k,137410,d6917a4d920b6e93a2d8818e31bba42d296924bf201fa3faedeaf57ae94f005a
train,8k,89450,abf2bde8d035cc82b7a9ce848783868115dda7309bf4339f75000913a6be1768
train,8k,66041,5e671e181319ae85578aaaca13dee7d411ad7731a242e074458045b72dc8d168
train,4k,73218,905bda62b3d8ff2dd9d870a9fdaa3af066f6ee75925940051d5007afc955910c
train,4k,175436,f25cddc5c546955839d8445460edfe53666895fae9600d598dd0bccdfd627350
train,4k,45301,3d7368c7486e363de2ea1efc31f79a85fecb8a61e9ea4dc2e65d640fa86f3490
train,8k,131096,5b5c7a35da8027761250af9b9456bb9854be8b1651e746297bb7de90e804413b
train,4k,98071,7eba3eacff6a5513a1b20a163217235e9aad913fa86c2ac44fc29e2af7aaaf8c
train,4k,155384,5f3d1935f6c47565cc0a1f6b43cbe455dbda266f2e2a8fe92ebfa156aba885cc
train,8k,12859,c7daad4d97efe7d68bca4580b30657dc08d5f2f6a1940bd54c4dec5ea1c5b74b
train,4k,128871,8d951cabacd68642bb39b49709a6074572d7d7dd5749dc4c8420690291be2ebf
train,8k,30369,9a15cebcb97f0b68f8523004f4827ee7fb0ae5517a24c17b54961de5f5da4ad8
train,8k,77830,48112eb247824419173133fb42ec4f9af72d0929cb46989004f894607eb938b6
train,8k,142027,e382833f8c80ad31520978fa20f39c041aaaee05c701a177745e4f9d77e3241c
train,8k,181429,a9d41cca7bc0913a169423e0f975599d6acf9dade9941b8280c8398a77bce3ff
train,4k,68860,13819d122002b113efaf37ff60aca37b80969a105b319cee561b38ad36b804a0
train,4k,84245,b013afb9fdd191d6f381f1128a1051f6922ccb9862ea8ff5b339de12186f8414
train,4k,74398,566d5d8486b02057fc00d9957c5a24a205aaeb940a9f0d7f7626b8d6bef2ae1a
train,8k,133107,b26317d5448005547823e719b745095155787c96dc0ebd4459ec450035f654d4
train,4k,186308,b94b415fe3fe6bc3786f77b9908396739b95bc6a882e81ac1e277a21f45044d8
train,4k,179263,9db361964626c388bcae7009d73b6d8af258857f8b5c052b578e003027edc220
train,8k,174378,e356dd5ce8ec293d0dc7f84f4ad3f84b07d0a5c4b64c815656bbd300d299dcc7
train,8k,86814,4e7c43e2e579ea16b8bd888d97c5a77e3b1dcdb85e2c35e41b75700a0c4a364b
train,4k,168590,d8ae945a175e42a6b7083f7b4749ddc1682b92518b3614e918dc0b35c883bed1
train,4k,107161,3b08247dc7e5bf0d90b3698e9ff529ade66b86ec1fb1a52d9c54274351e6f43f
train,4k,10816,4ce7f9b82abfeb707bc833e6128f28236e408817f0a3fcca54f46490c818c613
train,4k,90115,c6b35caffc2c21dba87cf8e3a3921c94d7f5d18f7880d1883946e9b01fcd8e66
train,4k,66622,8e6425659b908439f83618b738ba4433bb16ad7e5931f223677243b4439a9317
train,8k,143826,34f425ed72116db34c4186686dbbf8f83910fdb4805deeeb24f03e02bd663140
train,4k,140616,719e715e68d3539661b6afd70e4e0366475944d73e41c6d866416c067a74ec75
train,4k,36119,233213f0120e210cb41566c6dcce1fff5af6399b47ad3a4eff3efdb6ea952caf
train,4k,149915,b3affddbeb49a03ee0332b7f137d19332254b94651b23e30cf3154d3428aa6f1
train,4k,48784,24faa8ae89b8507d2c591fcf2abb7cd402f1903d9d8a66e9d1a3d0a90f833588
train,8k,104415,dfc1d09a68797ed60d05241512e85a6ec878bad77c1057336e575dd5a0358d6d
train,4k,139609,92589ee2a85129b8f1b11981e384dfe64d86b79da1738390d21e780492492cbd
train,8k,120215,a4656590fea43da01c274acfc7c1853dd5a11733b36e765d69092d0c348864e3
train,4k,82447,f3dace5ff75753c78fbb1ce047998a4519eea6307417efad4b74e8fe7c5fd2f8
train,4k,19862,a4d4e80b9bd654f3ebbf8201b560db300a6c5d2b7cccc31b32f4cb030caff422
train,4k,134614,52ebaff57612578848ed8ab1bab22b5fd8bf4388959c476583da0b1ed81d278f
train,8k,22776,599a1de1c5bc69851a6bb7d48d408c305413a82e85677cce9da74e7bd883f756
train,8k,137623,b57d9c1aa5be8c42c61c9ddf777374dcddb6335ecf706e7d452b490335e524fc
train,8k,150131,d86594e16da2ab1a1d43e7a4d2767f60b40484e66db078bb18e537a53fd0de33
train,8k,83956,cf7930ef2df05440856fa91fddcd29418c1bef5320c9f5053c0e73d127ad0390
train,8k,97798,b96fbb15171b3d1a511fe5bbab9495525f1e7fcafc489e366e257af9ab4b2c4a
train,4k,58787,cd2cb969baf92abcbd96ffecfe671fc6301083cf1801e1bb0cdbf3a881fef4a9
train,8k,100803,53eb50375277c70a4f54cb14579831909644f2903525d3edac242e8bb98c9775
train,4k,78707,da2d77608e570d290787ebf7b00bb5c8bb3eb68e088b81ffb5a03efb9344d818
train,8k,174266,fe1fde60c28506f012bcc95ed0a6ce743bf091cfb16ccb5fdc59b3e5468cb29e
train,4k,75174,9f94dc6593394ba9020853041c2030a1f3939a09a97b28d4dc732e78f191bcc5
train,4k,17015,6e36b9f9d83db8ca3c4e6a022fbf7c9b0e5f6f6facf6305d21c1b22ca0c580f3
train,8k,101607,8ae0aeab66be2b287ce2a6baef7186c8a57f987d4d443508bc32569911b5e929
train,8k,159552,43a5fa95328b760b344de78c7e55aeff427f87b8bbbaa7d9be778bc7f567b378
train,8k,44961,47ea680fdbc62b1deae8eb33b5296f882dcedb779f74c8bb50a94f08cf7e7bcb
train,4k,31108,462773c71d99d664588077c0ad478753b509d3b4adcd3d74d6a15a07656330d4
train,4k,42434,b4582028fabe857ebaef6e43d2dbde5042c1260fcc1cf4044dc55cb2c683110e
train,4k,176617,85efb4f3e304b130e468aa34d8940511aeea2cf400383179251e6fc35b3c7abc
train,8k,60271,e45e298ccfa6c2598eae3c9420bd91b1c45c17d49903c654cbdd46f5954c77a7
train,4k,56486,65d452444baafe8cdf967fe50d3617e3b580901952e347877807391b0f6e0c87
train,8k,127602,8b4022588ac6ed342a6ddb19bde26ed226012e31f62aa44f9420e6ceb0e7821d
train,8k,150590,e06959c694e97b5b4b60090a501bd8414bfdf74a671b2c9b094a1c80afed8ac2
train,4k,136784,3a9fa6de5dba519751e5ff8bf991aabba0941cbe8d542a9e2a3a138a808cd3d2
train,8k,90268,58cae51ba1e447e1a8acd64cc98a88819703ed3ae5f7ce8198dd4257f0bb2185
train,8k,165294,bd67677bd97ad49f4b7cc4aa883c931c23f6f79ddd2040b950a74259b7d71737
train,4k,165730,ae9a3af93206ccf9e4679d57f14c2d3bd303e401b97241c7d0f994097a735b0d
train,4k,14471,6c7cf3ac8cc72448fe432c67da3aac3c0842587a2b6b4b8410a57a8601f684fa
train,4k,163045,0e74f1aa13c9b9681639e2af58c9d022752da0191d37abbf50464923373047e8
train,8k,123447,493c7cfc829ed7c690c00d17edfaf4304f35841e6833d897d10c43f631717d7e
train,8k,114358,4dfd1f5036b8706b56fc8cf274f874ec83ed5246cfb3f2f3f7417ff627a6a261
train,4k,111739,06cdba0c7699403beaf71a741c25f454f5ee842b6f77004b100bd8b0385e8e22
train,4k,135548,0377629bd37dfef7c2c8670d4c8d1a2e0ae03a690716f03bfa1b634de480f211
train,4k,127009,ce1c1b6c0bcc3a890a91ba3149aac1f44a5725d95e3f6432de78f88d9a1ba5cb
train,4k,130148,0c6d95fad958bf1523bc3d1bcc755bd1447d5e20125c88d47529c36dea31ec31
train,4k,80682,8676a816aa1c43c10246ccb974b1901c8440b4373a52d3ae7b8163e5a45c898d
train,4k,112140,23ed0e4e844ac7e608abef9cef5a5402a6bf4a763020262c7d4b2663d66ad9e2
train,8k,131898,2a5ae81e5d4312a4ab1fdcaf70430fe06d8219d898a4c48f05fc3b375a12eb50
train,4k,190983,92e518a0ab1f7321981baa3f1a3c944e358819d7bf4d9e8778eba2cca2f6db0b
train,4k,119761,f7764d59bf4cd7df2b1d05ec2903e939bbd0fe1833b0f858f0957268797db601
train,4k,119499,9920e5645ecf101347e0b27ecfcf59e48b2132e06fc581cba5d42be34b49d263
train,8k,119994,1a2f80f1d38a57b96c3bd07a15b19cecc34d36c0de9c56035bbb2ac499153225
train,4k,59908,b57ba587f6043ea4131ad44f333970067d3030a8c35a95eb55c8493f028e9b1a
train,8k,2588,8534c114eaf9e4fb51824c055cff2aecae287abfdeb6cdf36d9fa911714c1760
train,8k,65996,20cc6c16fa5ce571ac53cca2a98b5862a199d008831fca233a63408d9f45cf4c
train,8k,167072,35f21d49a8991e07c36ca59a9d6707b7e3e112225313e3e3c59f8fc83671d027
train,8k,8555,65f833640b8b801ecdedd47833a895743447ec028074ce90335b14a076c72f79
train,8k,41150,8f96862a9eb49ddee60b68cbf0b465cc11df4c348e820fd6907ef0f4cc39a107
train,8k,37296,d6bad02320893272debb41dd0394b6bc214d3e4e148e79125b60224e99bd009d
train,8k,96580,84ab9749aec8060e307c01e9f60edca4f151a951aa6ade6a6e3bed3e69a1ac0e
train,8k,19585,f0e97eecceb4264b8b05584f573f1fb8bb0afa28909e1b5933ac5bcc4817f14a
train,4k,107873,902d8c0ef4f6dca2d5cbf41b9fee1064ab403cc757aa0dae56f32380f6bfa5a0
train,4k,140779,07aaf898ec71a00d5ffcbe4f61dfd35c1ff925acfb3b840ec91791416d53e78a
train,4k,54834,844144b6453434047983d0431d1c7fb837434b358476603fbe6805e329753cd0
train,4k,159030,5c69f35f35080e7fdc831952ab0945a3ae85e0e36a8a937172a444df423fd668
train,8k,16844,1b8ef8cc2e317c22b09e0a04d44bdcf0b2eaf2cd7ee0b33e36e490fff22d580a
train,8k,4442,9b311299e8b5b8f9ef14eb38dda793d8d93b628440e489966f24ca3bbaf88504
train,4k,190972,888d1421fb80b1065758002cbae0c38999da7e6a1e4c25d1fb122c91613e0056
train,8k,134168,ed60eda787e01822588049cf3306f0342b391df7b5c1d74d1b7ac37e042689c0
train,4k,103210,dbe62e46475b2f39bbeeb1d18a5afa00062e2dfcd4a39b527601482cdd1bc18b
train,4k,61906,0bf541b71ad4ef1a327af861756463d9f59ad0c973460ac61c3caed46725d445
train,8k,127377,ffe4df2606a7bdd3d5592eb2b9e87bb8b5f195b7d3df60d3761d0012c9a5f326
train,4k,38789,e69324f3d221d043f88d1b41dee2b79afb13a5cf3f4859b69a03fc7c45c2ed40
train,4k,14015,a616d9d13cfe303cce66d3adb589e3ae0c5e4b2b85f274f0268fdb99a09ddf78
train,8k,83718,f05cd24ab1386bad3ad90b2e04de3240ed502e93245b2a6dda18f49080a8c317
train,4k,43252,b952fad80d27a004598329139285da1bb294a60598c50f225f1507f866c388e3
train,8k,56783,29b8d6686a29fd2c05118dc624ea70514a30e6bcc34bd50a40c42a048c82078f
train,4k,107170,f698f71432a00b53317c2c3442dcc9db2215856254b3382c5fe1defff9d90931
train,4k,170496,ce52726118e16015cdd206489fcb6b9d5de4ada09609362ed334e650489b03dc
train,4k,124648,d1f685c2773027a5f39ae39e90353f2fe524443b963c4f04a9555ff5ef053f8a
train,4k,91238,14a3433520e9cf8847046aa5d71d4c1384e8493466d02c4c9ef6345237d06c19
train,4k,126427,3e71a8a9ab303e9a3daad90941732775728dde302cd0dda91f003cf61a4faee2
train,4k,69364,1747cfe34436db6ff16ee058cc8a9e21660c4823c116281b6d83e630558f2251
train,4k,83832,b86d3ca87d96acb97bbace930e3f459d60efb423d8256c0a166c4f818cd0df3b
train,4k,144489,07778af8020fcd98481b9ef5a7ef1745f31659dbb5e4df2baf5ed0c6cf91a6cb
train,4k,27232,41e270260544d44a02baa32afce256dad80a5576cc04558fb652c6a357fee97a
train,8k,175164,d2ff1d31f97401f146e31572c55acdf7d276bfb2a494be4889a6b024fd84bcb1
train,8k,105483,599cee9568de7a64c8cad5f999eefe745bd046ef5bec6236b38f61b68d4cffd3
train,8k,59352,f9b380994d058dbdaaff6dc862d07a53a997019ceb046e8af9f31e12cee83246
train,4k,30718,7cc6bf230422b534f9047edd092f80f5cbc7bbc772738975ff69a5b1226c9693
train,8k,122138,c22d39285a71192963bbb98c8abdce4c1ba21fd7cc1f1e1e4198d651dfdba34b
train,4k,2004,84cf3b62b8d869f8d1765784eb2a5a521314591f8cddb3f09adc5d436dd939da
train,8k,153646,c0d38524631e81cf7dab00faa0047941086357db9d17358b53b628780dc318bb
train,4k,182702,337eecb5fd01eccf9b11080e200ed1157feb7659ad652a3f4d1ad067944bfbf7
train,4k,63577,b0f8236e8390eb255c4922c4b034b6225062f83b87b0e691636fc0d6b2cfbad3
train,4k,165101,940293434ff8ed8646d851a9a13586c3ba588a0ee90bc6ff3e7a233821fc2a56
train,4k,161660,659a32dd8ac3b4415686680a7def3233f8f6d2a6ab3c853ed88083e42f48ef60
train,4k,24098,5f38cc72b04aaadd41c3668dd4a04e1bb07311a567f6cad3e9d775e3836d5a24
train,8k,75245,4d161c26571e62f692f725fd9fe9eb54dd34b0799fe54dcfa8d9b56dd31433e1
train,8k,172911,89ce6708dcdaad315e003eb9012aae4a2fceb9317455ef59a552f1149ac340d6
train,4k,64603,a6ae5ecacb872840b69aa0d563484f2ff9574fc9f3bea09fb9637124d576237b
train,8k,85179,a6f44a0994a72a358017203dec8eddbddf3c408217b95c3b240424014946a168
train,8k,140816,64fbc1dbf80efa99059a90f468786ae912632d4d22ff63f51d74eab683a162f1
train,8k,170235,6b70b404c3a18855286a7016eb672df28143e3bc24be9f11fedf031134e9f4e8
train,4k,3517,89d8e54ae96b6c100fc34638b78997a0a493eb6e9c0b0989a507b0fc2e1573c4
train,4k,185023,9c5235b358df2d77af654261933857a106cc213a5e102fbff9ec4bc91962b62b
train,4k,111837,bc1ec630076c3eb19551606472768fe547c6092fe4edccc8225e5c83d497a094
train,4k,111177,ebcd8f8b5b2861cfb699f742f5ad4a93f1355bace046a678650d2a1003aef8a9
train,8k,61030,bb997d0582870d8e8ab298adf432cd22e9762903f8331510f3cda99458f973bd
train,4k,155579,7602a467115a27a811953d00203bafb8796eae6e77e17b1f69f0e3c5e3f592ce
train,8k,149029,b4ae645268dadc94608c2281827764246213142a318ef54a071d9a18de4e0098
train,4k,62264,4b32d35464dbaa4c1a735bab1f1d2eccf80c47efe3931926b3220de47e3119c6
train,4k,117095,b6e70c8bd8c5bfd4e892f8dc67694b30e32a8811988d59bc3b4fd81c3b25c31c
train,8k,124824,01dc2437bc454797fcbae28ed1277984fe380e70ad2a41803d3a848158c3e886
train,4k,151937,908a498e78e8d1c9da0f041ee5c6c77d046a09dc155e5daa2ab9bda8f8ba323d
train,8k,120980,9044d6ea916ed5c813151c69c0a97d83292dcde7d8ff6c0eee060868ea73f2eb
train,8k,112560,306baa92fae14c8a3a7a05b159f40f9a6c8bf11a5c00a7820257d14fb28e49ac
train,8k,100261,a42aee69b9362ebbe62ed5402e7630bdfe4ec3fe73048756da4a99901a2a9aac
train,8k,10185,72a4b94980d04b3d9e13eb1a25c2e143c5bf01d10527e0ce3b20a2468e851ab7
train,8k,168721,d2b9eb4d52ee3510d680eb37d23448cde6cdbcd0e4a9827ba17a4beccc06ee27
train,8k,603,bb9d78a509d15a05d701ebc612e7e9baf7b751d76b5fb3477a70b3ca0a3119e6
train,8k,87885,b416a67aa64c0269421a88c3481e0053932e00693e490fc353292879f1195f2d
train,4k,41701,082cc2b70b0280416c815bbeaf0deac97d2b6c1fec238d932f93a8531a8ed37f
train,8k,15863,94974dd53f1c87657b306eda785cbc6d7c039c44da44e4ba5bd5a46a3f4b39a0
train,4k,100245,afeafc73a9c0ae038d7bc96f420596bb94ad1a24f621727d63c1f749caa3d474
train,8k,168169,8cb948fc7d2a1c949fd9a7c19137a3ce88bbe2ba65c2fb7d35784550d3fa23cb
train,8k,96535,327f284ee299b50dc63be0272ed0b6fde11c50ed7ab1decbb0ac71e154f3160f
train,4k,47578,fa6521b1ecdf650824579fc0302bccf13c38866999072ca111d4af1b8fde28aa
train,4k,3998,e5548a4dccddc3c4700da137c8fa33d44d76ab255b86eaf1b368f1fd2c534e1d
train,4k,8887,887a19ab54d44ad81167d92647e07402ea995fa80fb63c8ad18263c4fbe92d83
train,8k,118527,28ba4a2ea256e4315a271a01f6b9b75c600c1cfadaab71aad0e303d28b786b4b
train,4k,170642,9022d4cfe682ecf9bc6f927e113311e377884e1efae9c0cc6cf2f91f02fd27e8
train,8k,38036,c3df5d641b84278f3e47dc02fab6eb73549f33f5456629286fc63e1b17e5f4cc
train,4k,9373,6e526d9239bee5749df8b4ccaee19c100b7bfa30bd2b3609eed7df811c556aa2
train,4k,184946,d002616ef7a28f3ee37450e8526e197414acf1d448a159cd9d4bf8c5a24a770d
train,4k,121809,151580f2a8ec2cc6fe6d24b0d4494f2adc97ac1eed7261c087318e3ca09074d3
train,4k,140807,9d1e0a63ad096e4441d496ecf7c4f05fc99b966d4a6108bf2bac4b65c9499251
train,4k,27599,b4d09ada2c202029b5943c1fba50c7d02d657e0520f2b0f348fffa05e94179a8
train,8k,37797,16f6d07a2e39d5fa519e07cb4a8a01d22a3f3dc4ac41b1b6c7735bd9bf8f7d72
train,4k,6954,1cc3b9d5586c9088f91c9ea306a460ca953367d3b1cf3be3abe594fd62c88294
train,8k,139378,1f81cdeb08f1583af32279b2410aa80bae55a224069e830990cee738269bfacb
train,8k,26450,727ee816534a3b1cea2aa9514c49ae9e32e1c5aef395afb741c9ac4c482d6a17
train,4k,185161,beb7a79c007a2759d47b4e7c6da7956d38578567b1a471828b8005d0bed120da
train,4k,46552,bf3226287778499b9041c3b4b7e57a74ef32b9a84b7c1aa7a7d72e80654c32b1
train,8k,22581,1760e796d0fa08f10e1ba8e4b17742a449eea2a22cbaa1439e948f8dd68e8181
train,4k,73477,0fe05982c81a486f697fad444a0e41d6d18d9ebb07d9ecfeec1ae6f14107ef4e
train,4k,136243,98e7cf28d9b81c1c0c3859d08d888e2764fad977041eb282a48e76afd533e26c
train,8k,179871,1ca21ee76074eb1ae861f300a28485c2de47c9fa1787b912d05adaf4053fae77
train,8k,138388,153a108035b11f6a4e631a8dad45c428ef629af4f589f0d3168243708d5c71aa
train,4k,145390,75ffac6fb281f70383cbb14deabd00edd499b82f7d64aeb73e91e1f37faf0d86
train,8k,89500,400e8ec9c8cd9936c13d3e3f8eaf44431342351520e723c2dc4cff859153efdc
train,8k,64045,40ce8221a4aa542b251480d83717e157e2a923828a27247c5909834445ec9e4f
train,4k,89042,f3b5db91017a70601bd8dcafece09a4d181bcdd20653965f49abb1b22bb782c7
train,4k,45943,2d08f94e275514d17a0c221a41273a1b37895c1adb8dfeb2007db73d0de64420
train,4k,110163,da3a2972f725cf19adcf681b3db70839c085be6e4992be7ecf85cae59c9abfa5
train,4k,133759,56841f038a7d0acc1d5e21abcca28daf4b7200e5ae90b4aba8110ce953fa056b
train,4k,160689,26f20c8f5f7344e33b34a58bec5290d1b59b38254af5687a3fd4502278d3e9b4
train,4k,111519,62997121a9ffe2292f3695dee0d0d7a9bf29bd1a00ffce660b43446eb54f4008
train,8k,180806,2d49d6ea35a85c567689d2aed9b190d02849cdcf3d601294c707e7b782f6c861
train,4k,54241,d159f843bd9401818f429e76fc463d549252056c0c235c07307ae2cd2c8b6996
train,8k,155718,6d01b10e8ac66bb6b92537391f0f7a90ab5598835b32b86defe156567646a4e0
train,8k,73691,aa2513a8bdb3b69c6aa276f00fdd8a3c5967f6deafc1d86d25ac47fdc0069840
train,4k,106899,a3f208422e002d2f9c721bd8afdf1fa2748d553f5b7231e4619e14a74cf3268e
train,8k,62633,8f570737513c1f5f249068d227fae02409ae198dd08572ca88bd0c2d35d1f097
train,8k,114290,b9ad69616409eef8d70771b5bd99e76f609c685daa26c70455a1eaa58c00c69e
train,8k,110280,80f161d66be0a56eb6485161f3b3cecd9b93cc7f3539eca423e44c7eea466f40
train,4k,141195,dd95fcd14ec348b69a45f4578a98d0fa1c3a841ec1e0cca765bb3e6b501c5f96
train,4k,156225,1eef2fdeb38562051ca93e28a97c2c2477d3137e24fe43d20c09a2487831af9b
train,4k,184037,3b26c9a015fa76ce41b166a2119650d14a3dd3ba8fb4a502c44b9a8c15269339
train,8k,37236,0391d0412a05ad3198134cbc59b3ea9dfd4b7b12e3c32203ddae1da0e5bf64df
train,4k,78790,f89a3ad0e88bd109c3b9a9fb72973bc6238f28efe321f3e44a8045f7656ee2fc
train,8k,157331,aae7ea4ea600bfae6dae1e465e1b058e2eed015672915bdab06fb90c8754f13c
train,4k,145274,ec7a462464e6130e836d4adddb715224c6799c3ad234d45307d1c316dfffd2d0
train,4k,125896,871baeba5db4a4d5cd9652a0016fe50f888eb3d9468e81e0f0d99e2de06d468f
train,4k,18096,be5aac5bdbfc17983792c077e930d40893e327cd7c85349610cab647b9027327
train,4k,129760,eeb6927320171492e8ad2c516b457efcad633782ecd6e2686fb57f296ef55ccf
train,4k,162645,c3084ea7b17ef33506c97e5eced2efa3ab674755cb11b7832eac7dd7fbaafeda
train,8k,169459,ec7565ca5268f6f27085fad876f00b632767dc16bcbc9c1812bff22128736b30
train,4k,132594,5ad1d7353f456660ab2290a944591e80af36ad6f73ef63eef772bdddac6c4afc
train,4k,34008,480b448db58fd24c993bb440e7e66910e4faba099d89f56e6e868d02ec303d3f
train,4k,25511,56b7479b80e44afb0399c30860d7252a44a5369af8e355ee50857ed167ee20b1
train,8k,52765,d3fce79dd428a45bbaaea4dac849cbe67bc6edd13d1cbe8ed1274a4a19df765e
train,8k,121375,a9f59baefa7e9ff6841cc60916016d29503c6a099b41565d792320a8038d3dce
train,4k,91197,f796b9d24803359c977287dae206aeda7b2108a742824f2621ba3527123c0023
train,8k,47390,f4c869fb6b85fd8ff4a0f560ddc5d148849a0da8f479bf9c39f6258453a8a993
train,4k,124078,e0912ded1ce87f0c427fec050031b8cc871e39e074bcc3b62bd3e652a43d8e84
train,8k,63029,0b5dc6214aefae249a3615de8d20787646ed56c76332738866750e8270e77b16
train,8k,120986,7941bc5e562d29e6609971f98b09601f87988e62475a442e0e47840ca3b39eca
train,4k,93835,55bcb4cc2be831d28b96a7fc832ea1cc2409c3c00ac7eda9d539e7e374e0c79a
train,8k,27549,b285a19239946948c4a65bbf98acfcba090854c372a956ac635e5464320a5c1d
train,4k,82914,25a22fe2a183c8775a6ab241086676b012e01532f819a7a871fac77c44e59537
train,4k,69134,fe28d10ac4baf10e2bedb37e7fe2e3b15bdae24c883c4b55d874c9d1d3df87dd
train,4k,188762,01a616c4d4abee0f72234462c553ba4ef5a7408cd7e4d911225d8f547f9f91ed
train,4k,50932,f23924011d033f46b74479d7e92f05b6cd9044f1ef3ca8aad1a8a8e2f322a2bc
train,8k,4269,ba35a3b54be602519b0964d16dbda7f461eff0b0d1ed5d7a662147ffc550c8e0
train,8k,67612,e7480c260252c60176c6dd381ebdac9bfe7a899fedff10f8ec9fda4ebcbed84e
train,4k,190474,d2cff33ae952e3b8c716c6a3ec51f2541ec957b1ee49cb4bb3656d37c2657c3c
train,8k,93986,188ca249d766622cbf942167c8d7e93a76fe1d777be321401178568d411bb1ad
train,4k,33430,f938fdbfe8292ee9fca0ee1521ce6f9a6c72c8642167698bf1cc861418ecf90b
train,4k,10480,e9f2d5fdaaad1f2b60eb50b3aa0584fdfde5d8beba79f8572ccd8e09dd55d8a4
train,4k,77740,3352d9045be828cb29c581831fdf8e4c7539cc28b4329dc079871c27b587ae86
train,8k,97208,d31c16d2606da916f3d6ee69f59545264a218933b445d4fde893fb8eb9fa2f67
train,4k,131437,a30f9d1b02e334ba26bd6c7316bf6264bbf20ffa8483e6495a5cd6c66b18cac7
train,4k,136371,8cd26ad17755d42380566441dd643929fadfa6830cb4811d6f0f35ff7352e87a
train,4k,133378,a2f2f27fc5b98aee36593930a1df8a74a90f9acc22078dad6403c4e638068a6e
train,4k,150250,c035fca17d0b117dbb69d17dedd93a90e0f5b0c43407172672fc17511e0e4774
train,4k,19617,62462c83681e1ac49fecaafc60c455bff5b26974f2c0fd146448ff76de2e8c0a
train,4k,54460,64b920d33b0bc85d3162343a58fba208cc69dd5452da9d16941218ba27d43781
train,4k,51726,47e27d0aa00fae0107871ade86c51f894afc8627baf2f4e994569ee0fb61f05d
train,4k,68294,2fc6a0fd571a56b7555f496c7f4c3f45fa9bbf70e217f830e46ccbb84b1260af
train,8k,98137,ecca6752e3741d611c623b8980bd30b88c227a5a97f810cda47d9c9956c05597
train,4k,156898,a60924d13d0b93d70159dd55ed3162214c9c36597e069a49d0fd0f8711b54873
train,8k,14121,40fbbff23cda7c41cf8d7f9536812810cea35e729184741d939fb67c7bcaf56d
train,4k,48550,1437224578b06ff9de4baa4508b4e06c1327be33b3ca0bc1296855791e5e752f
train,4k,60977,bd0443ec1129ecfcb3f1b9048ba4cf4da0e4b74b34eddfc5567b15d6ae001baf
train,4k,70424,da940a4fe893c13d031058fd681ef25aa516d48b08e2a89630000a4d2142a2f3
train,4k,46582,d7ae3c5a7a23fa0a8e849ad7c324ba6e0c25bb6b516c91d773ad12b898e98854
train,8k,174322,075844dd322cd941339b9dfdbdf14ca4ee450867559eda5bf16bfab60eb06357
train,4k,180662,08daa92e079237e53a644710b456344375b6e9bbefd2cf6ab66536142f86e3f2
train,8k,103958,4e964332a7f2a6872ce776b912a38c8ff658bb485e294d0df6990904c7c67edc
train,8k,20202,a372fa09b8c54699c094144f39ede00f7987c32a36b8342d92f877f830cb74e6
train,4k,122284,9fad548067b537e0070bbbbb658248fa3bca4e8c9c468a82be7a24330166c8a3
train,4k,69871,1b49f41bd10428b13eea278bef4d034d9c7e1cf2a90695a046d4c39c2fe64d79
train,4k,60526,13f3e1dd85d28567f06ba2b63adec505763a6bbab3fb14c8136e63d456d4d7a3
train,4k,100422,7007ccedecf8e9708fc6f6a1418de8c4c586ff4f6655e5aa6481a5b854ba304e
train,4k,11069,fdd01be416c5ccbad3f585a77cfa98bbacb2beddb822d3757f8700dbeacfa839
train,8k,28350,0247f2b52913e809a58bbed0bfefd64c52c6f0b4dcdde4827731ad7e662d633c
train,4k,105981,7e7217024d466eaf7d7ab447d16cf9241806541de4a5c462a7dab1e4c144863d
train,4k,182031,23da7d5c8c531d90c4dde10212389430670660418d5144e84d9d9f4dc62b0097
train,4k,13857,81176d104555a187aa3c6bf9dd10cbebe60b25b5c6969a6383a0bb85553c9bc0
train,4k,2853,08361398d3f72b0130a4e2bf3f4de5f2b3fa38490b315612ebb4e1dd92d9fc07
train,8k,16269,c056c70ca406d9d4f6b6d71b34443363ad016ef404299863cfd05b8b4280a15d
train,8k,163713,42a9fede968e6346f758dbc3c4053021a57b65bf95b2d1fe520ae05263ae1071
train,8k,97765,7e8e10c280a87a7d45e3d639dec23a9c073287978761a66fe092011f7e995f67
train,4k,102739,20d3ed3c17c2662acf585747a1b438aa4cccdab7b2a60d9d91d3aff536a9bced
train,8k,18433,6646aeed987aee04b5c6c04eb0eb11edd0bb4e7b6911f39d1312ff13860473ea
train,8k,175768,894fda8f6a77ba59c0f5da4485c3d4fe7f6e1623eef450ea9867204a82b80996
train,4k,56904,cf4012ffc1fb09e31f166c54ab38acec9b9436f4954e2630565d80e8e4900779
train,4k,47645,b42ad5c83568f86195009baffd9384106235ba01f2d0014dde8a790b366fdfac
train,4k,114222,f16fe7259557c3e81a05dd9dc8879d76f8e48d7b38bbe8f2fb7a1d0a82837c10
train,4k,174825,f74a6adabc615823994af4d3afc48abc157a896e0b5ce3124226faf955cb4bdc
train,4k,87014,6ddebdda2af0ed001a511ce8947e84c00d1e17648e62b6f36a1360a458a87aa1
train,4k,149683,d05088e81927d28fd76e6b29b659a58c16a420fefff7079712665b729bc41d09
train,4k,28726,dde1daa87c63c8eff477341906b62fd75ae474d7434c15c22e418e6adb10750d
train,8k,163650,08bd49abcfdce669cd47bdf5fee0f9b0964efa3e905d37923c01a400b8b28189
train,4k,46459,f08e097661bf9493005b7f24f5cdb1d7ee20329c39189268133b971badb6cf3c
train,4k,61678,be940a2dd4f852b96c41850c9c68400c6663cebaba6079962024900f4b27d344
train,4k,76004,18e02fcc37e8f6eae925835745b21cf1038f69ab74d3eefbb9752287f7941676
train,4k,42611,7c7aebbd7b9dd869b871089bead9655ef4479c220ea55a26a7a960e65eee9439
train,4k,46421,5aecacc411de751fb101040aaaa823458f0455814551ae54608a632d91b98979
train,8k,108957,dc1eb60f73ef11a2ba381e44a1954702f880bb73447df89bc34b22919043fe1e
train,8k,294,93e5d0c2cbd617781dfb3529f2f2dbe53b6e2ef3907d4e5c942fac2ffa713793
train,8k,116645,33b32741878aa5ac7ac5c21e70ff93a2391adb19e4cbbf3c7603d993cc1ae508
train,8k,44844,2fb7585f5cfefc984ad694bcc24c44c61cc9dc9381fa1d875634d909439e0ed5
train,4k,189300,9d14cc06c73863b03a6c27896b05d9645c47f1f7e7c72e671c4c8b698d56cc91
train,4k,83236,a51a26a4f4b77ecf7597013596e7abbdc8230f49c6e1faf03c62d1e8429f740c
train,4k,161498,f9a8b72c23d45a51d51daecfd7ce658aa35c37ebc0b674f3ec49b9bc9ea1e22c
train,8k,180012,efa0529d11e100fc330f0414c2dabf9cf2b3d0502bc32d258e335c46e4415419
train,4k,14213,8ca068506c049e52e1b14e234cf20aea37c180990e985961abc6b7c4a63ca9cc
train,8k,15817,83e9adf65c8567e6c55b0e8633dc2e134b18571bfb0f9910341fbda8d2800742
train,4k,4444,e75216653fbf3c2d247622a70fe166f53959afe3d0de3f4afbdfeb0e61b496b4
train,4k,77469,599dc02eefc754a9e1a0f7a409e5151393da995c61f7525661afd0a699358156
train,4k,83473,e43b78e30e1c339df5bd8953585f26bb5d7ef8de136eda3e83709fcff4a60487
train,8k,74690,995b31f75399e43c2448a8c1e6a2984e623883ffd2e49f4e90b394a8e19a5248
train,4k,22770,3bf8dd99c8ee142a408285dbb664aa52feb3c324aaec679668f82dbab7199899
train,4k,113320,5347fc26b98875ae8cdeb0b3e785f6107d9d1a8d14104fdd117ac7498f4447bf
train,4k,20667,4957e90f8d0f6db5916b3569dcb79eb72755f999f67811008ef4a9a3c9d0480a
train,4k,170186,e3a5c42edb38fa04a5f03969b305ddd6d755a9fcc68d9cc7ef0ddf258bc99f28
train,4k,67769,7c1148683fb2c0145b7f91cb7b56e0a547910ebf04522113b3b6d9cb3b664824
train,8k,78712,b62b49f3fdf0f262a52ba8a06ae83fa776cca869d3e578e20e68973a2856a00c
train,8k,33718,0ed82693dd34ee7ae58c80325cab4d33b7a8b7c8e3ba974771481f10f66f0b21
train,8k,173866,8db1e44973f4e29a7474994aec80913aa0c8c557c2a34c258c3009c6e503c515
train,8k,55832,a37a7ad6ae09c7a69e7a5f4dc136f8415b98fd790a005b78c6c37311e1ebd969
train,8k,37190,698a7ecef99f8842d5c1b2819fa8a85cb81e397cfec58aa24bea52b7178ecff2
train,4k,26812,fa24d0aab48bb91e0e2746be94528f10c9809fe2eee0441c06f6789f364bd29e
train,8k,34631,a6022fcefd89e26d1f06d5c59258f59e028198e938c46252b6ea55b088e2c2d9
train,4k,169147,956f500c0afbe3cd09225e9c5bf6438c7bc42d8203235950c22eec053a597987
train,8k,41959,735514bd6a4e926b277827f406e840c80829779b83f957543d1a6516db89643c
train,4k,92815,0d780375baef889f2bf2982b92f1b8ada44a5be7def6e8ee173186eaf2d5eb9b
train,4k,153802,3887fd2e4772216d92c9cfd5090b185b20d75bf6ae14c0b801268a0c3d5eeb86
train,8k,17728,d3cf37541fb4fbd2b4d43692af4aa1752bdbcac360ec1a032544782e24b4a6f8
train,4k,145675,3833c03937e1a3c3ce1e9a1c6f988383502ef5262200e1ed5c87245f116f7c4e
train,8k,43965,400837d5cb4ace74c812054650e220ada1d465f8a8460ac51daf217edf28af4e
train,4k,44861,4bd0b34cdfe146d21cb4ef1ecc3abb247810c94d5121ca62ffdde34bbcd2ddcb
train,8k,34980,62859df66d227ad0a8b057f683ea1fabda7603aad08bd8618dd28aad412da413
train,4k,9334,6326dbb3e740fea5405fc38d05755ccf0a9f803065f3a335aa5c6cb9565309b3
train,4k,161581,0fb1385e3c76b75414f1d5b3a7c4282523a308db191a3e1f00d15b935cf89f53
train,4k,169582,65114ff3a58090158ab0349c6530f4daf90f0b9b7163435b1d6fcc2d863fffd8
train,8k,84986,1774ef893d528577717810a4dea8d25c24f178e6bbf05d3dd362db3632debb5b
train,4k,11778,dc19b47b193f24e3b17637730ea2e9664c0d2df7e196254b84c7c22e2a49e41e
train,8k,165581,8b5d7f195d70c748d3fe3bb3d6a66e51592dac2954756ce023723e469e779ba9
train,8k,140451,d271ce021301f205ab6cd101320037ad2cb27668b8f64fbc714f9e820d473436
train,4k,23577,aabcdd14e1ff45a3422f2a513761c1ccbc9f70b3c34a44c99befd8a37ad1df4d
train,8k,25735,f999cc43385d549a512fab300040cf4664db46732e97e175867fb90f0644e646
train,4k,45617,27c0bcf4d254b86e291dd095213580c497b0bcad4200ef9c4074a1a110200356
train,4k,135971,1a614df6b8c3869d7d4442883c4caa8053ea2f41f2ac02dd2fe4d715f7164494
train,4k,60116,00ab1d02d3278c6736a13704fe8f5002005f1ffac8be9fe94b472de8480ac2d2
train,4k,72775,3b0669875592c61aa05180b07bd7ce1a6aefbc9d929d5a2adfe150d0a5c4a68f
train,8k,41449,f2d37d79dd296517c935b0bfb6a791779fe1e14190af356e006b099b3fdc02e4
train,4k,76081,6085bc878c1e21d451bddb297c3031dd1a061dcd2ef396fee8a9c81ea3a8329a
train,8k,92571,a4fc9da24945b87c90de96a28a179039d1b593c3228d09b1079d633ec8d7770c
train,8k,73542,f229dc896bbb73275010a210d38592144a3d67d3aa939d5f1e48686032fbe3e8
train,4k,180418,f31e98903852d2d42661f1d93aef90f7baa959d50223cb6695e5f0b0a2d6db28
train,4k,115463,08d2c07ab1299d99825b2ebe452624612fb6a7dc36378bcef01dfa122c20f5c2
train,4k,191049,3256fc247b8716272b502cd285b95cde1165044b5c26fbe30998188854c4cf01
train,4k,70976,864ff8bc34bbdb6854c95aab760b196d3c6f4291015cff2fb268dbd5884fafca
train,8k,104483,fbaa2b66be0cc4afb733a9776808b4eb2b88319ad9946226f6b13cca65719f4c
train,4k,120882,9e79a928d677cb8b5d4018da703ef70e0803f8e068afa42913f59fc3e0d3c7f6
train,4k,23666,581cfd754ecc581b0a0605770ab285000d15385f1fb56d04083e30213c9a18d1
train,8k,88002,d893102c056193e3bdf1b0ac6c27ba5b1afbc11771d995d8680371dcd8edf95d
train,8k,53587,09aa3f7b2f08e47d692a9fd1922ae39a5b7d6131ee1d3c50d44375870fcafc07
train,8k,63762,1ae3a6dd964aa91189a26e65126035c905324d93d867246868412435f530f633
train,8k,86043,fee9d7847213e1f64248b713d330ed7ec29af70e6e393ac246a6e24163a0a681
train,4k,26936,4f3a6e802383d58f928d0130e5aca71a1acc931865a4b5eebb12f2b085485fc5
train,4k,131902,c031233990c7dc1de02e77341d66844ac9a2f417606b7d264cbc25dad25181ef
train,4k,119439,ad152e0bf142a7e26776cd86e95d4f68b0d88e928faf212d9818e8783a69e3e8
train,4k,52413,06b6b6674c83034c2cf39493eafba374b153b79e96a7173ad3366636f7a2e466
train,4k,62025,ce5860dde66b72aecbf505036e8b93b030615482b1b8e18db86a176ba507b296
train,8k,113412,2b97ee93fa562c57050d636d771618183f01ec6fe180c059a30775440da2a51b
train,4k,145237,650f47d28735877c51b641d3ee991f176819166719481772a1cfd8abb1604a20
train,4k,73730,ae9fd9faa47323ee14168d857f6764f8f3c9a85f677a75c96363ce9dc58ff635
train,8k,28591,3095bc1e73751703144d193249dce2073f60ec76ef6352ce89ee8ae2001d57ef
train,4k,153957,86c37722ff22aba462e46886b51ca385e42777bcc8223bc118c752e791ee2d50
train,4k,182429,27db1f00ff71bc3a548d0263f4a8d9439be3cfb4b7acd096cee72eb371ffd215
train,8k,36798,5f8adce269a84af6d3b2ebce0d04a10f556f0ac1039a38b5dc9494621e83f70f
train,8k,72142,6a366e17d07ad4410c8e4e0ab4540c6b2d8f309ccb357b20bf5521ba988ae81e
train,4k,115737,879d4ecec0c89df1895901054dfc24df3f1ada030439573eb200c60e0166477a
train,4k,36678,17450d1fa7a6a08ff08f4b4c9e44f40491d7bdb28d0b6c4da9fedd68534346c9
train,4k,33019,5dc5d199260d5bd65d2e4a9191e1e3d2f332d18cf4447d33df2d0e6223429d13
train,8k,39887,96ae4b1fe7eedd5a8628c49bc01f7403af1490ab7396825463666036ae984736
train,8k,69453,61428b2fbb6f906effbf77a9926804dd202d129b1373242c2b0e2a5094651f18
train,4k,173068,17e644e6232c270b1d74e1be75c814cc2d01f2163739e73d1ad174dcce94a763
train,8k,166209,b71cca6e8dc304212d606a0baece7bd8a18037db19e6eb594653ada7838c9138
train,4k,95232,7cffc1b578e5fb56ad413961be43346c72d342a00f2a482ddc635bdde16ddfae
train,4k,81452,bc64b694be1db146f3d4fa55bd5165aadb5a43323daaae1848919b856602180d
train,4k,124305,5db67d9007533cf01e5c42c54e74d5f3d0e266526270e79b869041f03f311946
train,4k,72123,920e523783351369a618c99e3f82a6ad0babd1ded94722e3e2db7b28409e7688
train,8k,120013,ca174f48063368127558b9b1eef2704f14c1373dfeb9108be083a367309dacb9
train,8k,33150,df1442a0f3111717f9cfb21da8c34a012e99ef459b9b747df78be9449d3b3b6c
train,4k,29480,969565741a72c23c00baca36ba24d4a6ab88e25c735d596ed658e4b236cff35e
train,4k,80074,21bdfde83e53ea1ec3fb6df64b96383f5066c7f75bf938331a6ecc024ca66f2d
train,8k,98565,8c2ee114ae237a36400c7a1faaab8b543592e1d8ffd19b35102b1daa06b6505e
train,8k,17982,d2c5c59f71ddf8998bdda0c94d177701362034967316138dc6a0fc80aceb297d
train,4k,84585,fc8dfbbe55f02ee5fd395cd435b7c8e38c8b71dc8f1394ef13069e78fc2802db
train,8k,75390,cd9fbdb2a9ad4bbf8bab4606ef0963b3903c8af3fab5b2ce1b0fb0d514d9d9e4
train,8k,45589,4622086a56885655f400f7e934c6ecf5b783b7b0e611fd132567595e22765e27
train,4k,16277,9afb7b0a85498838143bad3da377a499cd1c8d8930f9a595af4b1380b86a61ee
train,4k,101893,58d9c5ef81270d2ed10783fdb3234d37f0adbbdd328653ad2c34e0e9b9c3ad7c
train,8k,3862,1764045cc8468a61bee85faccc10ef0fc833db74351f0c36e2de173ba281d12b
train,4k,76232,12315e204bb291f346beb0ad1ebfde085f113d98c4b1fe459530873618f79e64
train,8k,150449,3e1584c61f2f2b4b052dc4a13c930837d7adfd8489c47b3cb59c7e928ee2986c
train,4k,53260,0576d9d8ee8412ce6805a5067dc17f7ffd79129f67ec5d72aa7a6ba83af7024b
train,4k,47777,3706b48dd54f62d61ece8aed116aa770cf4b7c800b09513f744c8728c5e5a2b2
train,4k,15832,a99deed456b181d1cf2fdc016662d4b9484cd9d81cf79f864447bd64fcb71d98
train,8k,121669,1ea51e2acdf6900dd03b9b60886844d9329083e2f1503fd4d1ed5d6be018b7eb
train,4k,92003,1d22c13177f834c8b106ce9a39e74ddd4affb49b2ec9159026f61a0f7adc5506
train,8k,149841,12436dca0427acc9c762213642d137cca51d6db313d07ea09ff06a59e013a4ad
train,4k,16042,46095278bf7ba49bf0ffe3de0a9c527134a8ff92ee11cae8408074d7f364bf16
train,4k,76020,0c41d87df1db986c07619aaec13748899d8fad66da5bd9465f51afc28eb9147c
train,4k,89714,9ec576c70c187bff14864cb997ca3e32d9822c5b9e5dc0e75617f4253c3a2e38
train,8k,146801,b05ad519ccfc6b0e00120b03477e276f99e70a30c9d8d96ea8001a2b7c5f9056
train,4k,13192,beac3cac82683f9a10d71eec3e51e0dcd9bc6902b0f1f2d87f40adaa0ed49c82
train,4k,55529,6ede3ceea162ab3f5fe706929efc4a7a8ce6f973055cb3f18b728f34a5f73b33
train,4k,135826,b951efc753ac0ec040d45acb3dceebb0fe6b738232e6a05bb6031f82c5e4b5c1
train,4k,17539,2d9d914855fba1899e7689744c16362c2b48a1a8645d104d507a79d914496b43
train,4k,38056,5e49f10a5e311735e1f0e970037233e38b0a32a4e4c8374222a2bcdd345b9966
train,4k,126356,0360ae6efce525827fee6c4cc9df396eb00ea6acce46d4c77ae92f1557807007
train,8k,91038,e57947927a0efaa32db05784d98399081fb600f6573ca6b3f486891a5c841197
train,8k,75951,8588e9387a5f58f4f6fde365b8465bffa91a9a3e0896cd88419c862ee8d136a6
train,4k,100295,e00b77bfc98e7d2c1e0f1e07181330f45e1015541a70c46d5b4076b347339cb8
train,4k,124164,d40beb6d0d639ea4de3615e90351b714dd15436a6d9c5929c9a6036a511d2d6e
train,8k,117112,985d751125b70c99c31c655a2786ea6205472552c9208b59744cfcd8afd8bff4
train,8k,110439,428dc0c39849a94276162d175b181cf9069b228b9cb3fcab0bf767354bb65bba
train,8k,23621,cbef43591f0c1a1bb203d29a5516b753339c06c5aa4d7224ef8aa50c3f536aa9
train,4k,75869,09fbf28ca1225f238bdd3c2b22e501407f8c2bc5a6616bf932ab2a1d82e3493b
train,4k,178528,c6e1093fe27ff9e8bc7bedddddfd4922aedb6a8a6e12d8be43d8c811c22caab3
train,8k,98394,be95a4fef6b235114982b01d137facd3e3702386f5ec2a2d35459f7d4d93f4ec
train,8k,127760,67bebfdee3112078598f086491bca48dd458571ffe106d9efd8592f1c4ebdbeb
train,8k,29478,b9cc9784f5e648d1ad63a46845ac78ea18ee5f66164571e16a3a4ab219802adc
train,8k,28596,52057b172b62f1ba1679cf8e9d7540f5f7ca88d084063e6bb7a30dd85ca34539
train,8k,98582,31ab75db615448389680f6f4e2b9e33ac66b68c76edb405c7ebf9541d0197f1d
train,8k,139214,23a20dab39808ea1fda8cc38820bc3a0d4a5b949076c0638f274edba04091bc8
train,8k,69953,081777a0ac8818d2b6e83c4f80c75578b78ab9d204e4388536481855c28c7d65
train,8k,162511,32e74e5c18968950150c33cbb3c898fba9905e4c92beb691852aa8834aeea139
train,8k,14134,4a51255aec453a0595eb07ecc24ab1b297960bb85af17b1854bb29f8fb668d76
train,8k,174359,9d3a1e4196729b7b640bfe0ac56d8ea2155eedc9988673baa23468005d30606c
train,8k,36311,b9cf1eea370e7a25cbd5705eff5a0c62018e7588beb81f2d3f22a2bf5dec60d8
train,8k,89350,99aac173b103f9372dde8c9e7595339f125c9b096637b3791b80348b2305648b
train,8k,151124,d61367344e9d0ed7cc8d7e441604234d785b542304d47e9d9c4804e434f140f8
train,8k,16557,2e0e01c9f2f7bab2a171608061b21a92fb9c7479f6cc6c01647aa13c26e49977
train,8k,46755,11dee516195d6c1da197bd2dbbfe8ddbab47082874eb061bef151d2f02ed60b5
train,8k,64403,c8f48a7bae9c5e560a9d5b93e9b15bbfe3ee82f2841c8fb99ccd0a5dcaf33bf2
train,8k,79737,e9bbcfbf5bbd0c1f67e1454394a6f8c1a6add115ee85d0cd53b2de271d3be412
train,8k,152436,9e81907293aaf4153bc20729b603d5bc2e190ffb9eab18cf6cb7d530e513ff2e
train,8k,107421,77da1f7e7cb01f49461442e9c5ef636decd1124473434fc6ca3c45f33f06d2dc
train,8k,28719,c05405ae837061d34930d3ebb5b9b229aaeef366c6db95082e8e13661fce9d07
train,8k,76190,6a4a1d761e676bfcceaa871c83fd8fa5a6a8d95269a6a47da0e0862a2a1f6b5d
train,8k,12279,32c9dc5e17176b2586bb0b6f5c773e15410d90378208db5733a759f5e6fe95f4
train,8k,63936,b761df40404e247d42285b0ff5b3203e5d05c1742d95641f6ce413d8522dc01e
train,8k,15612,219f50796ff7403c5730a71888d29537886e0ea7c1094f01303d7289110cf7d5
train,8k,123332,7faade005dcb3410d2a8e88a64ae2baf5fbca8150ce3636c06d03c44dc73b2df
train,8k,69939,970cad8cced4db788aed897209112bcd816a15136ab9050be4cfde44cd2a2882
train,8k,89538,9b32c18b2f4417bfb0f68e3d331b80c4c150ab798e56a07c368b63db1d65b208
train,8k,30448,f77d468d38d3d0bd6395f608c56bd8052a2f0fec12d0b2cc85f03323c174b10f
train,8k,135568,051c6d5b79a7ee128ca1eb8427aab421fda613b7333d6fac338ea19d6d2812f5
train,8k,23477,64c7cb7b4a96a84a373162fc667e3fc1fff31c32fce0e4a2f05f8484cf317545
train,8k,147536,0dd8ebb6c2e64e0e0ca954ee4f0373c5eaf653eb39341d6376e8d00b8fda4ef3
train,8k,15943,27efc2cc1b412aa0ea89e62ecc90dcdd58b141a66a891f07cc8a290f2ddc3a52
train,8k,121521,970fe720d9b1793517290b9c3868ad7060066e185aa73a00424fc03bbd3aed07
train,8k,63675,63312576a2bfec4d496a1eab86f40deacb46da58d1b019f043f5fe76527ebda7
train,8k,21220,eb2d70f04cb7fa9c160ff61f091fc1078b9fa15d69cabc7528904100d4469fb6
train,8k,136430,7420a0ab00af8192c65a78f381de9149bf3764b45c487286ce6640d6dc9c062e
train,8k,135150,c78ff31ac1fd6e818f8633be0346a5685457d08ed173f6762ff3ab6de9a8a813
train,8k,80525,8e0ba5b6368d17a61bcd708d31a3e43a760529ee8db6ecc28c408002151d00f4
train,8k,37859,7aee3ce592ae0a14bbdd799928b12abaa94e57fdae6ba81cfb33d4ccfe719cf5
train,8k,173041,045f661cf67a0ece811765b4976add5a8d91bc2b989ddc21182a6d35624079ef
train,8k,65935,06a56c74ad3edf7a88e4b165a9c353fac39946062ec5bd293967f7c15f1270f2
train,8k,165473,0664d0b37c08f149bda1607876975ecef1e65d663e58e73dcb4f4b782c2d979d
train,8k,146164,2e6423edd182414d666d8842a882196d75e3cee2953438e00e5b0b11b7ed714d
train,8k,147955,f691bd3444ddee9c7d0f8f8cd7419bd3e7cb03185baa2e550b17187d06a2050c
train,8k,15346,5baac9218891713bf9acabb5174ca2818753f0bd924f36109cf92c8d8cbe33f6
train,8k,129866,5f359122f1f47651a4e7ab6ffd228ed496ebb121e3c4d3b65dcc0228268a4631
train,8k,144365,1106f08986778f554d32a84854fb891b1d86b0f7f46539562d7c872370afd262
train,8k,49156,21481de6dbab25f4a2c2b344747458b91f0e74f30300b1aaf9a92abcd67adc6c
train,8k,38803,814a4ff356792bc68f5226e7e67aca9534ca53096c87d0e06ccfbd83d64cedca
train,8k,168383,7935d8a69707ba6322c9b9d7647e5075406e3b9704207bf1e163b8fdc06d90fb
train,8k,53889,3d3c1aa2a47a46c4d73e54efdb2ace9fb90d4075c31eab26403bad53e48f6cf6
train,8k,167615,c1aebf9dcfab66e854901207fbefd3f7b8bd52a34c2386c14827b61643e8e682
train,8k,129380,97951ca4951ed5faf3c9b812e42793d90cc139d84689f223be1281d5f58da490
train,8k,27542,37ec1985558fad967b498e266fb776aebb9daddacf1059e44c876e025831cf73
train,8k,114706,0fc26de7e7390e2dcd71c57f992f2861485383764aa1febcf1d7e9ef76ecbb11
train,8k,133473,411a91cff2927772bf672e01eee85567e8f697860a1dd11bbb6299eae8e1909f
train,8k,72121,4ababc089b6013b8648dd7123cc0116e2cbc9632e5eff425b8036dfd34918e55
train,8k,83985,7fcc7af2e539066ca457d77b261219f2a4f50b66b96e3e651a2f4500826dbcc8
train,8k,78944,5667c6519c3da0e9a182fcf2fa2c9d4d2fb727a161f737c0af18eca8892e0997
train,8k,78635,90545cfae19c15df0573e5f6400c2643862fb713bb15efd70e51c49e5661598f
train,8k,61483,15d8e3feb2ff484eeed7ef8b0a1689e8fdc5ba324b336feb2ad8a4e21351256f
train,8k,71421,12807cd994caabf0f1ce58a5c7932c691430b184f9b302cbf1c2fe1a316ecbfc
train,8k,72401,0cd96a405ef5cabc38eed49a64298946b7d83aa8b581450d66d35c5404fcbeba
train,8k,24629,9cafa583999e5b59bfffa7773014124654c6ae24d71592907de1ec88a704e445
train,8k,153796,e95ead9651b6e3d6a1a408265c0dbf470ba9b16d9471e7e53fe7286e39801694
train,8k,168718,befb687748698fa342d8582813b75d56becee4c1220c100f3eeced6438cb7e2f
train,8k,94686,747b2c5a14ba619e60f486cad336f537351a8aa096e475b795de3033d102f3ce
train,8k,50402,ecd8fb1280b64722db6532d480755d516c3d1ad5ca348a8c43fe34a0aa2233ad
train,8k,13868,f31299433fc03f0cf41e3e40f41e9dda0137709ae9be7ecf2e953ddc4f279acf
train,8k,1543,47113133357e19de7129158259baab495fb46a03f9b198d04d2b8743d3d83d3b
train,8k,171400,a43ee45a95e756df2c41af139515cdbb965ea9179da89b62303f72913a14f731
train,8k,7163,cbdb2fb5b5579c4f700543fa321935e9f570645ed25df5fc4ed060686d9d3ab0
train,8k,98739,d2ccc78929e0b1b16e4b3500f7ad7198a9836805ca5d53902b0bf5d5d7b16604
train,8k,64333,14a21d5680f6c316160e9441bb7ac24d7dfb840cb3c0e59d1b6fac0f37d98b14
train,8k,113603,b78b9344cd7811006ba02d742885ad56f5bfda67e473f1f525cc69fa9f1b1472
train,8k,12912,d7f76e9df3fe0e29137a0b70540263d200b9450cc68732358e5307532f3a692d
train,8k,76857,da7dd80df7189eb49ed3c2b6dd35befc5c264a88c302485508796b00b1e44a92
train,8k,109275,7b52825554d2923afca633552742ec8492367f8b1a593d08eec31edec6552260
train,8k,25819,74a136b0ad5bd33116671218797c439c1b04815eaad03fe039ff01f0f1a0f763
train,8k,9773,c97029c4915f0162d47f25f65a9bcef5515d0f659414e456572adf893cd6842e
train,8k,150948,c5137c20fd7a9f1f96e8490fd703890b6b8d4fc0516abd3521445b34e2127f94
train,8k,43375,09a337a190bf51dca02087e79c756a4f68bb3d7924ecdfe59b9fc046cefe2eb2
train,8k,83847,f3b13dc4c4afde82b19d2ad455a608b4a772ffa80726c22c898af4a7a5454ce2
train,8k,87323,8dbe490803d2965757abaa51eb9fa1093e5086d174ebaa030f0ac0425823ae6b
train,8k,108884,52c967a12d11503687511d406d3d9e7530fa4fb05982560133fa5794fd63e18b
train,8k,139230,1b01e1a5d6dd4891c8ca5bb189f39a9134a1046f0e0ecba76064ae333493983c
train,8k,152163,488178fcce4ab28a40726b5d438e724c73a0177271d3a521adc0552f3406b9b8
train,8k,92864,a9f200fa19396d26fbdbb133e95b1805311a953522eeddb0d7d9d70191e5c581
train,8k,138737,9b76602b66f53f2dc101d331261497fc5c6e27147cb14e6b708d1c2dffb7a7c3
train,8k,61027,c0b7b213195e225366bb7496d77fabaf51d797e3ce52c253c3ee42eb109765ab
train,8k,102980,40d027087caa6871753a4ed78e4a135f52154b927bbea308ad2e0887c5374294
train,8k,2747,dd4a62be396c0f6c8ee2a6cf6403b0d04e4ad41bd3012800f60146e132e52b1d
train,8k,135550,f095a753848524dea7aad87da174f7e69c77b0e7e813b2abc9446ac2196c7469
train,8k,154831,3ef1baadeb6d7a0c0c4b29ee10d50f67221b578637df486a8ea1aaac00e8a72d
train,8k,91425,8004c5b946a606954ee8278df469f7a6e10dae7a89be51c2585f1c2c62f4cd80
train,8k,126752,cb442992ef9442593a97c96a31dbdc7972b25788773fc383cc7c96e9018bdf97
train,8k,125556,715ea252bc0444ce7c44e2b20b65ec3ce3ade39bddadec8690ae6ca1bf3374d8
train,8k,60544,fef902270bff925cb4a254cd8541083cac3473a8aed9cd8390e797f5fc1fea4a
train,8k,172907,e8629589245dce455dad45c77558efad9de60ab226f8ef8130fd406dade2d78e
train,8k,160606,f1fca9d0a61f09c7909683137c15feb01f686988dcc186f7e04159cf7f75ea9d
train,8k,27677,f2d779928f4603728db3dc93711ff440f4920d67d12bcd459699d403c3438ed1
train,8k,132940,a21c51e8a090a73eab438c116cbc260e279d7e771193928d62b36ec8c38c2a98
train,8k,147904,4e436b9c576cd1a656c1b87e61d37e66421077cbba14e96e6d3bb976baaa3a75
train,8k,79000,c73b625fa2a5ec3f3dec53b7f870d54ed4e6b3aea610236b6a1da85e325394c2
train,8k,118233,6c31987790e8b2ff5e6c7b58aa069f7a90c681c62cb671696d2c459e07f2d550
train,8k,132806,319798efad38cab2338f59cf34cb930495dde28c15de5575edd455b9e99ce40d
train,8k,148830,2ea5cacb1afa38e31501830ba6c519cf5cfcd82bf91ef79e26c44210acc449a6
train,8k,81469,704d248c832c3450a0ab3c1b92b87a9a0eb0953db3e9f3a6343166a68813dd49
train,8k,162530,2ed91130e8a2e6c35da732a45d64391b1430128b77246f361b39f130b6e852e5
train,8k,180554,b31e9c62f72740c566bea329bc8e851f967ae06f9a4debcfaa3a04f84ddb84e5
train,8k,65986,d899ee7ea5f0c57ccfba3d25b3186263fe0d65ba92cd1c3c39a2f50ff7f2e0ac
train,8k,81513,675f4b0209d76d4954fd67f936dc30323734316babfc08f6f2fd7f088fd8dfa0
train,8k,54153,d25be2da473cf35cfd0e33536e3bf3649537ae92c128996f5a66154c16c42ffb
train,8k,35001,e2758564d6336027cd42f16225b52b5ef5606aabf3ad1c81d8249098e3ec651e
train,8k,123668,5860b9a22070990413d3da4634f5ca9cd45fa8974469cab79de54024f3c2455f
train,8k,16428,950ae6c25728545682adb75d0cdb33bc65dff648052621a0f6ad289c3f083c96
train,8k,15059,30eb5aba4a31b700482a7c8c4c7e03249f0be449938862bf6a21848d64b018f5
train,8k,155563,aef61a9b90d35db7fb7b75b4d1862307fe444d30b325871322f730ca1348b856
train,8k,6856,a2a6d3f40e812ba14a562be4d68fea13d6e6627914baa0f6fc6531a2c703b8b4
train,8k,111229,87a7c3c80997afef78eedfbaba09206600b8370fbd842082d547c5c824959387
train,8k,107095,f1e6351823f37bc34bbd9855b2501d86fc420a2d07023ee460b712db9f94c43c
train,8k,12177,9c2ecf763f2aaea93c42ad2954d7f5a9167b270969edfb9f23d23bc0c7f83bf8
train,8k,22633,ad19e4279242b10b62787e11703a165331d45f474f5010d3bfcc2a5683852ce7
train,8k,4232,1a674ffef84a2096518675102809aad5581a84e2cd70d6ff7fd7457759aa0c42
train,8k,95833,cf104e0505079438dd08fb3cc2546851b031bc11fc2941838fe09c665c43bbb7
train,8k,148882,2060b4aa9708a9006d7d04b7fbb18296953b0b7c9d1674e2d7edea9c27c0840b
train,8k,156773,e8f297bc30ceeec86a65d89b747b9419012cd1454e444dee8d9ae13679b4a1e2
train,8k,151554,2845936a7eabd1ac7b45334ab7c5f10e882636a29f8924cb58902f88420d629b
train,8k,48172,017cf17df50766040c05ec43b297c8571e582195e199910ce6c4153ea5b89437
train,8k,100026,33c87862725f6363f2c9094764adc53896867e3b1089ca19eabd2c3719a11683
train,8k,90244,633555d19715d78509dcea4a76a2d0e9497fa9ec2daa4e197d5042da63da3a6e
train,8k,106509,25285d4bbcd3924f8e65e02f07dc4b899719078fac20896dee3c7a16cca3fb1f
train,8k,77188,b33049d085755ea6d02ecbfc37ba14f02a8c0aab9b6821140761c3dd86641bc6
train,8k,139421,2e4b043416fb5045168dc76365ea85e64f464f52900cedb3cfffb155cd49dee5
train,8k,145911,4357e02684d02787d8ff2b37548cea2ea12f95cd2760fe0db3464c26c6bdec39
train,8k,8501,0094553e305afa0cf7c4d53753a6e3a92e0dd811a2904f39cb47374b840b40bd
train,8k,88800,1b969abca0ae007625af09b8366a3cc6a0469e7abbaecc516672bc905ca916b7
train,8k,168139,03d68c2628715f6dcee1382b0c8933943b43e7e7ee7f10439fffb6de42626f2c
train,8k,21884,53ec66822df653f71196c181d6bca4d0891fddd9b6d710b264db6e02cac1e8a9
train,8k,13958,c4d0b16cb81f8998ed4a7334691b343f3376692a0787c13ec1b78af563f37253
train,8k,130622,d600a8220ad7452db235cfbeff1f23f9f3dee2647eb97b874887ce4545ac4436
train,8k,95487,97dbebc6e7a8456c0de0b934f7023d1ecf0afa3077038050b032381d3c5bcd0b
train,8k,116881,02c57e92a3f6733e6e1743be099933e770a0f394f3ca4b89d5753efc579a88dc
train,8k,144326,31b11fa61157121c6c9f697b90f08f79a021bed8b014b4c29a5e51ec071b7648
train,8k,153772,dde261f6f4cfcb6c4b9f94ed1ab3c21e37e8e884c5564ab6b48cb42be2012364
train,8k,35515,c383b77c92c8254cb9abb14c1da684b14c358926012b8abef0059f80a4aeec03
train,8k,114990,ac7addbf0cee3887bfa010597f40d1b1384d1df0c4b067138cc0faba0ece0c47
train,8k,145508,31b0984c3dc8e56c74676f794a4afb1d7fc2712d0bf8a62070208a9f836ac3b3
train,8k,120572,f7c285da32b8ec225ddd1f9d1a19a0895bdd41f126181003110c766a2ed6a3ef
train,8k,37209,07092ea6f4e22018023125216013fb712d5b9740bf9f703c52864119d659bc7e
train,8k,102233,df50f9aef32b38ad096bf78361cdba06dd4f2bfcedb884882ba70d2a41e34da8
train,8k,10602,9cb17aca7f81437df7b5e7345df41d7643c21caf91c3eaf465b067fab5ec6b1c
train,8k,93715,88d47f0b8581ee15e1ada2ef61a4c2c44c11cb89aae633ee07e47a3edc3e0b5c
train,8k,128627,6adf985fdba98dd8768a93065c0035d1dd029e3297530b055dac63f51974cb87
train,8k,79003,9cc0fb8c70d5f3e3cfafeee9d044eeb7bd1df65f39aaea9256f0a606ad6602f8
train,8k,63217,6a3b510f81f85ffb10d432a2649c55b2e0afecc99b51254c7fb47015991cb3b5
train,8k,82157,d68995d1246509271d97271f69415c1960ce38d5be5cda57b7c1910af0bffdde
train,8k,136235,4795ebb59ae88f6fd460961a14f83cc59e33ada209b9a1a918859b73afa4f39c
train,8k,54175,ad464dfbdf43bebe44b15d5f2d4d597ca2778974d29487491a2a42d1f5534ca3
train,8k,70609,1e8aacdbbaba4ccd64a4b034013513b4445b992efc76a773b88ebaeab04f3c24
train,8k,118719,d044c2d390a0d176fcaf6df9059fa6eca95725d25ef6fa162808ba166603ab5c
train,8k,126334,c469f7669c9b3775d6e79b3424ab8ad74b9e5ccc3d09f46a3de84933e2fe2857
train,8k,31887,3daa788307c91f83636439c1bef37ab92184967c6af32c0deda19f69672be63e
train,8k,53853,6e50932cd425302bfa4baea37c35b386a04c311a8d02d5de4f9d73c48641fa34
train,8k,49794,65a7de5ee6a2e2ebee5c8187728421344f087ce29238a752d97e1fc4f06326b9
train,8k,87912,73fd353b098fa1c429fbc50935ce74d37cd13e78359e9ef47e79fc4da72d48d0
train,8k,17460,ae6e0fe5990f480fc2945dd208252c46ded588e8e634e9abed14723940474c76
train,8k,156111,efad01a6045e4c54673b4333f5c6824293c35722cacba03d82b34fa2aef73661
train,8k,119057,63216eb2b9d69639f8fbf3be01255a05cf8cde27e25f35ca0ff636fcaa874bb0
train,8k,128192,c42ee33e39316e5b46977508068fc035f3fdc114f82b5c18f4e38d3b931513f2
train,8k,68025,0b7b1a581561ee9c5fbabfd1ee1f8fd7ce57d99b070a749b90818bcdcb16e439
train,8k,123680,f7827dfef133c248a3cd7ef4b8e61f5b3f07dbe7ff7b0f5038375fc7d85c7dcc
train,8k,152969,eb97282bf3d6b6cfdddec9f8563f0eb0dac234133118c2a107a721a87f61ff92
train,8k,15197,86d16b8a91f2d0cb369c38f11647cfd62728e58e5b7899acb8b72cfddae9ce85
train,8k,181703,a6e61e88e6ddd4af6f0ef11488943286b73fb14ff0ecbec01ed2b6e1871eaf82
train,8k,13673,3be91c08c6393c0b95d89c654089e5922b3c96fce6152e7daf8ed728a4b0119d
train,8k,56935,57995d1fd4d132491a38cdec91a9dce39e4ce2896f260116b764422d1be9e6e8
train,8k,37786,53dab3e23124a8f8985624265995892d9234cc02448973bc94853fe807b2b18a
train,8k,76453,dfa5017833935722297c63d116bf8861b96cbd633b8a1230639f3a624ecbc066
train,8k,108633,9cab5eb0ca64c7b092e522ffaf6666c452c07fecd19393dfec4d109ac53a6c4b
train,8k,66925,a398d14f8d43b5a6ab88c4f6ab2c8c4b25ac7992d13d64b1c967e88a7750a64c
train,8k,27164,bafc7d1571b854229e0585b0b328c8a9dd9de6bb25c6340b6bfbaf06514d73d7
train,8k,126686,15c32dbbddc848281b052886e8a4cf8831465e1d8ccf2cd9e6998efda05c08d8
train,8k,17235,03f5991ef5e37a7a1b11a596bbcd0c2e07665c0d4d39475eb5c1903f08fdd5a0
train,8k,25089,98d13e578c440bdcdfa30ac2d71621bdef81d576aaba119b36d1aad91010433d
train,8k,176589,1a4dab7c0a615c4d0d4a703700b012d3f88ac1d170c4aade415657dcf560f177
train,8k,83741,7a2d77946b1bd462de221497b16350fb4ccceb65e7656e85f38ef49bd2e96341
train,8k,138100,d5cdb53922f3cf9e84f1be5b36704eed513a5c549d25d639eeaa0c561ae68fad
train,8k,54365,34fe1703101fbca6d1b4d1469247bc4448744e36d0e979b72608379c8f523cf1
train,8k,78224,d8552571ddb4b6bb59c4a1667a21f1e0d4cd3bcd2b2b869f092ae39cdb31a433
train,8k,37572,291bf6fbb2a3226ebdff3cab282c44e107d93b2d865387c1ec833b6bc608d1f5
train,8k,160001,0ec5756a0b432aa907b5cb973e7e4bff0c8f0651a3dbf9591faf4eee9165a403
train,8k,154728,6ce40691aa18ada25c64f11e6f7538b29f23b496dbb233b77a5619c3a50a53eb
train,8k,12913,0a9c5256421e71ccf8a3d400675c277e3a563e968c91c62b63e53f25d845aeb2
train,8k,133587,bc49a90e05bfd9895b7adb880445bf199154faa147e59a594ae9251257de9a9c
train,8k,26593,eb6c95e7ed3d77f51ccd7b6af86bfda168d25704ecc3ddbb948e29758473b62c
train,8k,41331,d76a54467eb3cf5cf786e32204fc181752932bd2f24819ce2f37db1f496104d9
train,8k,124253,71712044fd78f571e0e7bbca6a35ae73ff70e2a143f0c8a12a2f73ae0cd2a3ae
train,8k,181587,8557ca1a1ebf05eea14b89d922592419bb019dbf61468e9433d6378ab773c184
train,8k,136327,40c7f2ab7ef7ceed45fe22ed57184aa1011c828fc01ea5d3736bee2b17a25d2b
train,8k,56320,7de6cb15b95ff1bcaa62bdbcb26df9f66ba69c0183af2f18c2e2eb40c10dace5
train,8k,36578,30ede95d9c91afe5129ee6f43b13c91347c55c403bd8f20dc53e43c63c033d65
train,8k,155988,b63143d14d32aab57bd6dfa15d265a65125a739e41da84922aa16c1f08be7841
train,8k,92236,3e3ffc1137c53c0a98dbbc09f244cdb4aab7d43db70d5008cef8dea3e7afc3b3
train,8k,61557,1b28dfee462a5fa6b69c10a4752a256c9e25281ac075859f4a9b6ebcb46aa2a6
train,8k,80890,579d0bc631e3519abd4bbf628b4a35eca76fe85e6c6e419732d05444c0687a44
train,8k,176075,fc03e42204a0783c117c07c2c412f1b44922d764ffbe49e99a1f3deafefc6f08
train,8k,98152,85941ae8b41416f00785676e703a31232b7cefe72c9d16d51132bc68b12020e0
train,8k,114648,aa708621278eba294b2c5db3d9435e76d97c309e79935173a66a6b517943ad08
train,8k,65728,2043ca23e3081d9a34782d4e6959e8b3e7c0b2dd05e3a883ac16205ebd80653e
train,8k,172193,ba3ee9304dc6a4778a5fccbd011aa2b5d8a66f04927be5130fd2d3ba9f429f98
train,8k,130481,1971e6c885c62584d82438596ea0cfe991060186ce2f71156be6516d2f3eff16
train,8k,170758,4c9bd36ab500a64083ca76f72eafb0383a25e657fc95cf9d9d66a0257c412b71
train,8k,84093,e100ff214ebf5fe61933240e60a9306c215471d30f5608f27ccbf496e45b3af4
train,8k,174492,3d96289d4e84c8e32e48bbbed543569bd4c6747f70cadd68925d8786ee9bc377
train,8k,143341,0bd61d8a26af6575a55dae11969345a18ba7eb51a4686d920cc003bbef64a56f
train,8k,59385,9fd1232b6c5c30ff4b31e9ca5244b7e709f1f407b32dc2a19c56ad01e18e68d8
train,8k,118280,ec4946347dc1a13c1298d28f45be4eef31d87850f12b5f9abcd57580f5b2319b
train,8k,7953,cd7540c7bbdf4a1097a14b62c2e5f40517e8fac17c4f9b60636a4f12df0e111c
train,8k,123281,8e997a7d3aeb0de30d395d3735a0e861c4430c10e44960706b257eada93154be
train,8k,156919,8de5a30ff9c5f89375fb806f69b231b8ea7648dbb0efcc0bab5801c63a9906fa
train,8k,77361,7451ee492b5c1587d458a2b4baf9eb55a01ef98d4413fe35f5e4a1d56e73f77e
train,8k,11495,1d0e05d6f261b90cdc0613e0631fed889dee42ce3b4b4283908ebc8bdfdc3c25
train,8k,163643,9dc424a250afbabcd8075808e94f9bb5a51c4baf6e5604b8c637fa3367478c08
train,8k,26609,03cd4e7516d0c0fc3a7b10a0300cafd78e93d806cbdd942bfb909241ee9317b3
train,8k,16430,58d90194657d69776edd3454c905d5d093a713ac5f80206ad64b882f060fc0e7
train,8k,147220,b84ccd0bad283134a808ba8d08ce5ae2d1598da6b45ec3a0fe2f412a613324df
train,8k,171455,87e1f7f5afcdc4cd443f912a4d388fa5f0abd347ed2769d3fb683b78d5e36806
train,8k,37624,17e2b53395a07ae044033ec1e936ecea1701b96ee4ceb113ea50b908f282d563
train,8k,3346,49c674284f3abc731c29e47d62b69c7f46987929019bcfef75865d725824ae23
train,8k,114910,edbe0e015fba2b91d07fd58b403d0261ed7877f1a4b26ebd0f694bebde30910b
train,8k,27668,ca194cca8d685a48de549a56084b685816208df321d49b7d0e2e47d695a4e176
train,8k,96029,0dbd8d8b78147f085739f6849c1145f22ae97aa411ca7afb36e522c2b2c6df61
train,8k,63997,b25770df5376e560da0051366f188171583c948f60c9781d8f125329dfcd7efa
train,8k,108793,2266f6b736c91540f8b88d5528f0b2fb32cef6fa202927e144d139902be4a0df
train,8k,45968,864682e90076675b651674670e40d81c8d11b01b7308d159f338e4299b5b3933
train,8k,100188,c580d353004cf4a4067bd9c73f2bd5d6d29fcaf8db3fbffcb1719cc254cd0c49
train,8k,44110,e906dc10abf971bf50cbfa205ba61bf2db20c5f356456d4b49807af69a259176
train,8k,66063,b2a6778c640b239837d8b15d280e85973d2a8287d640426a9b7cd12ff00413f0
train,8k,139551,c84c70d9053f7e448bec4f2738f609c5fa31f10f2bb842f876e7a48eec747649
train,8k,89945,89e63061e178f622852ab63626f6f3e1b8c26a94922036561624fee4da663b55
train,8k,62509,64d25cb8690f4e81f1e88f96401bae3f4c33347a5e8d927188379f37b132d7bf
train,8k,102890,3caa7fd20a23c8edf48ec749e67b6d9dd24475d0fa70cd5cacf27b30fe823422
train,8k,26999,d574751c8d909a6a5b3f53271ac2ddcb81433782fe1e5146a5bb194a73699d7c
train,8k,139395,0ddd6df4584a7b8aa6235e0849c2f3b6b82841ef2c52d147a3e60b6e5fa0f99c
train,8k,111679,23f46b88081d458cddf61ff4e04136a7cc01d0380fd04d316bce735ab122b9ce
train,8k,64310,052b9a8b2467b8bae7059971a8fa42353289ada2a2ccd2015779aad2155059fc
train,8k,81646,7570dac234f5239dd5e5f5c5aaae0e3063bbab3b13b2899cfadab1ae7b742651
train,8k,82245,65293c3daec299b66060ef094c1cdec2ad689a57bbc124c54844e35262c8e2f3
train,8k,34628,1a2a6185a5008623317bea18528d48f47ef3510137e9d7cc9b20fae96b257c68
train,8k,129038,951f46b149c10d6a4f3c44a182040c1ade9fafd7b921d0899d36272551629c28
train,8k,13130,4cbe2f4ceed4a4a340c99ff30db70b2d6de9df6922f0a46a759615eb906cbb3f
train,8k,78543,1b0847a26e63e3f598fba9a0ce3723082ea43ab740c24fe1035947a55626f954
train,8k,49088,46b7a44c538206f724b14b5c70b5e2b12deedeadb5c876940b500d91732565f3
train,8k,42878,2ba0305473918f182e11dc712836dc8a58ea93e0b10d84b24b07297767dee556
train,8k,104821,b5332dd732df3648851c67a9ecaa5f6281c23df9f7c67cbe4c25b42504688d77
train,8k,150332,c9ffcdf7687afbcfe3b6b6c45290a632171664972502d23e12fcb5eeac645483
train,8k,125628,29e9476072384b6e78ea1fe767174351c0c0609212b17b1ccf28d09463335fd4
train,8k,174983,477c7c56628cb2248cfadb9149ce1e764e080aa32870276909a645a240db5436
train,8k,164746,9800dd08429002234aa0eb4932b10579803b966991d73c119487cbe3f10c117a
train,8k,113856,56113689c6c6690b2be8f36b7566df49144dfe5b9e107636dc5f87dbd2c57f6e
train,8k,15755,d33da2822a756dc8d49109fc39ae9ca994aa1ae164c34c092e25e5a2b9223779
train,8k,114362,7129b71c71531cd88ebce6b2f4b8f02175dd8157d1a02dc88a79e5879b99e53d
train,8k,19604,851239a236c49b948c1a87c06a18d240c35b88b710b7948fbca7228471fce29e
train,8k,123496,c2bd1e35d3a1e167b30c13644482d0b9aebdac00daa4c9a98096de699fbb84b3
train,8k,103926,81b852f7b98ed26af1dada2095222ed8a7c045e4092997334bad07d71679a1c0
train,8k,103001,8db425ed9a577815a1e20daa7b69e5a55e16341107b32ba8b533d8a9ce75f6e5
train,8k,73714,b5d36c97b80db03669a615911629df97fffc46cb2cdb7a7985ef0c0443b9892c
train,8k,1795,14976877f0b87291402c4bb3d5720b6c03656507099bd5cfbdbec1b12e5484ec
train,8k,38113,0a79bc68b57342afeb2dbda6ed86665ee67cb030a08adc64ff11020cd430894a
train,8k,96813,1b2efa4f3c22dc35f00dbaa319e4e532a697e7c7db965ead28dcdb7ace4ae935
train,8k,25270,9205a0b11cca719ade99d4ee6785b261913bf4c259ce22d4efb905d3923b1653
train,8k,97693,a6fffeb823db0b7b33459ff23122475c47e66e7fd70451c99409938f7a3ff81b
train,8k,24158,465db8db8a5315b3663ba8b7c0f73a2d046becae5f21b8fe312466a1fd54276b
train,8k,119740,b54b74f658a125200e38460c9e776d6af765b7a51f83c11b8225080ad7dcbd74
train,8k,134543,a15bc915deeaa41167d2181735f8833b2b31e0a3bc62ce36a827040ac3cf90f7
train,8k,160360,20b47e649a0b8ab3e916df92b90ded82b0a4b070f32ac7cbc977d5de93361d54
train,8k,17712,1e844a65261654dc68e7825007e4ba608846e6b57b8b2a524b5f9f509c7e8648
train,8k,99308,175bcc7b52be16df96921ba59791c16bb78d52aa5f8aa7029511059576d16b29
train,8k,152123,2aec717521c6b75c1b0ca09a85a10e73c8270f78d2427707dea892c56a636baf
train,8k,25388,1e8cbcc5ee64b1b5c7636c8a667c32827c4b13b75d77867983aedbd61f5f5e19
train,8k,164053,b20c9091cd8de8ccc7e379b5b72a7b949de301c3bcf2ebb4f3a9562396c6155c
train,8k,64368,9fdbce22b97f21fe0222328f4a4ff09d13a94359b14ed2011851f252974494d3
train,8k,1209,44d6c1ac31d308c3dc47829c834591e96aee8dc8df8b9c763d44a98111be959a
train,8k,132631,61b023e0ab3870015b34975a65c27b70469868fefaa2bd3b51dfb205488e2de1
train,8k,145331,b674cf1d9ee65c365e55e7110c227379948d37ea27715df5c75e76fc64b5b394
train,8k,150270,bb592b1d573d0fff41b138278d13d5605e0b7064e6eabc8e6247ef8330864488
train,8k,152173,1da1ba6ccb3af73354585bad359de7e67782b7364ce67dfdc30d7e97f5f5e20e
train,8k,111605,dad1c41be52e48512f867d9dee6545404ad3300fc3c2f0596e312a509128e09a
train,8k,10460,615f2b4dc6a96f4fff1215bcf65cfeafcb43b68dcee6e42f9fbb8d87c16b824b
train,8k,95778,17208c65c0630f98f735858adf638e03e48177f90f4af322e755ddc6480b4193
train,8k,101509,1e8ebd372875bad001f893b2b14aa8d3d3bc48a6a6bf7d6c19923c599480f877
train,8k,26760,d8cfae53acea2f5abec67440730d874328670ffaf2776581e5f2f41393f586d8
train,8k,99700,f531bc9d01777fc2729367f6fd60ca5b2116ac532e418ac91f5dcfd965beef0c
train,8k,126464,98be40c79632f1411f5119e217b8d41ab01fd9b9c2e23d468376d66656c6e550
train,8k,181548,58238077a17f28a34acfd179267627df74eb790d0796f2ae02ac0f560656781d
train,8k,149605,99e42275a03b1ee3d7371814f32861445bbc0251dc28b0244a9ae72322c1283e
train,8k,35552,a9dd7c0315ad3837a82f31487ea31a748b213b9d33742c78ccae082580ef3a11
train,8k,22726,a7cdd38fe68362c96b1118f0b84f8b6722783db364410a8e2e9778bbe2afafed
train,8k,29790,a20575192d022c4ef64eb9a3d85afac5be81d938faae0ffb0275523c8f9b9e4b
train,8k,52120,a09b78b3f445c0ac2b281e879ec6220f012023a2e4a9b962dcb2949196ab8506
train,8k,115214,00c40dbaa267784f4214126f0e4fec1c54d8dc80fd07e444bfecd81403d095fb
train,8k,5193,c13a199dc38a5d0689e317500f081d071feff0c5a61092f3fb17b5527193a4c3
train,8k,50359,02c63df7324119a72e60b0676d92a6343ba62ea2d847fcaea44378ccb3649c55
train,8k,77133,c09e64da36ceea13802b5fb097524ce344cda9be2cd7c4b5c916cd167855a28f
train,8k,121538,edb2ec5bfff5650ee26f284b6df599e15c0601985b89b2ca5161a38f37427cca
train,8k,131551,2b807bf55a46b969869cad8a04e9c503813023bd5b95a87df5003a7f4f24e801
train,8k,155066,b24cfec4ce2565bf98c5bc7504ef129a4efbbad62b50877cad165ac1bf74cc2b
train,8k,135258,66e1202f01e3231ddf0bfcc0b0e5dc417ee483b3e8a458317f1bb123332d099d
train,8k,22928,899bd7de7bd3482061f9a75e067e386d610ed3bee3565f87f7c0fa897efa3f50
train,8k,37019,148600e049b0158a72463a1c53fa0cef691fd192032e79a7199b6a25242eaeb9
train,8k,155199,1eb91a18b7dadb73c6d7a9ebca00df1eb3d032a13ee46a0389999cd65a031c59
train,8k,4814,e3f4fc27b559f0329d58f6abe9c64e9a705a7bb57b880d260442ecd4d056f0b1
train,8k,72516,2c168ad46a307533e3772c525a5a002786ad53ef91eeda7612b036b96cfb8f42
train,8k,61674,c0db9542a31b0c48bb01b586a7c0c2595d86e9d14ca54be9a3b8969022444873
train,8k,121936,c995097f9cea17627ef1dea3474ed6c44fea671c52f08d4532794fa911da3676
train,8k,113242,88840b473295fdcca6e2285e8891e5df49fd0ef7ee7f24944ccf270f9aafb9e1
train,8k,127326,849e843deb3c75fac4a72866238ffa789389b88746ad9c1bd616a4cdbd408021
train,8k,87754,ff623353d73ba1986de5d4219a88fe45eb9ebc91f7811feeed62f53c2ec65966
train,8k,132003,649a1a7afcbbc8f4cba70f22d05bec651c8fd77a700a4fc4f4249d82dd105c3b
train,8k,99093,a8157f0157e1ed20eaef4da82cc72db9ccb19bce2fcbffed2c95aaf53b23c55d
train,8k,164499,ba5e4b41f09abe5062b7a3a2a524d7c4c167451dfcd973b90a08819b368ad7c0
train,8k,25536,4e0393be5ea310d86fb0e060fdcb9c3f42dacdcf5a36d9ce3eb97b8be29b0925
train,8k,50287,b8b3ec8a109970b9c9c57953eacf91a44fe96870ffc0f7aae17af2f776eaf8b5
train,8k,177301,7ea4676ee37f6c1f0df33b8db0b6b042e6d5596ca1472168e0e0c66400f443ab
train,8k,39018,dda05a0ad712c87a568baf99951f12f45d71e0d59fa0a1878787c55266391da8
train,8k,45491,7d39afd53f83e7413ba335c0c19c9a42f8df398cd6dedea4cf513435c8165174
train,8k,145652,ccbfc5ea062abb68932fa2e7d2bb5eb6914602a3265933e98b9de34745e6a43f
train,8k,128073,6b94e55a1b27d3ff518189b6bbcd8d1aef0f2466c6fc64879934a84eb8e08fde
train,8k,179102,a8d33c27283dd54cf0dd85b528ce359a6adab4e447d8e60f62c03c3dd71f3022
train,8k,175066,624249be02ce65ea5702126767832fbdc37bc030f7d9852fde8a0cda5bfbdf84
train,8k,143153,51d778c5cd000b62176bf9c027f02aa583c85c1c214a2b2a10fa7fb295bac5d8
train,8k,3486,0a1c008b6e89f6d1e8b8f1c60692a8f8b4687d107a46348a7b2ab77ba54b1314
train,8k,46807,31457c059a89e57c7b43414e3b7002da7d1c3e36a16dabef231747707f5856c3
train,8k,95085,f40638b6795b662e9f461048dcf809624110cb0b1d387273494e9a50132cab74
train,8k,108467,3a939b269d05fa4021d9d8855f938e59fd196b65596488cb577a802b351923dc
train,8k,134325,47de4c59051f6c12c12ccbeed09d784125174a32f7826f9ebb387799f20b650d
train,8k,73002,0ca8697a59699cb809c6ffc26fec6d78afb105e7e9a915de10d556d291799817
train,8k,135763,463653c30122c1db9f2523b4532b8fee8ff473da7d693b1c4ee7846154f87a72
train,8k,29106,e44aca9d5a144f82777c3938d8d54e5530f60b8cfe952097a7591c9aee41f84d
train,8k,73178,e68a991e664f23624e7739526eb48c8e7ba0765861b323c7c77f4bfc973c9229
train,8k,53284,38fb0432ef1649cf1ae002436e799dcb60e95a9d8ae23d39abc0054ba9b4842d
train,8k,138046,08b0891b3fbf1c36ada6f5bec0b73020eb0c71c3b797618f1eec53a9d40f4da2
train,8k,41993,8383f6f6403efb52eb201e9cc766ae93c8aa4cb067e0431c3051bbdb0e062b48
train,8k,24265,40faefb4996ec91e479442a3dd93f890afdd3c90401a4a6add229b4956a9a519
train,8k,143001,601a1695babd78a123cc05bda19b7c70268c516267cb31c50db488269fad7fec
train,8k,82156,6b81861479ba5253d7811d15ddc8e92cf89a4f291ba3cfe99e2d52e68d6db194
train,8k,117292,62e4a3f89a1d52b782ded572f52aa96f896265659cb9aa52df9cd5a6c48a7166
train,8k,158975,8533ac5c8ee28a9b1b1a7f59b5ec453ce00f9eeea0688a34c16cd61343ba5099
train,8k,100468,32600ecce53768eaa34853aa47a21e75a2e33d0362805601bc375fd5529fe5e9
train,8k,20472,322064481d5e54438482188f42fc83471a782cc1fa76d882b4fcbb9c890c96b2
train,8k,56543,318d2c09598a0f134001e02a0528f6226a6762927ca1359a1ef383594f4d5d37
train,8k,104535,f740658e36cc830ae552e4efe1ef915a88ac5f3d01d664439f7a2b0544046150
train,8k,131818,9536c12abb3af21565f4b3f074686e04420d0a7e087bc40b0fec67c055873ec9
train,8k,152058,48980c9778e711381484ae91d6d1ae6061f86b456fd757d4653ef5ad95af5562
train,8k,142421,3d59a0c636f66b9469bdadc9c7d05c15f28a00ab23ff26659cd88ebf7f84a70d
train,8k,148573,8907078d6123a15547424b2c8a683d47b6a9a64740d68ee1625dc11a73bde6ef
train,8k,149141,2e4dd21bb67781fd6eb877fed45890d76174a6711fbd2e747fda96af9b761b15
train,8k,43604,7e64455541d252b90aedad48849ff198b214d796ab2ad0978d986b7c85a2be2c
train,8k,173092,059b9bc1a01aae5ce03ed65ade6cdc9a1cac04ade67959869f0b07bb2ee8e762
train,8k,90003,064a03de85395eb7337a080ead187e718c430fd16cebad0ac2bec61b88e53471
train,8k,101596,9180a706b764e2f894e0b822d75713df8dc9cd27ba714219e32ff6277a657d43
train,8k,123672,1badeb6fd2d845839c09b9684bc0327045b9d8c4105c6c57f393365070d22b20
train,8k,123413,32d38f36db31d540f2314c059949f36b1872de129d26d11e0756d6a57e7dc8b9
train,8k,107446,0d4159b4de0bf8b1de2065fec2fca98e5501b19ad49895bac84adea1a86aa81d
train,8k,158417,547ee263d7c0c08888e53f34a2d27964a88aef448bc86210b5906d46a8897e8d
train,8k,2860,97c53ad62af9666e7a003b424e038b007f4b1016c64402a76ffe6c614af39ad2
train,8k,143644,fe03952446fbf90e4362d1c41ee5f5c21414300e032cab0657ec1fa679497bc6
train,8k,81968,e02e612f498c4da6d13b23cf325941d0a5bdfe1e568bad381f1d23b15a765085
train,8k,95839,433dccaa66062ae2bae00824b7fc858a39a8c32c3842ed04e5fea09e8357545e
train,8k,150171,1d048f0df6bf65cef61c380c161c60eb131c736b577d5aef0585a4f164026935
train,8k,162316,b8935615623290774044fa5768d86f44308c6373bb6397b2e8a8710e930ad11e
train,8k,30429,9a1a874627334264d62aa717f75c17b88e63d0c588a695167a8ce05e2e215ea8
train,8k,50207,779985059f9176725d2cc3f2e86d9f8dd844a47afd6d01a8fbb3d7fdf5580ca4
train,8k,27125,b50e9ab2b497ac5b5a676568bf27703e2e9f9b04987457f3464cc71eef79d548
train,8k,97983,e1863025a28fdcc39a1e23a8d4d7ca2b04a35fd4392bdb2f1c95b85e6a17dbd3
train,8k,141015,880ba88f0d548386136ca43cec05fe662bdca86c6444a1596644e420dc2a2457
train,8k,137869,b71adc8fb5ed9b906457f632c748af07e470f76a057343f8cfdda0eac610d41f
train,8k,139434,d42a11fe713f28d2bdf6a3acb730be8322878894b76cd26430663a9fc268cd3e
train,8k,46284,5af6d0fda66d8f484fe4f890eb745a320a4f0be077085e50d5d529af763e8189
train,8k,139674,f6f4de6fbac36583d4381b2d78aea4265df28baac5e20003f0fdf12c85949938
train,8k,37770,840997eca5f1dc402967ba6effa587813a6ea005254dda31991b4bb70acdec11
train,8k,94176,20f55c70fbca71ed6e8b422733185afc00177bb1618665d5de88b2901a4794ea
train,8k,162585,891b123badc2e695869ff4a38a0365028674497fcbcdb5522c26accca26b01c2
train,8k,122810,a075122dea0a84c8a825e66c777ed6b7d39633f4e1d5e9c1b655ff407ea49d4b
train,8k,10546,6cb372565ecd8958c037e9f230579610bcfd42443895464d703e49df42dac1e2
train,8k,48999,28409281af95d67e11f842bb5f6ae8d5a9706655d321847bce46178c3d02e00e
train,8k,58287,00e3803f43372c712152c722a516d105285f76fb219843c5d8033945ca756735
train,8k,125848,65cc4b0229e66311ec6638070e87ddccf84dd09194ebdc6373f8b331a24fdb93
train,8k,85063,6167c94be3d5803947965aeddad471eb1355b974638644c9bf643224e355a995
train,8k,177137,41af04d82e2ffde622b3bef6bcb34dc63cfe368d47d9d2e12f9f10eea59ea72f
train,8k,76176,a2346b8bd487bb74c0efe25fe949777484457f541c1353363af8de78f9d7f51e
train,8k,96732,87d8b368d5e09b4b5b9e489b86abc325e41cac86dab53362730cdba536cce359
train,8k,155660,5ca98e0c08ffa57a347071a9a68924beec8433fd829ed1ffc9a5b3c05ee44276
train,8k,24931,03fdb1839f2c667b3621b927b52ee22da9ba52da14a9a99aedc84c96fc97227a
train,8k,72133,08e30fc21a15b81835b819a09af749cefac9f1d5617e89aa778aaaf2aaf65ec7
train,8k,164011,4d3ba6d8dee10b4ec6419d6b75a95473821e95023741755a5ef18ddc7c9387a5
train,4k,146426,8e62b7e15ef2e38c1f8e12bf3707b6bf43bac82255510f1653fb7dac60b09435
train,4k,45952,1b2c499ec562135331c74a389833115dcb7a860044c6e76e2d07b1d1f963a94b
train,4k,177423,24f0c76bf46d2018c8d3961dac33b4cb583ffda3e983761903affb783ca47dfc
train,4k,32980,39d6c2f4340c0fdd7c1d2421404f3e33c1b1797c23aad07c1178f6e0f69481d2
train,4k,61489,d14ebd18e5eaea80c5dcc8c6abca91323d154fe2bd60d834917d61397b419522
train,4k,71939,106a326d6427097cec2bb100fc0dc32ec6020368c1c7e504f4c62e2e4e8bec64
train,4k,77568,962123fda2f2a8a4ea5a03b906368d4629cac11a6dd9340cc5d7d7589f3654e7
train,4k,106680,db694fa9c039c521be408eef93b83a684a7cbfeccfc4dbc0462b757d52a99f5e
train,4k,97580,fb641afa24c5d83654d218e58b5ce9abade97c72a1dc31af1c4a8ab51bf7931d
train,4k,77979,1344cc2b765d43f3684c67d21890cfbcd149ed9da4297482fe43ba41c6f4c34a
train,4k,22737,b8ca7f41e87ae8b6211013431142ed50734a9e0a0e516861c79720b3974f7664
train,4k,109984,e539ee885eee97c4caaf16819e277086f6c91d34b0e0c1f59a17fa9888989a87
train,4k,1340,5bd8fe95dc537d2c2d11994f6aba5995e20f69852d31e4b122771f3c3fa8db21
train,4k,130558,5ba17d5841774ca4341b7fc15c70f690a86d76fa04f5452cc6f7ee8ef142188b
train,4k,167420,a5071daecd29d4928df87bd427abf8e4520b7f9983cdad0d562904d3cd34b666
train,4k,157297,6c422a00cc724c62cfd67d0a8b07a67fe7939dd1ef9e97fcac03b7904dede5f6
train,4k,143048,323b57d0d0bd48aa18230f8322d7e9a3406f4331d8670207b964fe3d529cbacf
train,4k,159251,c207adc4b8847aaf1161641ea987e3cfbf697cc258b7d5b619b3f6ce283d3e1e
train,4k,43349,0dac5608e4a2a718a8e4271bb60aa83a4652ea9211a71b64200022ee72324756
train,4k,157824,48c4896f4ee1218115b46875b8dbd6793c4102c08559cffdeb514ca2e498dc8d
train,4k,149654,9a679de1b3db741013f488e6b10fdd38f5c0dbb8188810cad1bc7cd7ae056be7
train,4k,189670,989d342ac932438da910e2c860172de4a1a56a24c60a1e71b36574f29f2cab3e
train,4k,134203,5a7775d529bcf286eb35d642c872f698291795a2b6fbb2f2eb8962f1df04c884
train,4k,763,244bae087e3c196ed2efca0ab5c6dd83495515554e3b9ff3cacdf11fa444dce3
train,4k,157833,b1e827298df646d4035b76bb80efac7dbe3c059529b8cecd1e4100f94f3ebf8f
train,4k,47490,e04ddb38f984ca5abcda55ce2e2d54681b3ff5530a52e921cb00efa57c6f9321
train,4k,21330,74b9daf4fa16c15fd4ffc2a00046180a5c4902e9da2ef203df271598789e7521
train,4k,30440,3cce9e68ceb94341e90478fabddb6a4d91ab2d6bf95270aa6b7c97e063167554
train,4k,107988,c5243c5bb54d5ad287a283c0cffc1f736ef81b08a95ffdd00230fdca1252e2c8
train,4k,158036,c7b7e35c6512a8f47f64f951c5e7ec03034aaf1ce626a41c1f6b073bb3794a9a
train,4k,111615,65307643a734252eb090d56a86176726940e01806fe99fc4a8dc5822569ec68f
train,4k,98657,0da58a86895532c80e9852aadef28008156dcff6c84e1c74412907963c8944e4
train,4k,38696,1aa494799e6632dc6a913c06845489863058309403f34ae6db12ed6f0ab2e170
train,4k,9704,ebd934c22cafc007cf9121b71722d239eac406171905b5c228242b93ab403642
train,4k,156951,7c01f29f559ba4a648da859dd26a717dc61013d6fc050db5e9e8c294e47159b0
train,4k,151906,0900413fc9b2f1952f48d5815e447bc94e899c078a79d9a7664ac00d103808a6
train,4k,16793,5dfdf1937a675627852178fc04f55782d5aadea3898e2388046fdc8c3a614e2b
train,4k,62861,b52edc77eb0b3147ea639adc83e6b5ee5a162ea856921f6759a1a67ac2e745ad
train,4k,41204,9751f876cbf36a127cbd89ce97b6c3f4ea98e3f5d66c3610f665966ade6d51cd
train,4k,152882,93ff69dfa8b592948a7219d119da7e92443388ccc3858a1d5b84fa594f88edae
train,4k,155968,47036354705c94d69305813d942ab32f9658687e7530fec33d9112040b90b312
train,4k,82353,bfaa8399b17777089aad6edd73f4516220379995e5919f744894998196d991d3
train,4k,109709,2a143fc510e67472699be55a43e1d8e37934f5c17213b3994f076eb6e91a5792
train,4k,110575,1f769a84a29762a896ccc4ab7611bab388839f2feb2dec376a7d7944fc1228dd
train,4k,133216,4c3cdcf563df3076ab6072ca91ed7d2c4e45da0b095f4ddf26ecf6cb33e14121
train,4k,112499,3023c43f78a62d6be7c7b7ea3a0e873ad67b05be9ae9311e436e8c9b7c366d02
train,4k,89774,e0d7624a7f1d98ef3b2231ea3ca6ea8b1db94ca2965e19baddae617b60ad5019
train,4k,174926,7bbde4edb4b775700946508b475f1cc14fde615ca9cf4353d3ee75a60fc698b4
train,4k,150906,ddec84a0a749ec479c8a8fa9888a45bf7e71ce4532a957ce01836b07121b9564
train,4k,96435,3ae264b572523936628a4b7d2ae3684d98a752fc1d23e746d0b7617d7b69c754
train,4k,176520,70a340172ec4fd9bd7b7ad18222c26327b59db40b7c25b07a62e0ca9b3fea4a3
train,4k,15714,c61cbcdd84be30fedb3858e1240d57f5c5fb23bc38aaa802c1571d1ddf447a4f
train,4k,30602,38252317aa87392c77693df45453dea8eeb07b815a3764d5320628ed9315e617
train,4k,37375,43aa288ddae4c15049dda09362f01cced29d67d22e2cb90ca925b830276da264
train,4k,143944,9e381b49ecc21a1017506959adf6d4aea1c213c8bc1d061ef68612af69acbe8b
train,4k,16266,fbf67b0779f4d5f3f5c526595b8f2f25fc13bcc299a280fc075d0f7b216269a3
train,4k,73297,30fa6204234d30a3c51e84c61f97d66216b696391678fa72c50de5690ce6fcd0
train,4k,63682,2d4bcb5ab209953bf5d18ebcd8978f02995439a6b6ed3a99654867de67079263
train,4k,36502,8df309ba750c7cb2f71ee53aa2e5d45600be8000fa3610966601582ff0925313
train,4k,32795,c5ac79a007db64335ebc4390c2ee8c4538025ebdb68e39209dbb54d6393064d1
train,4k,140814,389c7b5e904dcbad993c6eb0d2b476fddd325806aca74f66d849c5a9eeca7f52
train,4k,33268,ba1a62ae385014f0f5f64697666b4b1a262e24c3d30946d0ddaf0df0dd71ad5a
train,4k,63050,113232edcb38349ebd9a66e6cb4e4232eeb08ca6cf333039ff85cbc61a9b1561
train,4k,177665,d32cdc8b507026a742787af4336393d855d749d1c7fe91d02e70f9aa5fbd6c40
train,4k,9694,321e7d697687a23cad62be2d4554cf801992add34a151d4da28e47cd41adc122
train,4k,140802,c9633756d1092ce9307697dbf9a689c4d9c243339f8919cbcb44fecda63aa4d8
train,4k,115855,05895111bd03dcd32f6de0111cb158a1532c959667cbfa8a18ff4c87b35335f1
train,4k,149019,d782acfcd7382f79ccc3bf0edb6fab7c4019c4eb9b9058094690a13caa8bbd28
train,4k,159827,e93a5737c7a618db2af7d20c68dbfeb380d5afe039ba6d824587820d93904257
train,4k,17456,38091439d93f8c06156ae5965b6079a538ba0c2a31503bae8ddea6adcb4793b1
train,4k,54055,133df785ff194968b8828f953d3e13e5a08cb1bd67d50ef52e1c950805d06428
train,4k,158514,79fd042a31a79a579dea4e36bf021b4c563abd17de86b8c7222d08cf61ee67b5
train,4k,24714,b1a80ddb87b7c900e0aa7eceb4151bb9eb7bbb0dd5b475e711ced0463c5f7f47
train,4k,79574,5e4f24e0f87998c0511a85528f6015b9aecfbf8e4c9af40954f78b701b5acb23
train,4k,142297,bf055d3ddfb3810130df548b1699b6e927ac5bf0e8603d8c68fe7c3b5d14c794
train,4k,143731,db9aeb2373e59e080f85d3498b26c5f8e7475738d8c4ca2c4428cd29d738503e
train,4k,97518,ee20bb74df1aedad0cc8c67e38063926c92bace3b4a49cdd2e8a0ecf29edb135
train,4k,188433,a87a0e232118ef2f7fc9f017ea525c86e627c79e75077c7f95274a4aac6f971c
train,4k,144614,56c304b8becc80fbf7ac3c42dbf70dd2854b68f9c25e8ee8ac703851b02eeb00
train,4k,153214,5c37d6f8dc1912d02796399838a86b11879ba487df206af50b7643c2979d0f25
train,4k,114469,c36e02b83c0335d2cef9b0cfdb7d7f093da35e03901cf48293bfb6b6bd8ad35c
train,4k,128383,820ea60e264ae1cbfac647565a09087fd20b9f4b870246fe839da45b487d695b
train,4k,112101,96655e3aa05b121ebcf5c951de94f6290fe2569dea4a9822e9af20f0c6796476
train,4k,92687,dc37753cce9379527fa075a40cd619d75317bd86ea689823b22c2678671f33de
train,4k,63628,ce61ccf7cd543aab3eb21af8a923030d037b92a762127f7d0d7a68ac26e1b46c
train,4k,42118,2c5f0d277923b07d6f1f64d76ec0d61696c22dd2531e113cff483aa6c9375215
train,4k,158563,d4b75c3f6d1c069183f871356b0c7536586c1527fcaf9ce7a141a0dff6e35531
train,4k,24466,ca52dc3e7bac2ffa4a0685c58fa3340998c206ade22e693dd985d2a44d49b969
train,4k,186627,85afcd386fdbf30f59b653acf0af5b8e77214855b09973f14d3a89bb23ab95ec
train,4k,139302,74a6b5e5eed95c71c49149a76d7af37a4f7d25d636ecd72fcc0a5a55b4529d0b
train,4k,141190,f84c24a7c6debfc56e4ebe324228f74eed484921951574ba2c55b7ea7cf96014
train,4k,85979,eddcb5cdd2274bbfb970b4a26ab14e985a98c8e274304532d88f4172d62888b3
train,4k,64109,b588af78c64954bb5f3b72fec6466ae712ae948ce7e4ac2a60daddd83ad699a0
train,4k,149513,c95d94a2da4a37c8d2f8f4c2855d71e484bc65d6651e377340e935195856ca06
train,4k,173235,6939f5de1af8540641bb51e8e694a27a36c2ee1fe01dfe30e37d98f97849614c
train,4k,154259,5c2af6426aea0279a280b262445e47a352f814ad70bd53f4bdceca0b4a45a15a
train,4k,176721,c57c10af43691152a34c18937ccc5b7ac57385651dd34153e1445e7c50c3c5d7
train,4k,10631,78a112ffc56b975b6696afd3a4910555e2a1125f78be3b51d6264def1b2cb8e0
train,4k,184864,2d8f6c19e6dd65012b178eddf155d9c31214eec132ccf86cfd4169130a8aca60
train,4k,121241,0322f26e2c2afe825bde4f6aeb11a8b4b014c5a598f15757d14d364cf827ae57
train,4k,52357,a52254537a7a1cb53bbd49ad7f266c611dc2bcaa6d9491cab3678f436a3d0e2d
train,4k,158323,3ec2d6f723db2de5d4860573bbbee9a8daa283aae211167da08aadff2d065a88
train,4k,141761,72e9996ad934f3ef09d73412b84af6277f857bddff4158723838f3d16d9f70d5
train,4k,59787,21c0b0e33834d2f60759dc1b769e5e8c8c93c8c6fee6b23e8ef3b00faaa021ec
train,4k,174092,8e8c97e4d4bc5330b0bc69c11a6a7cbdd95e40e4718e57c9739dca36ceaccca1
train,4k,47562,7b9722209935453dc46e1e2dd247d562b1bab61d1bf05bc9b75018e03526b189
train,4k,43076,af1a9d59ca2f78e4f201fd24a05f095b0e518e5dbc25d8f00650cb49d253b843
train,4k,36491,c42c367fd2ee8fdd4ca38ba1e64ce53dbea000f9c11f7f91a5e18d031e72152b
train,4k,16599,946af46de05e6f5a979f13c26253546bc8a02d55a1010036737840369f7afba4
train,4k,128436,3eaee33b54ee74ecd8bfbd53352f70db9b7ffddde409e76915645a37859ed296
train,4k,5936,40b82141ba48c62b13b588ed39d969deb6e44c415ccbb80034b6d71f26ac2404
train,4k,170738,becaff431e4af83d86bdbf088f76cbb6bdf81456a38f7d2e5039a810304b7709
train,4k,110769,749c9701531d365d2d35777fea0d8cb444868485d41d34aeafbe13431e4808d8
train,4k,134957,af1d3f4d367d7137e8a7bf915fad92039e09645034f77cad98253c818f948056
train,4k,69061,b4d776526667faa235ae61dcc2e78848b77effe43a4b881e3e6ce43e0f922535
train,4k,172302,6850197abca79954f29016aa2b214440387e5251857d8b0e7f2d6aeb0483a0fa
train,4k,168630,522214f0a6782ed11dfc8138d322c7ab96599952d44b552e0680ea2e25e468f9
train,4k,72985,3238dc6e465ec5fb42c769c3dae5a0ce06e310b279b0bd7a7c756360d7ff8f18
train,4k,189364,c29d6173374b3c67db7a8c9802477a8cc03425667ae74eda6db88f6f09f70081
train,4k,57966,7ea8ecdcd0335552146bbba389576c233c1d64707abcd6afa81da783d67c9a4c
train,4k,16858,c09d155c0cdb6cc91f9c3df86ac18b82fe8d2848006781cfd1e772cb9408bba0
train,4k,170592,4c255387757b0667b2ece951291678fc1e085d65d8d3c1eb2d4dd33fe80c3213
train,4k,70195,ea620a0ed4f07d48929f4f468c3ba0901a3cbd4e885928619b0f01f2110b2ef4
train,4k,35808,fb9d6b1e40f60681252748c94da52b47de67a1f5313a9ad2775884e2c8c1c6cf
train,4k,20660,a5b542ea777a6de33933168ddcea22892c56319b8a4bed7bfef4f915c5c60544
train,4k,67020,a30b6b3614acc3fabf5cb3b3941b7b1af28fbc78429db1081900fc40b9ab515a
train,4k,145474,386528b4883f2efe4ad14e4f383b059729dd393bfb340f882bdf293bd863477b
train,4k,135171,48c09042d2c108262d86a521b074b6e95837cdab958da16d271445150a18dacb
train,4k,72903,5f0b1545cea41d7ef06f142cc6ba3224697c8111db477203b8e8f933eedcce49
train,4k,37080,ee15a46435a8e9161db8efd2acd8a256f51c57d0a109aeaafc4573fae84f8ba1
train,4k,142415,030d07057c44c66d6bbd84b529148af32772e713b44a2f7316b38f23f8c5b048
train,4k,90169,d4e4b505decf103407e2cd8ae70b820dc6cbebfe94e75fca9961c4938351e01a
train,4k,190039,e718f437ae5343eb37d80557b1a7d184a000ef3317cabb8231f955681fd9c9d7
train,4k,38258,06af982f1627a118f14c8425ca13cea21f1958ca7890aaa77a0bb44b299acc4b
train,4k,26054,a2dba8c57ee99a362a1d6d915ff6a799ebfc307072f73d8b3e32b7784c6ba1ab
train,4k,183368,60baf8a7777061697484c739ae6b551ec37aa1e1a5913ed82d6db03e5e2d0e0e
train,4k,147265,8b03e34ce8dc53d401f22aa3feb9968ab3c218013a7ca8b0cccb79861b1881f4
train,4k,110676,fe0c6b915b140e309614949971fee78c16a7a79425561cc8fb38be2cd304ff91
train,4k,175411,6350be725e2299ef2b95418ec80e3fc545916eba14f6983f8de4019b6877e197
train,4k,76826,da135d61bf8ee66601bb321289dce5a443b087567d33c98ade7977c89ad6b21b
train,4k,153166,bd9309ecacefe29528c5d539ac4c49d4c0cf9d2c1ddf6cfe99226bc9f584f2af
train,4k,18597,3bd6044051fbd43a563cb5ec51bae4cd3d772d002a2b504376ebb0f0034d6dba
train,4k,11692,980afa16495597c147c391848372841cd7e20bdd7afe288b017d05c35e8e2aaf
train,4k,50522,86ca44e4c9adcd9faac6045e1138c0493c2e84b5ea9471a978e844e50b67019a
train,4k,26789,0303b18b1b020698052640bcd1868195e98e3fff4270d8e19353e58443f34eca
train,4k,74207,2a354ad0f3c8aba43fb1aa87a4da63d1dd617ae9bbd996b44fbba45a42546b19
train,4k,6638,b83b154bbc63d0131134aa26efeb61a6531728c91ed4147cb1711d7fdf182ba3
train,4k,78574,edbea854e2e85b2e7f79ad3e5dc85e12a58ec2544e4364320e55b4ea9970de72
train,4k,118390,81f8b9f8cdd4c3aa280885d9aa8659ec2d98ec70ce60d69ee5225769ab02701d
train,4k,135106,7aa1080bec687d442e3cede9c6f425ed483276e7e822d23c1d46cb14853c9d47
train,4k,138037,e03144371658fdc6636283f3e9d5d881af7cfea7a74fb415a8477b25d21e55d5
train,4k,19276,26f0dd437c61220cae5005eecc36bdf0a8bf0c6c74d670a6f204248750c8b725
train,4k,67443,209cf68ccdc7f8efd5f057414ad5fd5ba654a40732568657d2df41461ecf41b5
train,4k,46682,40091674b1b44b7027d4c68acfe5f5c1565fb3909dbefee2c60424171f8facc4
train,4k,166873,f498e7b183d335043e989f82e8954bcccdf77241bc55e1289f7dce02c1254189
train,4k,93046,5325925b1bfcc607b519147e036c38e39a269ddd04805e41bd5bab16edf394f3
train,4k,17885,bbea025490b80afd265128599eb1359b2e7dc62b2d6d926967cbec0ba30b87ed
train,4k,142883,f9198e22b9526de33f3269554d6580a0a3b536dca63c297d59c8aa32c742900a
train,4k,63358,86ab7f8b79e7de004b892bb8084d4cbd6087d2a48c6a4c02ed1fac694000ec00
train,4k,158803,4195dbf1f32eaf0c574b84e2cece6793298e086cbd93b7ea8bc3fc37eb3e0a17
train,4k,67941,54ac4ee98ada9dc158ce61a49bac44510fa59020379e36c95289c47f5198dde5
train,4k,114593,62424a5bf40655dffc3fed5ed6bbf7c9845ce79c403c69d8080e11e54d2dfeae
train,4k,17652,556bbd26bce64b3eb7270bdffc71af7966eee17819dc3c0dfffc5c24e11a8ff4
train,4k,182257,ce3342f1ea84aad7e3e9263d297a31d16deabc6df2dee21bfb4508ded88263ef
train,4k,181331,1303a4377da710af773370acb03d69d22ca1ee0249b8aa6bf7ea44daa8701d5d
train,4k,4957,0ac5a90a72e56fcc82cdfd0326b4bef8532ac5be835be3e0ee48d2c78bb434f3
train,4k,141002,1fb675361d00942e656cdaaa88745c2f2d6ed18115dd14d2712831b0c496108d
train,4k,77888,8316a91b6a43ba7404e059299d108fecfeb987aef129859a66411bcfa04d0257
train,4k,183690,499378a8d4702170772a8fc8fdb67e629f1465e732134ebb746db7bbf60fcc6d
train,4k,16058,06cd4e40e99c41fae848edf6fe0e89cbf26d2d76bd9610f59a1ca37c9c035ac8
train,4k,4006,592a957c46d91bcb0795d5924aa607bfb94a179564017b1837642e2f82b383e5
train,4k,132379,7ea2b8982ccca3a4aef351a8dab05a11717bfabb017c4d627c5fefb45f527836
train,4k,76475,a073a746d144e3131a52c999fbafa813320a4c5a5c785e86787c6f28c4b3307c
train,4k,77989,f7dedba48b62b2457990432c93aefa645b33f64b6719be3cdf4d56a8913c05a5
train,4k,3492,266f6d08a2a20ffd76e2c5eb97d3c6893dd9ea6da6343bb68715c1140569b44b
train,4k,189596,dce77ca0d1e4fac4681618906b611e39db3e2b6eb8d81e81b2261cd86edc3a63
train,4k,138058,5d124ee70a879322df0a8f167226e75a266e0f29d82c8a3e0179a1fe9dbe0999
train,4k,178300,b9d3cd0ac7d4cf45241bb279cec52c55ac41fcea125ff29eba5867b824957f1f
train,4k,160157,6c8e87dab497bec2e2889af0b15a0400293a3cc0e6829475d74d6d275e8403ff
train,4k,163526,4b424efb9b3d4e479f3bc0a62214c03ced8edd79ede334aba8abb13ffe9826ec
train,4k,36159,45e8e4bdf5f619e55e69f33827b5fa130e5fca7394f7608e930a9e63050d5079
train,4k,80303,0a97e76312bcac9c1a9f336841de1f471a738ebc0c502f84ae3b983350ef776a
train,4k,81121,6b7de106db61368aa12249571cd7fca5494308f6377277f05da3027337da621f
train,4k,35061,0be6f52fb169ebba77926948771684305f8efd10fe59713c1e49ec84c2a18a2c
train,4k,19908,6f9f75b56ad6c1a281669837e293a9dc6ece5799e0f9cebb0e7690b6ef6c43f4
train,4k,154564,7628068489b366cbc1174ac1a2a9dfe2377b7ab8a1c3824580071d9689cd0dc4
train,4k,98696,dc179fcc5987f955c3b2c0463ccd3982a8fa10c2fde0d17ed586eea76813a44f
train,4k,60912,08fe4304aeba8a74bb5ac0a8ef466ccd37d67a83e803b816d83341589008320d
train,4k,101069,acbd6b066e8b228a8928ecd912a58587fc54f9f4a41bf2f0757bcae91fc4b92a
train,4k,132160,7b672749f96d8cf148d333c4d4a3d0263e54a8c810b7ef5c09861776c4e30116
train,4k,41971,10d5b6dfc3c8fe7c847ea44fb518f5d50c4113bda061128c99cce0cd9c065f4a
train,4k,100702,b1132c5264a144f3e3ce34d3fae191dc84c84d5084c3483798dc9cb06c5abff0
train,4k,153292,e989e957f79c026c4b749e0b51dcbcbb9c8fed65777efd605d64282f91661f12
train,4k,84608,cbd00e65a644b19fa820c974bc76df395b9f5b5e0743924834abbdb97c7516cf
train,4k,61027,73b25f287248795181f1b665eb1ab003f398ded165173169370318541c1fc623
train,4k,153669,106d2687f61eca3fd5384d677d4f79b92a560d1976473beb24d7a8daed02a27f
train,4k,92493,9809d85248bc2407e4a8a6b1f3debc1a937d389fec3e960bb8d93b5915e4a2fa
train,4k,29437,994c9a3bcacd862f84d123c8e6ee7a491d94f3eadd52e35b731867707298be2a
train,4k,50852,b52376bf56c53292a1d6dc983b9cd852c85d56d5207bc5cb541b4356ea8751db
train,4k,35498,8211c600a220ae65e2f0bd200ed024a51f47a45e89a662610471da08bf83949b
train,4k,164499,b23d134cff81bd1e730cf2029fe98a6a2a6ef415538df3cf2317ca8503dd89c1
train,4k,54342,c7f0ceab284b4344dc045451e08aaecbe3ce74e694faa12e4b58e27da079ea92
train,4k,26792,a5881765801c871f462d9a8bb43e123db041f63f10239a68497d2ae0a82b2469
train,4k,105064,b1e05f45e510d6aeeeb85722ab0d59e675700429b268b0153229980e2503bc2d
train,4k,109861,2ca7aff8ce29302d4015542b1907e488e7ae5cd29d86cb7dd30fcbaa9d4ece01
train,4k,70017,06b6e8b639ee804de97aee77c1183764ff1b2a820c47e284c379c0c8d38f7d94
train,4k,135985,1facbf75f9e9afcada6838b443edca4dda082282571534757ca416fd419794f8
train,4k,100605,2b7c55bd137e5bc86ff601635825a8b3118e05486625a931811dd2324c51c008
train,4k,79366,e413ea4ab0f2e828c05f0b8e86c7638f3c08bf85a9aa6bf0ec40adb7e55a6dea
train,4k,46488,f9c8e3f35adfd1f0847da538f3ae697288b1c07753f1200953e473a30cfc63ff
train,4k,153565,d718fbca7c7ec4fb1d6c1b532b90c1b7a3daeb5dd3346ccb5fd026c591d69e92
train,4k,104176,ad121bcf24859d07b22e1466bcf764e4e4a63db414dd1a033f4b0dad762e0e99
train,4k,137892,94916779de3e3998733ecf3b1c05664f4f7df2b2c4f4e5c7063553dd3dd50436
train,4k,68776,8e9cb6fedff90dd660426e0993fc1f529520583480b01e3896da28625da66a20
train,4k,37575,43203df6d98595228c6841a6fa421e39a5307d4fecd9248f64a6e8adfc604e63
train,4k,176109,0609ca291443f54201c61ae36d359f64fa5253d2325dbc9cb8e268e20c944fac
train,4k,105132,c8fc1432ede4832e74100f0aaa08a0ce753fe6cb9a26aa8499779ab048e221aa
train,4k,33946,73f0759a6ae728b2f49cd309a395141284f170cc3daca5fc0dcd9ee107140ab2
train,4k,168474,121596e3f71a0920ee058e8dea16d6e4437d1964533dbaaef0734016b9409e6e
train,4k,8729,97356d5294f62c2f3593a2fe4e58d9a1b6b7295a3b65797a9e42665180237c6e
train,4k,155265,7aac88a0d69f9bcbc986bcb37517be39cfc511ac806fb296a067e85ad3d0f11b
train,4k,147645,bc6f786ad863aef5c5441f71861465c5e1f41cf38cce11a9162b97e752dc06d2
train,4k,91940,86e94f5f0f8cae8b08903d68bf548211f65431ced09e53ee39dd47c9e7c4cf86
train,4k,76082,0ae2c3c50c76cc289b6e89893dcb202f3739b55eb601a153eb754861e2c06312
train,4k,185156,dc275459e9ea7c805a5805974b27979b847853b25d510003b5ec31c2937d26f4
train,4k,61990,f0480c7f811120f927f81ea173e98a106d685fe4ab279efd5ebf85e132174828
train,4k,125885,9e8c0e3f3819c57d56f3bc13a5d2105dffba0ec8461f9d340d979a680acc3ecc
train,4k,147256,381f9244e5f75053f21f09bb5971545ebbdef02606539172a6f6b18d870c0b6f
train,4k,69998,032fff2683173496a2bc817d1efcbb89e121e94ec193f4ac8c2cb3f41c0a4a7d
train,4k,54778,b6c1bc8c6fa7dfbf0154d4a61cbaa39605b7f6872d2d363589653a001e387bba
train,4k,27602,b000e7219e8306c54ab6d2b7a70313a39afe5ab1c0200c7ef2ac060e2568dd7c
train,4k,101103,cf3059cd91ba9aceef75884b4d40d4f97535c2d3d443cf4aed1568a97bb8ff46
train,4k,81996,6496821e3780cccabbae01cfa1ceb77b14990110cc08d4d42ffa6224d7051170
train,4k,25350,56fa105876bad62f1b1b53548bcf031f9160567f2b02add869578b6434f3a8ba
train,4k,129992,ba7d5a397092a2e79745be1608f36e0938ee5eba0312731ebefdb6973b3e261f
train,4k,3968,cd9fdc450538c3124c5e1fc3f77b5fa8a629bda19964ada0fb00fabb897dd4af
train,4k,617,105ca0926246441044eb3437be08738cafeb48ea4cde646cc5844ed4fc06c68d
train,4k,97192,86ee5783eac4b432670a51c9081fb316e03d8d3a9ccff27ea9e4ea7c93f2dbdd
train,4k,34165,dcaf1ecc9b15da0bcfab26b38be8ef4fbf4267e3aa190aa2ab1f19561df5c928
train,4k,156169,f42688bd1e0fb34e653707d02144d1ad67ca491b47d601124628526fe65b6345
train,4k,118668,0e0151e4993323d5ec5390b91aecf4cfe593382afb7a741bcf991b0b7caa8d0a
train,4k,47558,535cad662a9c84e7b1121c1b0cea4c35b0a4068bcd2a5d7f2f9e0ea83ea04971
train,4k,164624,b4e2d9891ca14e6a8aab4d4439dc6f376953499b0f08ac6698f32e0593183fa8
train,4k,91784,93ccb66d3d8f8de70021526128ace74b3157763d4e45954dea11d4292caaaafe
train,4k,61347,e4e715dd3129da33f5fc09e19d18a243671e4b78e9abd2f2ff0342f9cda32217
train,4k,53688,0f02dab3743e95ad5d4120cb13b7a0d562bf030e90415ae683e5b7fb2bc2c82c
train,4k,125709,5a089037c4b0ea1d0cf5d0f07b2d931ff956d32ce92df6546324aad0552767ff
train,4k,34376,349b0a77847fda7467b5e4dd1c2d576b0d2915efecb9117027a8364c65619e59
train,4k,34071,bac061334fa773c353ca06d0e36a2dbac5e3f4559aafec3aa4e002ff8a11e5e9
train,4k,93237,25d3637587af97a2a9ac76a514d72f5f62bf567bd1c4b9d726715a19c482f5dc
train,4k,84702,03f1295425401fdf17e2275f4201361f4fc4a62f2d71ecdbe9775340fc86c162
train,4k,33426,9267601939de7be153d0217beacd1d03b910c1777366249e0072269c6eb61e9f
train,4k,99006,c2312cd35210e844f72fbda6d743ee5389b54155c1ec089ef3fa946de874122a
train,4k,97094,afced39eb07ae32e329bc294935f07f7180d609ba037ad7e46d9cc9d98fa20dd
train,4k,105269,66c22c377b0724e3e9e0f0f2d3e0723607d8434b008fcb012253c1646e767f55
train,4k,10887,430aa4f494d9448f32d28d2283e58382c269aebf9dcb8f1d461681dcdd63d3cd
train,4k,166169,e1c4506820f08769ed11b78b903e774d37a20a267c574c92fe0dbffc80ba9778
train,4k,64390,8fef98d8a5dd9bec02f55a9c6db1e2cf89c304ac3a9d3ea6e446c87620a16867
train,4k,121669,51df374503dae61fc112b8c377394d1ccc9303211b2fb1e55afdc13f4dd15545
train,4k,15054,f84e2c118f876987eaad0940b222b2df05fa450586f9ea4eb91fe83c629ce66e
train,4k,125439,f769cd2fe8bc7627753e9620e6156e0ccc56644c99519bc82cb29cb6549f5505
train,4k,175176,3e92b64b0296b1cd8281541344bc9ee2c765a832eec0e46e3c259218b01ae8c0
train,4k,63924,84fc907745f55da4fbd9d966f908400748924852eb69a0a57fffafdb896545b7
train,4k,176193,d9768747078ddbdaf3d438af300deaea6c68602e71f735ce62cc0b734e933f7c
train,4k,140353,0ba360f459b2374fbf53ead9299105f1461103886ae4cf669eec440caae93192
train,4k,69358,d2a66a39f855d9905b54db93992393c4475338c5164967b888f63d482336732d
train,4k,77894,408a06e3384c81699755888b768306c7d0e9b6e1226faa4e4a5c35e021407002
train,4k,88627,37b7b2cfefedf50095e7ddfe4add3a1ebf772d24a40b463a2228a5c9519baf63
train,4k,21777,b36cadb9dddfe6d50969aaa344286902b7acc0ab114f0c90d6c52345b881a489
train,4k,107127,7545762f4013fedb803882fd4c55a6874d73555178d4b6087199571b2fc5966d
train,4k,120472,f00fa28a9957ae8de895698027e26f3c2f3f7efffb2552d57b2eb5f2ff635bd8
train,4k,131356,ed2ed8fb5deb1ecf5dcff66c47af2c694485c14bb9c611ddf8167978d88fdfa4
train,4k,141823,63512fab16a21d65d35279fe1bc210c24d965f456473bf2e5a5d8d2b0aa91b23
train,4k,126259,1a22f80f4c176eed4859572150cc61b4d789b805411ebb6acc0809075264d8c7
train,4k,81293,06653596dba4ea33593598a6cca98b7f002fd1237b3e11a71ff461f5363a4559
train,4k,108875,c47c8c4c4479ba3734a68df3b59d64c51d15d00f544c92223871420b75b6da4d
train,4k,68826,db68f3798b8d1ad16d87c6225c09fd06b4f4f7d05c294a659813bf109fca03ea
train,4k,108330,17d4b888f03a09d94ae6e59df93e5fc575da5122a640350562a1d036d5c17fb8
train,4k,26623,3c9c5f519181f5350a447e7fd8fead6a7d5bae09b06b2a45c2ec1cae6d2315ee
train,4k,113225,9d47d694f6694613fd06fe5d683efafe4cb1b6c576fbb4e0b53ddb8aa218550f
train,4k,154760,a874d72b31ecbfb3e820f75016370e35abe386f2893b6e544b0fba4564a1f843
train,4k,170483,7627f2d2bd9c33d36fa1bea64017b534c55062e3dd01b365adab5ae4f23240d8
train,4k,23716,2ab6e2b328ffcd39bdefdb3f85379a85dd422f6edb1b0ebd5b9518b634e1ec0d
train,4k,24584,a9cce7c008a052893be170bb6a8321b1f3c1534383515aed4e0b7c3e38edfb2f
train,4k,57847,9723f982e2957338943c421481bc1ad295a6714149bc76f24dd9d0dfce81ff2e
train,4k,21465,7fc4dddaa0b4fed7ba1cd3ccd58575fd4b8c4626ed7b0b8f687825aaaef6a94f
train,4k,6346,c9520aa47d5430648785d2c1d119b2811b573ae1e28fbe63bda00c24cbc10012
train,4k,53072,4b465f37b60e64205638c4bf6b6db4902be0b2e5a1f70722c94e8d02a3be5cac
train,4k,127120,e22a5517078c6ba2885d465820d0af8c835e9226e123a06786a302dc302c4b1b
train,4k,12301,a60b2b3e3f0c649cf66bf974b36b81ea18f3f6904dde9f5fa6ba2cdc36755466
train,4k,192179,81145caa4fdc3166149d21a2ccdb4f3dab2876de6b7279914bed4be561c57b86
train,4k,134463,1ca53a26806440d71642402488a6d21f1466ff6e0e340f75520fd0ae15353dfb
train,4k,70697,4b4966265685956e22db64f8e5f2336f1836f236acc5e4ed9aa22fbbaccedd06
train,4k,4246,98852c9f94a0b73c93abb09d66174e3b15458aeffc71b21594a4a6dcb3361b8b
train,4k,29230,bb9e80ecd6624d9447357539383b98b6b96f3120f6bf86fe5b75cb93b9d0b768
train,4k,175511,b9b1a16b19c88b629c4dd32cccb00c3da99decea25965f687a0a38cc9f5b9b06
train,4k,12500,d9e328cdce53bf97fc4e1c9b25f3cbde0f7c9ecfad80b3eab08d1ccca4b2229f
train,4k,51159,2db61ace85c56b53c183d148c5876a5a8125918ebd169087fbae1f290fdd8b84
train,4k,31471,773c63f0920a8e4e29bdbeddb6679226ee63be44c82e3b995d629dbe7694dfbb
train,4k,78647,c08a3511e97802a20d654d26fe9b53c75aeb42f2a7ab7a080b3477b3d414d4ec
train,4k,100624,5fcd6764b2d8aa0dcf0d7705b9468c20727531ec9041e8225f724277edbbaee1
train,4k,145945,2f7ce29337e689fd98887d63cfe5a78c967350fb13d268b274b02f29f6eeeafb
train,4k,158347,682038d9eba266ded3fa51a4d4afd0b4b95fdd750993fb3d5ce7cd6d0d194b31
train,4k,29566,e9092c8c0f43512610ac7a2eee0b742981bdb92c9fc59801b26921a161b8ea65
train,4k,118434,efc264a4873c7398e95cca4f660ef0d78cf3353647db6561d7cdc2b19e5b9402
train,4k,112622,4dc66423faed275f971995c1bca241166a56991915c23aa69c9cea0fe4eeec49
train,4k,33743,688354c8fff4d6e36b759086dcc6612379793e1ce77437ac80ec1870c2688af1
train,4k,4577,00b07d6729b9c7910d66475fbec69f9197427f9389d1d7342dab9974392690a4
train,4k,126071,b20f9bf65eebd10cb237b2e75be47a626cbe01f6ea4bf535167574dcfad3766d
train,4k,71117,76b3f6f7828a6c1a9fda0f47f4cf53560d76bd5dcd1a208fa2490e93f7ccc1c0
train,4k,129383,e151a3b9eb15ab401959d6acf319775b972b7bd131f66b75ff8e457a2a28e209
train,4k,125136,4787f09894ce79b06854a3e3087aaaced0f232c4670fe9b0d80ac3f8881d262b
train,4k,172803,42f8f3699709c659e30fb21153aad1a3fb1e7983ca1fce944f09ac4bfc9551a7
train,4k,121067,e8a4eaa04bc2e76018ea26ed2be8e520c03879eaf9b566e155eea0b98734ae9c
train,4k,129553,78fc757265bd495b4e00a8be19ac0ae4e55edafd9fb4c6d5c492f87bed8b0c42
train,4k,123630,c9b57d9d2f434db4e61ca67b1bfda7e91126ed8fc49fd1e868b9dbf23ab8a72e
train,4k,187755,4576a9aab50f71f651bd97d9c6e1c22824cca56079418342190f6084f4fa9d6b
train,4k,111583,e610acafd82159c1aa978fc3d98e5047dd0b050f66c0c456f22522bb0f30bc59
train,4k,103546,716fc41fdb89d40adc87c84343b7ffaf7fab48287264e04aa0a64d2352b616be
train,4k,39231,b3319372aa1f360e01151efb4ba20498f55865ea674b5f59ca397b346a3a3db2
train,4k,9019,a91c017b130fedc16904455e8326ae1f012b9d12a69988fe2f7fdec6f68af67a
train,4k,60144,d7f995558118ec6088602ad0352bfc6054f0df6fbd85b62649ed699c0ab6721f
train,4k,7077,b5324af292efc7fdcb389c1bdbef8a2c0f32f20e988d3e42adbc5213435910f3
train,4k,14505,6416c4990005efa6a3166c676d072b0753ed8f161ed26ef48e4027bfda576bac
train,4k,136961,19aef48ce2864d8b7858fb4a1c5c203409d317690248ad97c972c840ca030bec
train,4k,96483,e022c6aea8067c5f50bceeb8986b2667fce1934acd5dbc25048dabe18c45aa12
train,4k,2675,c4f9fd06ed8c89494e5c9cfdd242578b6e863845b0a0699a9426e17da3374e11
train,4k,73145,f4133f016bb2ed244e66e851237c53b5145191caf33525c7476f821ae7efbccf
train,4k,82420,c25a75efb860bc2167658e41846b797130808942d1b9be5590e407060bc8dac3
train,4k,164241,58b8470e9c771d1081b6b926a086363b50752221bfa8c833e253f7fd2e1d8df8
train,4k,49891,bf6d1dcd85bd328a6f76ed9fa9a33322d04853b217f93b55a2916dbc4ae09867
train,4k,77534,faab7d0a705532334c5319cdd173a8b5ef89c2320d858c3cf12f1ec592108f7d
train,4k,32154,7bb80f85433dac07a9e34c734be6cb49512be8ef99acc7d7fdec50f6612f1181
train,4k,160313,274940d4ec1fe945e29e27d5d348d1b5c08ee0b50488336c9cb4fb0a885da85b
train,4k,181003,6e079b0ae7a4aed0829439a280fcd2657a65a514f0687c69a5f3d15733bf7061
train,4k,27994,3dcb8bae832bbb6c2ee770a129dee53868dc76fe4e6bc0b187d4211f2086505d
train,4k,72092,3f7ed1c3f13aa6c6e5e0067586caab04fa6acc71f4905df19cefaab835177c86
train,4k,24104,ab67f69794a4f699219adbcda040f316af7d7881a3faa67b6dd8d4946bfc0bb9
train,4k,179756,4228739fc77d1e776033a7861666bd3310265b66a304599e0aa6cced36b46213
train,4k,53180,5134606e5f4f7e26a19ee59b6151fce98fa2c8eb065f9b65431394db242cfb91
train,4k,33665,e026794cb3da610667507b5565ba09bc29a362254aee7c9a1cdd8f7cf3ace3c2
train,4k,138478,22573a870a9312fe689c4b81eea3d4843ec6569ddc1655fdb7cdf3e952ec98b4
train,4k,8164,a5c84e2c1a880334f562bea9852f7884e94827c980bc7fe710acd8f0e6adb5ad
train,4k,30705,fb40a0d7ea6de93d2845cb346771cfb98a55f4032235ba12455b1b609427b029
train,4k,34332,1f87f8abc11441426f76ac4261c8c06f68b8141973198e7953fe9600ca873525
train,4k,50095,2adbec9160ab537b190be04cfeb8c397eff6039c38f0c48e2fde8de964fdbffb
train,4k,133724,d7fb53931356c23282b11d3abf11761746fd4c92a6b14166a9b4f02417aa2470
train,4k,188438,6f02873b287d8209192bebbe225b99d731f1721f549b92d6a9b44d34cad79c5c
train,4k,54459,846ebd0cb14d62863d6ac77143792ca770df5b10e4cbd8462673692a62e54f26
train,4k,106508,78a1d23a2b618951f463f71a14e8cf4b3276395e666866bd5ebe4fb90bcc61e9
train,4k,63976,3848505c8904bbf3f8e9a86e62d91560586a1266ab288ea8bc052390a57881c4
train,4k,111055,aea660f80deac8d9e31b6b8c499da49e877ee965d7266874d6abea1cce2e3d9a
train,4k,45505,e5306956a1a22f3fef408592840d8e32d2251245abe3a70d313abc81018bc12d
train,4k,129706,831e378f8dd635cc0c3e0e7956826322f93fb2c20ee0ea6b78ceecc1b7de3b13
train,4k,111114,16b479e92462f7b43eaab04eec2acdfeaae7943b1655cb98f4b5530d9f3a7130
train,4k,37088,e85470bfb5eb6bddde2fd7555e91ab899550e9965e0e9e56a85c5473c0276e8d
train,4k,140649,bf294d138020de030c61ce77beac396eec63089bc389596f97b0d79a5d62b618
train,4k,108560,9ce6417d613a0ef9ab1b89e0094f6831523a01a0f8431a8808b9d79ca95e63f0
train,4k,8650,0685207982ff3d945e09c9c9fb57fff2b9cf9f426241b3c830320a2632812e88
train,4k,162287,eb25f71bb2f9835d51cd3e495e4cf8f377bc66b53313f5e1043ccf465f2f9bd7
train,4k,66772,ad765994a76a0fe56773ab955315a613ea4d51892ff289c35363c340ccc07c51
train,4k,114669,df4b57b2c509cef3cc886297b02c6aa876e8082647852dc4e6c750960c479e07
train,4k,62067,5a3cea071e87f75c2e336d2f8296b7bb1194e816b0153058298517ee4df2b613
train,4k,92308,a396343ee291f88765174e57295336bb2c95e779ad481b7612b20fc23dce0bcd
train,4k,173969,9e0e55c67014827836a3c56d077024e4865096a3ab1ac76c2083ffdbdb22517d
train,4k,115920,59493149b454f6b99e2a211c8b06aecc7a7be031dea8b70e5261921f5698bded
train,4k,147761,3299d8c60a92c2f6213706961c50ba6868d9487ecc73799398290bbe24620cc0
train,4k,35821,18652cb169e693ed34afff4c936f152ad46e690bf46ea5caddef2173fa4f721c
train,4k,138378,05e01b3bf5e4ebc082264ba629ecf20edded15509fdfc4e4271cb4939e0159d3
train,4k,149252,8903364222ae5b87ae984a84aee665f33e583d6132f9434c70feaeab6b9675e4
train,4k,159086,6f70e8f7bd95680a75cc9dfa0b384d5cc501c617c6c29b4f706e4a63d61bca4b
train,4k,96923,9d97729f474eb981723876571022a240bd7fc3e276ff9f84790dd6e2d1d2ea6f
train,4k,163487,255c109cba02827b53873b28c06efe1cfb502e97b3a1b42b6c5f5b6ab92c0907
train,4k,108260,f03062fb38c049f990ac265b18c497d09b4607d5c65f42a255cd0e6af6dcef03
train,4k,181477,5230e62dc7644208846680fbd1ef3e11d6f85dae2d63758d6d38d211cee6aaee
train,4k,67748,44de9f2eedbbf35490d1970c2f7a938161fe99962ba128a3e13cb192fd776681
train,4k,49732,3e50a775e8159f3935b9c8b51c05f901c1a2b462684f5f3955084e785d1d4ddd
train,4k,125690,63778d4990f1880b4ab23a958c5bdd81be90616541df2f7a37e962108d0f3e98
train,4k,173253,7cf2865c2e45c65b383691433a51f244dedb411f0292456b205d2e47af78b778
train,4k,41841,af098ecdae26e06ae68a47c78967a20e7b9631d2ead040924817f241a028a1b5
train,4k,58710,17f0395d4cec53d464bc20e5a1dcbf278153f6490fb291980f1aa7e0d8a96c92
train,4k,151002,502b27e344a918b59e3a5c68d25b6b1cbe1cd011b61e9a40f81470a325814027
train,4k,105774,833dace80c4bc7066df4adecc3924771f309b778c8306ace3b8c0a9c7954b567
train,4k,103110,37e802042c58a4bf6c1ed7fa6b20faead94c403acf2706c50fbe39d305cce085
train,4k,112649,0433e770467c3c22fdf59d96f1525aa17ed69fd1a4aa2d0bc3e77c426e530dd7
train,4k,114322,62197ba0dd31bc14a801d6ac54ac36a3e2f6a121faab8f564085f20b2c7b8d8b
train,4k,42037,fcd5d3272da807c80075e077a87b2ff1c7dfb779c35156bf0b5a3af9e44f8456
train,4k,8615,4cec9badff299b2c3802072a99b0664b9605b8803f9e3e3953660ebd037d2320
train,4k,181794,6a1ecca1861f2a1fc3733ac5760d4c4699d8f46955551c4d1d4e9fe249b0a742
train,4k,96484,56fbc13cc30bbcb20020122a4df0536d953b3dd0d7a99ec4aea113570f588a56
train,4k,191264,6256912c3406636e2963ede9a70987956b413c2eab107e616fed98bd9fe20629
train,4k,53056,495a07e702d6faaa0cbd7eafa01a8dda595a0d83f8f3397cc04f688dc07fbafe
train,8k,100703,05c985ebaa95edf5cc006c7ce6c5a2c4265f05586f8d4a68bf533b50ac862910
train,4k,88485,3609cf6d41b4d9592d3d0e9c97bc2c402493d5ae848bf80dc70834c304e75aaf
train,4k,78824,191f4e2e844f5c74d290a26b0ee91b7356efa67c7f8c4050bc5b7b81faca0e6b
train,4k,119109,ae30d7b6705665b8032f1e00b782ebbd8651bd165c46b31ddc872679165e82d7
train,4k,153345,767d3c253f13119cb60ce0122cc0d1ec2a6a53db7f6809b90029814735a3b2d9
train,4k,137590,47923b9ac10c801fa15f06589c335e69ab4f0306390c05740108bc4b38aab9ed
train,4k,10377,217979d8f2b5e5309ffdec172a27a00133ca276b135941d5d7259779a587eeb5
train,4k,39209,6e17afdd9bce206bfcdc57bd4fa4a352c48c41e807a1d14e76165e98a4a19133
train,4k,12545,9ac80c09552b2e68dcba6f3c4c3a5473a0d0af0cfb126f30abb347d9b6da1cc1
train,4k,94622,44352c23823ee494ed419ccd61de00c0ac827af273ea153246aaa99a1d547c3d
train,4k,50023,a96bcabffb95f98ce6ab3b10ae7940e37e559af1d0e4156af4ffb1b312371686
train,4k,121327,f61c5071e7838e0d313750a817daa74600059f212fad438910b8b76b76c00a0a
train,4k,18784,b3975b78e352a3cdb18b281bb28be53df3e085f373053a2af1257a234aefc5a7
train,4k,142295,170462cb07eaa4db94790c9be6cbfff4938a7f0fd33f091e6bae166527834008
train,4k,165987,564ea722eee3fc52bf0fcc95853f01200097fe1d8a3a2124406a5d126274c7e7
train,4k,111800,fd969b680b49aac4cb20179d1f2b4a5a6698fbc3af0fc1a80c51b0aea5cf6ed3
train,4k,37690,d3b29abd300eae237160a58c247213780b708949dd53820bd4b5838690975231
train,4k,24236,d7713da76d665e655567f1268a048a97a387ad6849a8fb15fbef2cf9312d575f
train,4k,37930,5662c85b95e9a527efdec7abc03eebcbaa987f92c55938ef6fa6c7fded73800e
train,4k,47362,ada422a5deb667f53e76cca3512992fd7f3c7e0a10540c866732c6b044c34485
train,4k,72626,6c2600dba109f67552292297fdf93b9adbfe45fc13f83bf304b56654e05a94e2
train,4k,8033,d1bf066c92a67ba0db398eefba298cba1d312e49e9e4d3d5e1fe20d8ab362ad2
train,4k,183671,ce4281a3cc76febf744f04fb8911c5e6b1e6066af8c2f0f0312ca1c9cea8bfb4
train,4k,171794,93bd85124a518ed0305c93fee248730cd8862d2d90782be79d043e8be482ed2e
train,4k,113769,d916632ece271a8ff6fe901bf9876741ef6d1f71c2db07dd6a40f08287cfc702
train,4k,118195,81c5b60f70383cea5f28d04c6f9363ba99e204b2cea781a5a40a22d8a8a9673d
train,4k,131721,6466acf0093cf7b24b4c56b93ec3fdd96a38f19a68c48fb72b16ba06be2f8b10
train,4k,22471,44569d7b89484c54248d23a4b83b255406fb67e5542033c19c9eec9a3b4edd4c
train,4k,61873,4249160388b19996579cabb493dbc818d1f19b7ac5db8e0797b466102adf54db
train,4k,131789,c4619f42f20a14dd04b34abf2106abd06f12cb2b26f0f74ea0a2ac099c143407
train,4k,172002,0b33a264eda8bb117e8d1af96769ba7ed4f79417d0cc5bc22b4552a6e0046992
train,4k,60453,ef2e8ea28efc3e067e2436a924a1aefdfffdf89ca06f2f81f87c35e0eec8f3a2
train,4k,173671,f860e946506636b4b9bc47bf132373a95e990878f16dbf3796650fe14173d364
train,4k,138475,16c3ca4e5015ccc4ecdc181fa34a8cc01100083993b8492150f50b74f1dcc21a
train,4k,4899,ce9f33644b94b5003b235061030705285061b68870d0d52ad843568d7c7de9f2
train,4k,62408,ef94617bb90feaac24e73e4e9dd990f300b4195d46b419bef736e6925f6db972
train,4k,165484,a780815d38555303637b0a4f22578820710a5c5870d31718ba3ef0db6e233897
train,4k,186266,bda2f59238bb5f97b66fb4e348346f7b9b53f5f394880c63c16c2b9c01f7ae7e
train,4k,147175,9874f58e49305770365e445112160a4fdc26b796899ca9841d69aba7e4f59140
train,4k,168658,5cfaab06722ce761a0b29b62c6fd63d1dd9126ad6ee28bbecddb6d5d285d6655
train,4k,176291,866fc1c7e2669e3400f3fc3a59fc10e87033b1d106d28eb93687833af66aa163
train,4k,94520,1f98e82306feb6419083610367ea9bd14a5b347939494b2acc8a517feffa3cc6
train,4k,88331,57f65ab7f8405d11d4eb308ed274eb667f049368915d1e12942226a8c4d95131
train,4k,80190,9f54a26af68897e1e90d1cd6f9d11956433a45e470f65cb17a5ecd5728007be2
train,4k,31288,170bfb576f0876f471ea5493d364f7595c700d15bc73b4ef309efc26214b88df
train,4k,141446,fb920c8a6351feb3d72b88d095df23e2d14761129bd340d2f46c69dc0fa2d3f7
train,4k,181434,38af9c04ea77bccc69b184db60f37d676aff16bdfae04bedf55bff81a542b19f
train,4k,65141,53d351289e88085c7daa34dfc8c76ecf738abd150ba78d23e5b2ae755e77f258
train,4k,62908,b04a8fbd62d82cae5e4b269f873e918e3c29bc09fdfbdbd14ad7a40559d09566
train,4k,148359,bea6dec7e0f6f6d4bdc4947b59e95bf28850394c2f3993dba6e9b28ad417df3f
train,4k,156421,f4e1751a5c9d340b3bb7cbb8d26a27502ba79f86ec77cd4ebedc24e2e6fd5074
train,4k,53253,fac04ab92dd7125c76bf530e91437eed4557fa7dae9ea2edac07de3ccff4f4e2
train,4k,47470,8be9f57d7fe38bf7c5e156312daad99fd661b3da71a1341bccb4dae2bf69dc0d
train,4k,17335,219af3caf850885e236209b1bcaa04f2b03e2afa98b69cd4e6b9cfadf775824c
train,4k,96294,3765617c03b24d5969df5a12188c308818f7008b99f347aaed25703a907b5f64
train,4k,47269,5a785a98d8a8213a92284d2bc67ac0e039c68b1f331466c06b7567d9dc4627b9
train,4k,86295,66d49f3f13746a27efc4fbf39e90ff3fb59be61db87dc0ae30359e2289e72bdb
train,4k,102454,08ca20274cd1178d3d327d865f8f05e612997b40a4a3873bf9bd393818b48514
train,4k,89147,c6e86d34ab856c59ff81ac8bfe5faad096919b46a1759215b4ad4789e02c7268
train,4k,41923,ebaba9fdf966f8d859a2b9ee9006a7a81feea6f677e29ffe2a3aa64a29bf6561
train,4k,100463,6f839ca2302a8aa1fe686061a036bf9a2fd33d29521ece46a7364fbbcb0a1167
train,4k,93587,c97c8f47fa27c3642ae5f80e43ce4e150b9178146e255a58679b000a3baf158f
train,4k,17734,d11cb5945e3d5598caef50fbeb1a0442b711cacb8a863d8f57a10742d4421a3d
train,4k,11844,b475e8dd0b94193bc97b2b7ddcc0c51b9157c9eab07c26a9b5667589dfc8f0ba
train,4k,140603,49cc1da711a032c69b5d1f98fbe5c4002659634794c2d4410ab92b74938e9380
train,4k,155319,df11201878204229e3399a9d93ba9e6d4425243ef3c8ee861e99a7a6e602dcf2
train,4k,95172,eb73c5d54b191b2579bd0019435069fe719007ca1745e93b51ebf3e79d025ccf
train,4k,128040,c8f051e8b5ce2f7c2acb8b781fd6b0b785752701e8caeae4c53e4823eca06a7f
train,4k,118559,2d473d4d3c3cf16fe009198c539383ad6750811832fab31ba8fbe42374ca693b
train,4k,105589,0016dbf395d9e72f902e08ac11b1635c8a2707345215bb8abbb033157b1a16f7
train,4k,8604,b5b59e5e52da4b94f85dffa4b4006064f66410b6c74a96987174c3f888ab70fc
train,4k,61203,484ab401caca11c3ba54d2a223f726f3c76cd537c229ca252095fb7d173e382b
train,4k,19937,b9000dd2a973eda29825fbccfdd250600226f8fa38be5cf252aaf545d5f74321
train,4k,92921,da752393e84ea12c9e7c612fff93b368a1b3345e11734834dc7d8e025c5af85e
train,4k,182404,1f0aea64ac5965e285924c4823a16564d16f102ef3a47f90a9271d80b0c886ff
train,4k,41773,9d1b43b9391bbe75619163e190b9488bcd2328832c3dd80583ae9c5a4039eea9
train,4k,127738,78ef2efa79385abbb20b08caa0ec010aa4ae63da488c435f06c5419e6f91d0bb
train,4k,39850,3ccc1a6d3af93253f55bd26965b8ab554fde258319e3d342373129da8dbd4f20
train,4k,834,2992e191bc63dccb3eed69f54fb253d665ef87d15ea6dfb499810abcf338612d
train,4k,138814,7cab8a744350d9731c17fd363633b1a21bb0c8d1877654ad425c1e85b7b10d71
train,4k,38138,a53f2b2d010bede7baf17b124dc90efc975a2d1f9476612d6609522f6a24c7e6
train,4k,95613,241d2c97934d1f47b8b86ecac379466fc655d34f00c37b0c898e0ca2b009e356
train,4k,156538,690ab772c872a62faf2a37f34b3afc9a4d80ef52267391b1098621dc18d5b60b
train,4k,188244,6c25fc97839cd2cdf43ac3ef1fbe6d79024c52de53ba41aa2e651b26a363835b
train,4k,10605,09e23ee179a2d19d212da306d21451d710c0500e7de8b712a0bec09a689f6484
train,4k,169979,27633402d95a7f1b3fe1ffdba3e46cf4f37d7c48a8825b28d1c556f15f29c6f0
train,4k,50201,f61819f086cd8f4c814b2ca0ee92cd95386d9901c0e2483cdebc5acc0a987f2e
train,4k,161544,de0d6e5d0c00b6e52e9f3d8db01c39c1ca0c8b9a8f63d954dc45dad9b120a406
train,4k,31076,70752133fd44693a60a10d83997cd5c61cf1537f9e59e7d4f552b8b04a31faaa
train,4k,91294,013f7b7e3d324a35add9b850a7c27d090b34e389d5904b42aec3e657cc407c68
train,8k,10266,62b09d0fa3dcbc80a440db6a2f72585fd2c718829e9497c920eed663d55b0337
train,8k,134084,3da00ea027aa628a615b7804a89dcb4008c1a04a7e099a247adeca8c8e642154
train,4k,95706,69da7a1c351fb7d225ffee508d2956fc9a383e73cc55e6b74996b34078de6e16
train,4k,60706,2c4ca37082306a4195bbaeaa39f0e900f84e941aeafaf8fc5db88c509a86d49b
train,4k,92628,c8c5a64b9e23d1d76242153baba7e5971a84e69976bc7bf5b677bd1159b5fbda
train,4k,68758,adabd8f2263230cda11a8b744941d34e03ee9320c556be0fc6be5eb657cea979
train,4k,92332,bc9f167604ae6711cbafa9846b7a8313333241f790beaed45e11268a104e05e3
train,4k,91261,0bb4bb6923abdc614df9010ccb72b8e60b8241ec71d45fdd13ec9e0000b48db9
train,8k,27251,b18e303222bcd7825809567ede3599a49579bb70b1af28c76be280a72e4cfc4d
train,8k,123134,17db46d16d1dd035b664ef96f0114e62ec888956c9f6eab1d31729da10c3f143
train,8k,15954,82c842ef377beeace64bf8d094837b5cb63d377859f8b9a64cdc85336920b45e
train,8k,42374,57ded4eb20f54f3e5622e43b81ba48be95b2b5d4dc82ee8bc89effe2a107c018
train,4k,150310,f463be903ecbd461c4186a71e2f00356c7fba86eec1b745fc919f6b705e65df4
train,4k,9976,e42b6ac93965a0dcdf4bb37d52e80467e28813885340b5fa54dcde115f90ef5d
train,4k,71496,2208235006ca3c33c0055bfc5cd7da5a9d591f3afcd3c0491d5a7a254478b051
train,4k,54570,31162778543d7ae6eb06653c892888aea1dc94f4056993e7b1d05db0e8978195
train,8k,20943,1848bd439f50abf4887d55b15c6837bf5f1477104bcdfd11a8c596d9d83cdf55
train,4k,45357,7e8a83fa19232053bee62b27b347b97b681d1bffd1b1c9c0440dafe5fe93741d
train,8k,86734,05ebdb6f621e7e4c40bb005944299381f35985d44a564000cadf8fc7beec1a05
train,8k,100921,7007b152870ada980dd82fab91516cc01364aa48cc5224fb9c93376b203fcc55
train,8k,159884,819b14cf1731e17779dbea34914d63b46196cdcdcf9eba7f99c3b82fc73a2810
train,8k,30696,42c01eff36b7820f9449225404a7f038e87f3f4881727812072de2f98dd4196b
train,4k,80748,f78d16fc298db428df26b6f399186911f9d83ccc5b3256344961584df6fb4fa4
train,4k,86195,2a3dcd4a260cbdc4bcdd15d8f4ac1b3eec6fef8e5ad5c31ef02db4eb7611b0ae
train,8k,165754,e73cd7677d828b4bc807bd6cbaee3a2d836a87cc2be4e4dde98605e65c1d5101
train,8k,28382,a166f37f83952acb59b05a1535b42ebf4d31afef3021ce5bba2b0ab84fabfd02
train,8k,34337,4df5ef96fc5fe378fe0b0ea04d423f79d0cd84409d5906baea38b194f5267ec6
train,4k,116467,1cee1671d21fb8ac776d9218e7a0d8eb4d6f74757da2fe7ca85b809727360392
train,4k,75145,dd55bc48dd77e3fe09ef9c6f86807089253a2af100636360a1c1b41df550b022
train,4k,66789,ca73d5bfc1ff31a1a38962a533b387644f5549096464552d91fb3625e148deb3
train,8k,161205,7fc77cc04cf9b1e01044e5ebbaa65abdb2ea1741ad4243b88f6bb23b88088f28
train,8k,158043,5aa414ad832f3d149b22debf319ca04ec560c10639caf07219dffb85f557a7d3
train,8k,134832,4fbbd5609569ffc0962bc657ac6de4cf62825abee47cf6a238a15f597a9236e6
train,8k,168442,39c861e25f37835436682eebcce76847731a3ae6360b4e47cee301d671c1cc26
train,4k,16604,5f328863d74634f3ff70dcf10c6d464dca353657ad93395c8883e29d6f716840
train,4k,184758,a107233125881ee62519aa7c0560eb8218ee162bbc17a576903c7f8095f43bef
train,4k,131624,ec2c5e83307a019ca0df3fddda6150e6bdda33fda0bee3fd973c0e4d1a326879
train,8k,124322,b307fba6b46e679a090ec0d42f3ac27a7f5ee4be95cf52ba6cf1cbe6811cd715
train,8k,9814,b2829c922cdbab3d2c0babd742631ce14184b65db81e2f625f92d9b2b1380ef5
train,4k,75548,9d48c20d902156ee9c54a83e11ee93097af3c2756f1c1d16e6804541ce8ac084
train,4k,181701,e13c2f514d516a09d0ed3bddc16afec58e7eb5f772fb8d6daa919d607e0f5a8b
train,4k,180808,a91d61249e2b44158b6710f3cc7a01254595ea3a38f489207f2a129a144a3f1f
train,4k,87704,2c21a2685ddeb304bb39e852f44b856b04a4bdb5d674e8ca1cdae921287c445e
train,4k,95699,0949bad1e980e2c2bb18f26852bd72a887a2403098dad3744d4b049fbb1cb488
train,8k,69757,95efe9c77e4a50dc9204cd44e065bc982d4829f776631a3612f95282957ae954
train,4k,145569,a90333bdbbfdcb75705a619b669d6fd981779524b4de4c8573684acce4c99cb9
train,4k,68275,824b2afc2c15dfe46d78a9a6262a75fed69ff27b7507002cabc2ccdbdc24ac75
train,4k,32270,f78879cb478e45f47a8836497c177168eebe589f4815177d7e33422e46533fb1
train,4k,109788,0ba315b151593059114223021c9a4336fb09c094aa6d92a690a64832d07c808a
train,4k,124967,f77501aa2116097aab2b3aa98c4585595c3e0a70b02a53b30f4e1247b25c070b
train,8k,135693,ec3f13be0a1f7671213e77c4cc2e523db85e1a381bc7ce6afec299c03f9bdf14
train,4k,130518,92994f5b79f4fea8296fcb4b510b9b0c53d6af18fdc07e174bd56eb3c6da68ce
train,8k,63424,500858b86bd678c1e51e1dcbca7f42e54719652f8eb7d42a196070fc0d6d5a5f
train,4k,156095,b81e1d387caa00e1547ec711675048f2a226db9208fb886f3b51e0b04b086ae6
train,4k,83203,b6639cca358bbd0d6da16a6aa175051ab8b46ad4f2a75e44a473044ae947a35b
train,8k,162090,85552369a774aa4ccbaa9e15b2ce4744db90d00a9b326258fdd42192316f12b2
train,4k,80037,461f995316fd5c934b70ac85323010a6316b34e564702a98859ddee9dda93eb9
train,4k,93712,35fa7d984818866070447a91715070e9941795021746247c1da65352bfe5d4f2
train,8k,17593,762122a9effad3b47ea99f132365ea82981b6ce24dbea1924524d3ec65c7eb99
train,4k,136699,77113ac42eb0f8ce31edda191be15a8df7e4136a966463778d5bb26e3e58436c
train,4k,46073,2ca81fe632b13e9bd1f71c125e584daeab1c06847d0e9300ec7de311f272d556
train,4k,39943,b393665365fa98a42b16c00c40c2820818329212b769cec5c097a31748f5763c
train,4k,103149,d659cb4ad139731bd5d6d80753323c58877fc0f5f0a560f23573513884a3966c
train,4k,186764,de980b3a4cea0dcb36673c1480fae77af745acf4ca0e35a2c453d3ddf7cde790
train,4k,181160,0280bccda723d43319907306b282229eb28180ffafc0b63de3834759b5d82798
train,8k,174836,06e09c4b2307852dcc70d541c36c1de162628f6fd7e478cf0a6bff4e13b7765f
train,8k,124794,c15674e4eda9b7bfc705109168e2c3ecd82f0f46c59f95b51cc2bc960a0ebf90
train,4k,149125,16627c1d4a747fad7b7ba63a7863404a61bf5f5040b18c5b7a9035395c72b15c
train,4k,26204,6f9f83ebc9db818e667daa23cd57b4a8b5243dfc144961fb951bf3b5a9294109
train,4k,17894,1f95a162d3431ecb3005ad83eee6897be543370ba70b9fa4b7662466f62a27c8
train,8k,34566,547f1c87968abdc7c6b7c7b0dc27a526f4254c595ae9dd762ed78897daf15a16
train,8k,130745,a05903c20990ce2dc4985f5bf3ee09783387a6c7d2c9a4851543e551f3cf5609
train,8k,60810,daf6765df69ff573924ab4d8246eeae93c1a0d6a2166e5d4f7a1634207d50fb0
train,4k,68559,54d22eb6f14db242d96152990b93a6b83948d9693564fbe2b908a557d60ab3eb
train,8k,23576,eb8b74410d778e38ad19335d599dd8951941282bebc007f413bb37b519885f4c
train,4k,71710,7029a09e8b56b7b9243b66fae6704cdef1315fae1b3be371cbe38d5dc4d372c6
train,8k,91546,5780c5c0e8a53093264faabf649b0b326fa9c2e4c12655d210ce0c00189bc0f0
train,8k,38158,8652944dfec21a688ee5f15fca66f3ef17ce922b3ddee1c47ef8d20c3661e840
train,4k,93354,3cfba6318629080a076a1a73ba94a99c9cb4bd4ec2fe530a8b3811930d8843f7
train,4k,72443,8f47604b2bf2881687ac379639166dcf224e7b116f12e8b15bf9bbedb8a2674d
train,8k,171248,3028dd5acaa1a7e4c98e63f67993042fe1b8f76c0fe7ec88bd29a352a2dfdae0
train,4k,181741,484e07d0a9d0d2617e1bd416639f90ac6db1612c5a12e860e2d2a8702faf19fd
train,8k,155535,0853439dca624f2895b3527358a12188d2cd45822173115e702023b03c490204
train,4k,190447,ed278bd03805aa0e90552e132215ee8f75fd1ceb651ddf2821e1d060a01ae477
train,4k,33728,20a6e2b5622594ef390fa58cbf38045fe6842ccc792826d1c221214d5c6dc14b
train,8k,58668,c3f20931b964532a08475905fd5d1199983cfea6d75d5fd57421637eb2a07545
train,4k,135071,b1b14201904e791a3b667791db18d9688c50f7829f9ca3b3ca996a2ee797a0d6
train,8k,32565,aff1a9197f0ca848f1a33fc752e8a6a998f86aabdafec6784975f17374185199
train,4k,9870,ddc5e89f9897ba2ea2cacd3ddd6fb7cce64d989827792c3b3767a3a0adc7caeb
train,4k,131987,4ad8998c833004558acd3fe56742f168874bb338dd4897d67bed6b7e51b4f02a
train,8k,110816,c60d3a04f3e60692b875abc4465bb158f7b153a08ba3df97efea5527c93eaae2
train,8k,150170,847aa8bee70415d063cf8ee520790df2df770036d0a16bdba20b6a7902f3a1c5
train,8k,29878,aaf1bd8ba24009bb90d986a426c726cbc1c580d83f5656bc36d1fa72f78dcd79
train,4k,96817,1bb965fdce1cc6ed7bcf5d2dc2e5d55afbb600c565585485ba25ff0439e415f3
train,4k,188891,44363ac329c19c088992746f2e0cf0a4bd4a8b117738dadffaa397a01a10a7cf
train,4k,26452,21205ee2175fe17d24198dd8ca2fb95bc17b070b887ea1757ebb5311956be9c7
train,4k,168131,5c4dc8e8b5b10896d8a5d9df8b752dd2c035a98c9dd8e5f13ac75327941fc15e
train,8k,57810,3cdf01120e6d71b67a4776c44deff8084838243b447fbf55a1127e021aff29a1
train,4k,184887,959bf96bfc383a41f12ebd1cfb64a68cfc378d3680246f982227e123f1d6fd4a
train,8k,162127,3b4028dae06ea53f8f751ff58ffbd755f58a65b857d3457f9b46fcbd7b2757f5
train,4k,103500,2c072a0df7c56dea0f9a9e4743ee7899b9c09d3eda19765a3b23996ebcd77b68
train,8k,75285,09071834d526d9ca4941612049aef0e3ab1463f57d6ed7c25608f2b08a82e7a7
train,4k,80804,87aca4bf27715530814f97c20fa854a168f9de712765d34038a1a776f9b73365
train,8k,17621,a11d8e2ccea7a53491b124367334719c8ba88b5f9cac2f6741a323c34bf4822f
train,4k,5937,369f0351ab8b72c841a91be4a83096503a111ef3d60f578a5b990bcaa73ddfbd
train,4k,108246,74353e5add2aa8cd44a19eafd26dcc6881875b2beb674290bcfd3e3049e8bcc7
train,8k,172250,4d6e887efb45bc2684a6625ebbd40c7b5cbde2aab59bb59169989d3f21a84b43
train,8k,32666,27139631707c93ebab584d2c513c3d77704dd0fae5dad8e59082266c3ee4f513
train,4k,70318,c3315567fb8279a58ee5b5dc214dcc1ebfba953e53022680603253ca2134e978
train,4k,162300,b33f969fbea5134393d15aab99c3b51ab4f2bdbcf4e798651794ca02b459b086
train,4k,37180,e5f4b6f4359215b25a800d65b208eeacacea90af689f67181ea265831f778c7a
train,8k,4371,09f6d0f1a96497de4f54fb06e8d6b6a11f8b7ebd39e6791d5fbd67891cafb04b
train,8k,39894,1d0e13074c357c39fa1542ee68632ab8ed5edf54907a274a5c7a165e1c358447
train,4k,67117,82ee169955c41f1e061c75becc2b8645aef5d61b1d11f823343a83a603d3f622
train,8k,73072,2ff15ef6c2f9cd96b7a8aba60a6e1a3e7ebce21419e3623f3e5596262150088e
train,4k,61661,f6f9e99adda5fefc5fb735149e68e72faa398e8dafd71b7bc549c20b882a0d83
train,4k,163681,4439c306f76097d68166e7ba48e6f21f6612f1806d1edc45d711632548df6836
train,8k,26897,80b825861c4193c73a8d5a4cd4af3efd1bc329d0d44e475266892afdc90ba8b5
train,4k,69709,1ecd1187cc67aa65c9f41ec5afa4c0b7a5396eb80cbf6680648179889a9269a7
train,8k,25552,dba7cf07f6b94043676bc63a739730ef9720b5f59a1800620d217e032480afa5
train,8k,174148,cfe6182756bf7f6b3b358dbb25b4a1245d92e461df558041735fb5e938832f31
train,8k,62486,4a02a64bcfe660f7b7b379d1693c47bff43c750858baa601ccbe77d51426c038
train,8k,125368,fffb8c5b73b9706b64d8cbb4ba3d7d55d39c906fb6b75d1e48f3fc424675a981
train,4k,47693,d574fe32e9a82b4a6c2679e7eb09fa07dffa6e142ba2170278ec07508d4e5f3a
train,4k,160643,ad118b451087a3b15cd50e04bdfa3a203fce90dc448920df079f2107df9a1ea4
train,4k,82985,272ab5de552d2aa3a8b73dbb9e676f91bd5a7d86c8fd53435eb89e88e577c464
train,4k,12665,0b7fa1a6f2fa0931519a360a699af7481ccff9942734ba0df14ae335c7082c91
train,8k,173050,e08dbb844ebe118bcc5f1a1bb842a48c04934b3b1e8bb93be44276e285500dc4
train,8k,88420,1c418b63877650dddf98955610da8c2f155eabf5d2d5f8b06c296485a6e0ae89
train,4k,104882,11144d23abb9b4617517add86fd7c899f9564601a678aaf0e8a36051271eec5c
train,4k,184697,ee613e7326765c5e12863c436c8fe0768899f203f525554790f2b308cab85b4f
train,4k,133251,7fd1711ebc310a0ac474dca210d197de7343a9aa8ba2c014b60656059b77a02e
train,8k,50558,c28e5abdc47bc047e82177b61c921ba096828bec6b15124934434930711276de
train,4k,55449,8740f7acadca479e8043ec661638b2eb938b5ef388ddd034301dda3de1bafe55
train,4k,44315,2914f8bd3027839ba3ed5324a30362734b7e955113b94f9728d3d0eda5857062
train,8k,96913,9db406089d6d590e5a5ac21920c2b306dd6216949d4e41ef5e157d95ff2b1222
train,8k,89232,a28a6bda518017eb99ba12a5d17d5e28ce30bb3e8fb7b68c5b27458f1c5e5e91
train,4k,91342,4779c74651eeb523ee8d705c1cbe8f4f258b03758e1cb6c349b159b1d1c3f9db
train,8k,34944,0de85aff7fdb50ed39012654cb38ece7affcac40ffed8834c21520664823e2b2
train,8k,34267,01913d13ff2f5afc5bb2cda0bd6a63a60eede34179e598177152e9e634734457
train,4k,56246,842728199cddb99de93d3ccab36534c6a7efc93a6276b2730df93c5e02e603c8
train,4k,77108,1efe8b67c5f7a57f1979f617929948e8cc57638b4fdfd0042670a5030d8e28fe
train,8k,161905,0cf5e5ea6cb622f466f630e95d08f162172a26c222939b89fdd02e1cf0ba6294
train,8k,38149,203eb345b8ecb53b1c8989beee9ce295639e3b5fe2651a92b7af071bb74bf8d6
train,4k,121171,5d607addf121a03ddd5d6859e0cac1c6700c7842254cbd522c871f67564e6818
train,8k,105061,fa66b5801b5b1fdafb962d6f69dd9ff35aa2a63b9eec878a67e609ebe3d296ff
train,8k,144199,1e2dad6a5284d475053e6d01a42553b81f0e723360cb70ba46b25957eeab21bf
train,8k,44003,0faa511100d310fb39a0cc8f6ef9e1f56af896f586652d93020ec2239581902a
train,4k,183687,34a97384a3753daeed247ed70deafc51c6f9f768e5c5cc8b8859407bab5fca12
train,8k,111655,f7ca24487ba95bd4675b75e7a2a71228a98caeafae7e9b8d72172ad0706c1e07
train,4k,189309,2be5f3c6488967238a53f17aae33778b643d82fa8332bf88cbbda370d03ab056
train,4k,173170,05f673757844513605c39701970ceb2df5f99d5983ca23de68c4e3411639abd3
train,4k,54699,1ed0231620381758b6e5b897c0b1bc086b7f132eac03c54119908dc31a591f92
train,8k,133944,d662dd9226cb6247149ae7a7dc966e8614f9dc79413ac2849222090c6883389f
train,8k,75300,217c4ad5fbb51b6184e10a7e46173da2b3b2f322ee656b540c5cc3f579862b9d
train,4k,87335,d3a699f9ae81f02afeb9f39fda9fc1ac9d19927fb711b9f6781e80f705729ba4
train,4k,79039,f37acdc1b2043e6141e96a0fd331a6c53abdea7cb0b30d8328da4e701b88243c
train,4k,8611,b062e20fad672134b77d658bef458074eceb788c2205fc3752a6026ce5771648
train,8k,161244,b55079ae6d44948b12b7c272bef560b8f082eb4d0d62d251d28845157b08b632
train,4k,128403,cea48626bbd933aaa0b14a184b1f882d044d1f876ad7a0ad8bd124878c60cc51
train,8k,109713,ff3afffbfe4a34a1391381fbbcca80ba96d8202839c7330d474be7a8c78fa634
train,8k,154983,01cdc4904e685e9fc2d59d01bb57ee684ac105ffaa28fd9923aba2204555452b
train,8k,59036,1d81132dc85468bdd0b6e6f0ec4483d64bfa608ea31f5a5f9be8bf021b377fc6
train,4k,25009,fd4c3756b6ae51791fbb2c7623a983af57b4899d2c4e0dac9a11627f6a6b8c06
train,8k,164695,5f047da9118a6031064712e1087e24ad609e4f7459dd74d32c26045cef6fdf8c
train,4k,152524,936ab057beec22319cf40aae4b38948cbd3e6b98c84a634cff07a62169b03626
train,4k,138826,6ec452cb4eaf9ba831bed8e3f5535ad6a724cd1efb5532ff5b98122b3aee6358
train,4k,153842,db1e234b88724e678ea32092dd2566adc29eef21e8e25465eb97934e6e4c4bff
train,8k,170359,2372b43e624ed74e4d3b523653b8236bb719c5e9bc0df4203227a11e057f633a
train,4k,122719,565ef4b71fe89ea69bd9df9d307c31ffdf1748e89bacdbd7762222b3a941e625
train,8k,47996,9767bc6f03145d3b4b561179d1e66dbbf2eb5c7c1dcce2a837409253e980aa4d
train,8k,176210,42d107ab4000b2fe016a389bace27e83bf00e55b78d325e39bb4581d09194f1c
train,4k,5380,bf54efadb8514e33d7a8f579ec1082daf69eb7fe573334ff27adf59aa51cb77b
train,8k,58500,a08622946d4fec6929155a41c0abd2037ba9c242de694c6edebc6efff31e69eb
train,4k,158165,9967ffcd1d6ce87d35155cd319659cb709ab5fba5d9efff17506f214365e00a2
train,8k,39012,7362f247dd37681e263193a78716de4943ab87dfcbdfe672e844c91ae0766928
train,4k,20131,a0a1707d1fe92c18d97732a70829b3e5de316c2d088eb8d05bb4d369f38d00a6
train,4k,137347,7d9b86deaa801fe17dfdb35e4d49875c60150a1e733265dfc1133389b0d60100
train,4k,1297,57e9cbf9043e0429486937bc6952d1aa02e75899e66060fd74218c1cc115a77b
train,4k,61291,d3708a2ff3108be7e017e5bf1eb38c4a2327a1a1ab980709798c96414b3f1329
train,4k,4932,6b96b1c01e0cfc1c84f4e01bd14fc7d0fcfd4af4dce13700fb01bf90c0daa737
train,4k,9475,3d2299f423db847f1e91cf542785426d62273b1a7e7f307c890f770a316c4a13
train,8k,175234,25e595dc4421ede478b68bf42aa84e6f8fa56d104980943206f4d2bf2726ce5f
train,4k,77311,68932e24416344a1cd8fc05c2dd69d67d47014f427eb08551755173cdd07529e
train,4k,182063,7909c245685a931e9608cb94cb0706b3bfdd97e4f5d363096d8bf741def5a3fe
train,8k,64480,cb660d3b8d8b82740f72dcbca3a6dbb2fa376cf8950b4e22a4c9b81b69a2c0fc
train,4k,154220,ebaf5d373e0af5be5d0efca840cd4a30f58c9ee7195caa365f98357031c442b3
train,8k,4871,1fe257ba7f3f7b291429a711b0dc3342f075e084b0a7700350bfb41a60fec56f
train,4k,151777,a8b7be1899e6e712809d8d9fcf08eaf6c0480c0173daf52053dcf5b77e1e832d
train,8k,97494,db9e74db9d37bef909d83757c8a25418d8475dc074e6d4cdfba1efdbbccbf4bd
train,8k,6389,550044323d24a02a275d0177b56c515751bdd04241ef614db7ee519b56779fa5
train,4k,165165,dc07890b3fcb69c6c2b00959f58868c380a83b4c0e48171be87dc1017589afc8
train,8k,124866,466a7fb53604bacdaf0c7586b9beccc30b37092cb3239628589c2d415aad869f
train,4k,137452,033d0984d43b6442d7683d6f5d36211b43fb5e2c310625a098512d3cd0158e45
train,4k,130873,cb6a690dd6b159f86b8c66c7ce0ade61867ab303dbbb38dc0c08386063a1e067
train,4k,100952,98e5086f9fe8947eb2558fc898551ee878cbc72c63d44eee437fb4807a300784
train,8k,99370,e4b3e1f8fbf8da5e64063ac590f4f6ffd12a6127d8e192514e7efdb696eaeedf
train,4k,137429,e1349efe54e935f379bd15007a0cfe0f1418710e411b166b2a6f0a58a0fabbd3
train,4k,95931,cb095ca749fa2f8e3feea5e6487fe5550167ecc1e45e438763cf4a6854a0836d
train,8k,37418,4febfc0915f04cc2da58a4a0904d5001f8b89fc135c6bddb38bb6e453b4a7bbb
train,8k,131645,cf8ac55e83676cdc8c7075372cd84f023c66488ecc784136e236c9de7948d44d
train,4k,165793,56d45fe35d33a162470cabf7288d1d0f4c562cc323b1013fca63d26365aaa688
train,8k,76971,c9f15b6dd8966d1ac31fd8e48b1fcb8978680c4b3fa93f3cc8f336d967571db6
train,8k,26510,891682c451c72d166668e4d25291b68e1403c92358002225d3200f0f6faf0a78
train,4k,71490,dbcfbe0e38c1226fed6161f3e1eada4758dc95d279dc71cb93c5f0eea59fb9ea
train,4k,61639,42295acd00dafaa0d5c4c9a367a05d66bad1db990056476106ad7dfabdea0f82
train,8k,27883,701622fb04fb544e17279639e199e7918674f30ef1793f61da1a9e820527d00f
train,4k,102998,8b389aa3ea9d529b5b3aacc5f818076d1c361dc9ed56b1be2b884a8e1e4c0c43
train,8k,108150,531e5921a831b6a35572b0d15617a2f5792bb7c825db1c40949df9bbef404c1f
train,8k,68507,ae441d6c527984fa6fec0d5654865710977039cde7187bcaa7b5fa5f06087b2f
train,8k,156188,ff1d51106108e84b84ab54527d6688553b828780e24f2e59542cd9d00cbe8f7f
train,8k,64184,acb4b562da1e99e27ed2c88a8d0e8b5b5aef79ca39da8e0cbc7fcdffe082c7ba
train,4k,65329,3b15627d86f501d3bef87a47bab7cdbdacdeb8d46b1ea65c56be0766be85c68b
train,4k,186987,51322a9381cb723a50e9b1de567bad891c39e07f1b75fb4768dd314048493fdf
train,4k,137363,412999bc0c7e4b5a65639e8439b6b0ec636d2e7e7a90ebccc6839c751135eeff
train,4k,183454,b1e711ad41745e9da66e8a5d1e5faa06f2331137d32077c6212a99c5d35c0e4d
train,8k,125787,5e65b94a6da0ea1f2d1ffd24df3701754133764ce51d07753c20c55b2191a835
train,8k,42203,bfc73f5cb48f88bb545d9a286ac2252a771b0522385e941f58d192e69065168a
train,8k,2944,a0150cc3f86fa4623eaee4828f270e6ec764951329c533a48ffebcaefcbe37dd
train,8k,9133,d0f8949bd8bffc02e2182ce475fb797c5a75e19829d1b49bf652eb884988d3f2
train,4k,15329,205c3858b82e531ad76716b2b1367c6c42aff070754faaf8e8b19b264b3bc589
train,4k,70436,2d8e464395b2ee3768d1a72295e47960332f05be60cec7b2c8ea2f57eecd909b
train,4k,140689,df6fff38f6c559a2816b10eb72f009c1adc5a18ed9e9e7008ac4b01786e86432
train,4k,79458,87b89413a0a42d4c52eb8e36d0b4b181b9e48a5b20e01adfe9f6ab86fb6859c1
train,4k,185580,dfb0a71078e4ca4987965676e8b5c96199cf35066855ed8cb79762758c68fc0b
train,4k,11496,9a261dda31bb52952a740fe49bda0f3918d0d96d67e452098c1fa6f9a13c9cc6
train,4k,176464,7af8178d89fecafe076f9a15d3028b50a676d4add2a0efd538c7ec16d2453f83
train,8k,153784,71d9948eb76ae1b1998c291ee7995e96a701032a2e1b1835ab5959f4c2d8980f
train,8k,109983,c880a5e9ee37976db1ed97478867547ace7fdf902dfe2ca28c2410d66efe32b7
train,4k,149081,3f4a39961ca765f6304a7e005114f78f71b34ba7c4fbf10450cb1ae06fdcc177
train,8k,63152,f5cea24475d996cb4e64bb7b973e26198f5845885b4438405dc9385fe5b7aff9
train,4k,144962,50cf9e0252460cd70d76b5f418a861b87ded2f080f3d7ae113ce5f3d0fb6f259
train,8k,76843,bca38dcd841899ff9bf3fd463b6d00be7ee5e75ddaacf0ac8cfdd6b42bb13de0
train,4k,10019,6d0b17be043e2b8dd3a85bf37e1ed3cdcc3189d6361dd6f7ea9d19583079009f
train,8k,161807,7e58adf3f853c50e32eb4e7a917386e59612ec96b66184bb5aa1098208aa8746
train,4k,162674,f41f7967ab371b7bc7dab665b84120e91e316c43349986b0b81ffeaa57be382f
train,4k,96778,1958f2e81c33a4d3a508e90a74d9f9414aaba16f7ab5287493d1daf235982806
train,4k,54381,2f731ecf120c5b1cf63150176d8a6c60527d1d63e974351334888bed63936d7b
train,8k,33494,6c07af32f5b0b37b247b7d6416e1f7338262ece8dff71231095d27a8e582296b
train,4k,31729,89200ead9f7071644887dad2d12d9d22c06f0bec8d201a7d3ecd9291d05b1b6d
train,4k,34802,c0ef57118f4c635a37ca473e6750b0b7182e81c3aca809ea27e4e51547f6000b
train,4k,60907,1f657b5340fb154b2cf0281cb7ab1b7bcbbb46fb0d9ab1602abfdcd6e3d500a9
train,8k,132369,b49daab5691ecde9b1947779d2bfe7e14ba6ef09919ed6eaa1d24a69e7c58e50
train,4k,180359,4907022ef375c6baa9a6961bd5b22daa8adec7477d7fca7be824f50087636a1d
train,4k,165204,b558f6de6fa8d058b1ef207993230c172d9d0077587d15faee44841970ad53b3
train,4k,7577,e8f96a49b61ad9da44eba1d8085c026a5f1733daf14c9d4167446dbcd86a3e79
train,4k,182654,85136331f187080d5c291852dda3def0d5c42d77abe59e0a7c7d02ea428632e3
train,4k,72678,336c19840fe72079b96569fae4b61ade1ca8bd0d9ce7538f8892234f679a0e56
train,8k,77037,d4b8d2dd377f28a27aa0ebd2d081f015f41520872ffc896f4c1e31de189f8177
train,4k,183980,99411e47582e5e2aee6a42faf400ef6424af6934bbc86400010e837b14e6e951
train,8k,63828,ecf4d5f3d9ac8d84dc110c134af4dce64e922bb22510c983eb01c96ca9ad1362
train,4k,139115,4a798ea89594f3235f14f0d38894e4829741cc0664e89b464e8b1e0e6a4fca60
train,4k,76990,51ff2e4244b30e9203ad15d6a04c53f3c2131e0dc7c76a2ee9af742780f179c9
train,4k,89890,d9844e668c954626056c1af2b4474febc9d9b584dd7249f3d3d0326915c7a847
train,8k,95113,a801098ec16237773acf42b36d854463fe3e475fc202e6dc3375e8387824b1a8
train,4k,30384,9aa6ae1888c37b20f4c5109d8b0d032aa49e5e154a56c7ceae1078458a46a365
train,8k,154908,da3fd39f8051cd288b850679cb0db05e80b2bbc02cc03b87e2794ecdf32b7326
train,4k,178121,dedcddfba2bc1cde5c2018db92c82ba5d549df3b9777be3292dd4affe1ed4eef
train,4k,62301,42d0cebf045442a6b475d5bb561c4c7a58c721803849d6c9ee5979e4cd4a3c1b
train,4k,132836,5e6c4f9497c1983e9dbb5bd62cd6a9ff7cc774242ba11d6b6af7ec060699887d
train,4k,68527,1b1df72d4d312843bf4408a43c91e89c6658e9d97493094abc258d751cae75f6
train,4k,26371,24e53185869776f89f967cabf7b124e09887d26747cd32ba4f4590121859fd39
train,4k,54071,868eaecb83466ed9ac2d14979979efaa3d3a78c7c34f001c54a785698ba48f6f
train,4k,22966,78e92134b664f919a89b9302858fa0f86815e1b07eb8dc3c56fa61780904a010
train,8k,15495,9166e92827adfcad2880a53f7042103c0ed398c9728e99d0450fee91ae7b872a
train,4k,179359,21f8a87487801910d804aa94058bd0897f916eb4a389409f5843c1cd65a7f498
train,4k,13470,27d513830b8c5044661390e17ae1e9e5ae4b332e7c0f3fdae47ff9af5b619075
train,4k,134801,9963c982efaf4cfb8159efdab5933e66543399b04ce113a191c025695a0462b9
train,4k,149546,60837b929b69a8cb47bb4f8fa105bcf9137c892a863186b606af57d914b89141
train,8k,156765,1a94f87abb76ce1d10638acb261defecb77658eb0d583863d66a8fa7c02df7d0
train,8k,170368,9e5847a5a18ec30432427d7f19d7dd6947c9f616bd9c91683505985fa4be1de8
train,4k,42623,f3ed43092eabe72e2cea87e2eae647dad90ffc904c369653f1276248284a67c9
train,4k,120219,6811b92aaf633f0a42fec6a394fe680e71f607f8eaab7ab79b34e281fb1ca1cf
train,4k,178983,ffc62d0814520280ac06ba4dcd1fbbb26a2c1ae559ea6c0192b497c5d83be385
train,4k,88046,03999332557390a6738cee4892013d996d10fdb2884d3c47f6b3086de16a53b0
train,4k,41233,509b66ab7eaeda92e58d9ff2335b524936dc0d5982569f6f09e4e2bf3929a775
train,8k,100604,ee9d57534cebf1648c224929835470c27c135217c658c6f5110fd3254bb6262b
train,8k,144136,a988e863e5e48e5c8bded3d68feb3ffd201ddc4b0f9b19819ebd9d39caec1338
train,8k,27109,b7456a8a836f84f8d77639af9c92d4b6d484429af6ccea5e6a2b35725182715b
train,8k,108557,16b6c117132bf80103bc637de0e7ac1052a4f1c3c860ce5f2ed74fc21630c700
train,4k,71393,fb8d6e22f8baa11096757b58815e2b4e71abd17a70a2b851cb251cc905986d50
train,8k,39530,d55a6e021a3d7d33a77683fd7ec15c65cf553e3bb1b2b6e6d4d9c54adf8768fd
train,8k,58701,2fbdb87dbdbd77eb8c6847bc355f27ffc6d252b2f919182c6d76da9cb387ccb5
train,4k,18322,196e1329b69563fba7657aff38dc8ff10883b2c693b5363b373116851282ce0f
train,4k,50003,b095658297d96daa8a5117dc98d45919bfd56c14b6ea9ad6606e136e39024e70
train,4k,153230,718e4f638c9ce6720a4ba25c8272b7bd3e7c857ba21069555f83f73c520b3aba
train,8k,164957,1a065a31d333ad1081a0b79dacb1de8cc4591126d03e01ea434fad5e04941242
train,4k,158579,b45f714fe5d0a7b8b5bc36f7d81023439706b5032ba7b860ab74822a5a86b437
train,8k,2440,621d6cfda9cc3e45e2fee47f5b3c2a4470300ede309ead2034c6f8d92cfc1bcc
train,8k,164062,ce4daa0bedcbff631f3f0a8b2c9e11744000d15619fe03a2ff6268c34d1e78d2
train,8k,89286,17451d485e388cf4f664afcd7d04318082aa59f9a0549954891b21248fe62f43
train,4k,8248,05664873f050fd1e0fca5d862c872dff58d854770f51a9fb67b7be17d8e8c538
train,4k,133902,6385799279b73bd790bd85e70755c1dbfeb51b535ec41ef852dedec075eee1cb
train,8k,97286,1484161f1e95c840efcb50f8e316df193a52cdd513a37461b6cc543012e72220
train,4k,187563,2fe2d65fde3804a73428dc7c97b6c5e6b7906cb8ae8cff6e2bf9af8410c6ffda
train,4k,61899,4a8948c33b134697c9275ff8b0e2bd3c3a591e429450b0a739d3d4580e9e1ab5
train,8k,165876,9f67ab663860a57b74d2940b259bab1fb8243eb0ce999ddbcbe3e040a0aee8f4
train,8k,103602,bcceb3c128e07367f9640ee2820cb532b88e834d8bebfe0ff36bb2a4f9dd2e7c
train,8k,18526,4c12bc8a597c16edca1cb3b457932cb6805248612e6412c11e6dcaa7a4d26d4d
train,4k,72837,4835a57b46fe61f674c0ff929c543f7ec715ecea86fbbac439967c6d70298b0c
train,8k,158436,bad9c0ddde793759b33c3ad9f0599ff132f3b2ed76fb89fe597a2523abbcbe96
train,8k,81623,6182c10622974818326d4910057cfe4b8ea0eac94416fc3a685ddecb221b51b2
train,4k,152209,c76aeaf2f27d1415703f5e45b37e7e9233cfb85d82d5eb76daeb27bc97f1f1ae
train,4k,31455,0a311972a0e4e4d150a7459da902a3a9446ab2e66d0373a8355c694cf4161e16
train,4k,168687,2bbb77bec53abfdfdc11d4d4ebf79c9dced1672d82364855ed23ee7738781bb4
train,8k,127370,ef25562a6e19822f42d7e6b2e30f7856f908633095a699f9052f11c01bf061aa
train,8k,741,c7160a0367e5217ed1e0b6d058f453f095b3852055137a25faa9af50284c643b
train,4k,159271,8a1dae0bf054146fdfa31bd81a47f8782e4f9a4e3f9e36efb22fa12f66eb1287
train,8k,47909,d4edde11d25c4be7d56b6843fb8d662f2451b2fb60ef755320e34fee3365697e
train,4k,100070,a8be4556efb5e8a2f45bf090d5de970cbbcba9030781a95dd2487e2ecd970552
train,4k,31063,971e89cfb36da886a54d0007c6451ea1995c2ff74dfc82b26295b38c3ed267f6
train,4k,12231,a8e256786e8afbeea326600fe4744e61043f67cfa38563b038371c7ba04e1be1
train,4k,181979,24d57f7576aefd00b5b1ccc21911b19825c6777743866f07805d6d55ecfcf00d
train,8k,91436,c6e99c40706d57d6570dded019ecc80bb42b7700bb05c04d6e2db08a1a32d266
train,4k,109814,305b3e3e78a4e7e3b262a4a5cd08fb8b2ae65ba1c361ea13a5a5539fc975f62e
train,4k,175705,145ab580685fbde1a0e9180c3e7e20cc690cf536e298314ecd03725cc480d7ef
train,4k,163348,91118583ff63b059d0efa18558d8b20800a49704760b5a395dedea56dc10a424
train,8k,143964,5fce5e9928012363a4b375a4195e83c1d529cce2027a51ec5e09b48f47943ea9
train,8k,161220,8561e0af461407c89591ba67885c158eed1cedc473cb2a9400b46250d251dc9e
train,8k,41914,9ab627f93e3516a9fb1b45102043b35794483c9fd59e5ea5eacd3580cfe03c3b
train,4k,64843,f75545285b62f88c818aedb5c1bb854eaefc4d9795cfb0a5a4d85334558d7bd8
train,8k,87515,499af3ec45dc3cb13e07001cb6052d5e56d47778c32a5935fc178820ec2a85a3
train,4k,139535,6db166e1790cff87583067f096fd4a0a6d86b66ec558408250e1c8de48fb17f3
train,8k,112040,551f4cf4b0e672c17a28beebdfc5fcf6f1cb4240cc16d526234fc84acc27223e
train,4k,73557,c34b56b493778bbe83c711571fc7d588e05bdc1c7aa4753f898d57af54bdb96c
train,4k,77103,f58bc47af4823ba6dd7705cae41d5b2a692d2e9e72e2de03b36defa83b08a1b3
train,8k,5375,1ff72e774f03465d7b5008001b70340e37b40d79349958506e608b095df9695e
train,8k,131511,c3a91d5e6fd56e1fbce7b7648d6b49ffa74238d7e4e7bd3e848f9c80edec579d
train,4k,153772,aa3100a69c03fa4d0317947b2f6734d6a6b71a4ed7f96ca73a4451cf13873b7a
train,4k,188654,dfa25252b4f8b88d7e390ac10c0d9b1d014d2329f78d45a8bf949a597806000d
train,8k,120490,527ee9abb2cf271c98dbfb98bd06d82ea5f9d132ef8bcdf3130b2e83b8ed33e6
train,8k,145445,df676253529de057e5da2c9946238185da5d0f5db4dfb86c1192db3c0841adcf
train,8k,140522,335222057ff2d49ad945cb3128a07d19ca1e3b921b368ecb893cf2a255ceb16c
train,4k,21214,8f73dcaeb40a3e17f0ecbc6481c5c1991dc318182a91f89ef5b4d1feb9a1c4b0
train,4k,48816,42b49c50c71287d7ff3532c629245f186b795d3cbc01218735e8f2c01c1bc780
train,4k,162323,ac72d219c264c6bb605e2532785bfd218c060396d019d6407e5532ebf7c3f23a
train,8k,151272,ae84b1f72037d80ded8ab571ecbd559bf41da6c48c49905fc80fdb4f0042197c
train,8k,180570,28a72708548815213d82ee7544aaf7ad7be35a2f48fca3bedb11f2067419b2db
train,8k,28784,ebc589c1d4d8bd9ab8792f3e0090a61fa51b1f4f43ae76efce910f53b41b0545
train,8k,159363,fa36fce75327cf3ff77a2641524245bd459cfc3fb404e58db675ccfd66025c1f
train,4k,100262,a44a93e8e4d822ad9d0adcf0bc6dbeb0df35fbce403edc560372e1c18446d7a5
train,8k,171629,cd7f7ea9b3704d8f04ddf7170eeee96d73e263a4481a2ba7e7933b694d8b67eb
train,4k,64845,ba488f107d6f6495a1c2aa9ffbb95c6811f6b0a823833c20a7a8f6c8246c3e52
train,8k,172021,f4977eafeda10454db4178ce210b90a0e1c5feddcbc2c38faa136533daa93b0f
train,4k,25031,5a24efac6dcf19c9ae74a8dee1b7efd35ab6f91b23ad514d918a58dd5c54ca40
train,4k,123028,9ae19ced929962e71b29dbc3d0c67739db1f52fa9d7500d26c7d0ae54f4cee2b
train,4k,110075,7e36ba1893575f1e2bc61f56c74ce0d40691e5e1d40b149cdd70a4942f27c67b
train,4k,51302,c6fb36c1ea1a752d08afcdf09348d197710b1fed2aa7fb3c7ebf9e80154dbcbf
train,4k,47969,2a3b2f1cce324ca76b636338e46fb55d32b67fb5bd803a54964028b37e869d15
train,8k,178926,f324c0f24f4758f01f31b95f986f2e549111ccd548c4735fe7d2b63f89054419
train,4k,142926,322fcb3eb1700ac52c5c00f5ca7801e0ef4afeb849a1afbcbc9078eb053c5e4f
train,4k,161830,3bfb4b70f22f777f145f4033bd0397a2f65c9159d5b416d954fedecaf09d4fe6
train,4k,125587,4cabfa0c066d3b79477c787db779faffc1d27e26d8ff121ebdbcacc5afc3eaa3
train,4k,55745,488211c82882046b981158fe00d77c1bb05ccaf253d206ae511041be23c29fe0
train,4k,37687,b4db3df00bd39aa6ad284d9919e6204ab1d6509160bf067fcd4a415a3917ab72
train,4k,183878,fc2de8dfd0e94df7801bad541bcb7543803a87bd24581085dcb0f314f0da814d
train,4k,3738,e6941828cf1cc7bfebb9d516649333fed86877484c016a989b7f1cbd25456377
train,4k,165311,15f0c03aedc4ececa7510cd81817a0c6794db933d6fb951007e49712afb06e6c
train,4k,102440,70f48bb989ef3390f373c99d71a5bb15ed079b9e22364decc6569326b712c9c8
train,4k,53196,c74b0e763c20c6afd31828d471750f150de84277dfb429b68cb8030df0d01fd6
train,8k,15893,dddabc0471882ad9d1f82e1964aba6b85ec5b67171160fae0502b371eedd35b1
train,8k,21293,43479c385bf1bf62fbceaa802569bbd7393a8defd5e15fc1fdd3f0d48ad8138f
train,8k,171804,bbdd0947305eb86af6704cf85599da05fe9331981a2e60c8364e15ef34524962
train,4k,118138,f2f04b6df40ff2f43239a2a72f6eedb9d63a964db55807b9d63f7e99e28dc300
train,8k,61480,3b32d2c7bf56b3198bbc1c47f0b4a92bf7aeb499e71f75eb6ad508e966c4ab46
train,4k,171718,9d0ef055d5786a29fc5725d1495d00d5f90ada4563527d4772f70b03f4d21595
train,4k,57854,75ba4e489dec34c594f7771163cd62b6477de24edce304f90176d25fc51acfa2
train,4k,97372,b184b9b5e8827ad338a9a1afaf5e13d0b6a1f5d0037b358598d10f5936e598cb
train,8k,163990,7cc07c92674f9fcb46ebaae3b8d5c237a1239c2377841b7dc1a0d27255039dd8
train,4k,100462,1ae2269bd0b40b8830504983fc78c9acbbef9d97c350615ab4a849905718014d
train,4k,82817,b6e9c87a0b37c8a2ac7cd77a5bdae4bc06be088cc639b0c2d88f1db4f771a768
train,4k,139769,13341f1599e338da99c9877fe961bb5f0cb43f96a179ef5ae77dc2d0729997f7
train,4k,58484,d66ef55df93297f1e379c5c0feea5be3016fc6af5690ca717528c0cbedb35630
train,4k,136112,f3dba4f2ea809dd00b13216675a83493c9d79ff4ceb2a5d2194f6e9f268adb09
train,4k,129812,633175b39255dfed2c937e6d8cf8ca714bffb093b23a54e1a9405fbcbeb2f060
train,4k,132416,1d08658b6c77444120d16d2f9964464aca27eca3e3b5a8b03b4ae4e9a7aee56a
train,8k,25359,af07e0e823a9132f5ea3f1c14051c9ecbc13b12827505e5e5efa11ccc3a94597
train,8k,42799,5391aa19a89357023649c4ea79ccabb4d8c9ae785280f1398a26cfab7205b83c
train,4k,107429,e478b94e496638683c1ccaa3548c5d9b4bd54bd52ff62d35fba5295a53d11112
train,4k,12024,1008bbab2bdeec82ac9863e34a9d92c209f1466cd12039e51962f0fbbb5a927a
train,4k,131369,d98cc870b7df915454461f1a862bf2425184f9ebc365c1604777891959f177cf
train,8k,156577,7bc82970e7b9cbc5f0c306b29978a157f42d09ce216dfd43fb9d55e1c479b28a
train,4k,184082,d77412b01134571d4681a3ebf1b7d576bfeacfcd11d37e58637ca956e90b8325
train,8k,62759,4c30794ff23f677f22c31f417247da189641fb07bf4fd96b1ecc289ce978d0d5
train,4k,2202,5de317be8177d43318f8182a942e3795d18d6d35f2961e7bb3bb528b63ea7469
train,8k,3502,68011e9de87bcbb126aa7fa0a363dfd1531fdde26610532585664a9ad6992787
train,4k,93393,5f2d3b13fdab59b10401a30331675005c8491d2b5aa4accdf1906bbdeb645b82
train,8k,51337,9207035047287e6b2f9a2ba93d553eda60fb1332bccc7930d22a77eef6deaa2b
train,4k,150561,1cd5fcf1aaf33b1335543e9ca21b541b84d207bac7b648187484f31b3ae8cd99
train,8k,47347,207be737788b2106802a67285576ae5718569df07f7f17b6f47bbde683143c6a
train,8k,114602,ec00db0a094704c10589235df3bdaa11bb60abe908942a40412ebcaf63c12c2e
train,4k,140868,4e06fbe02ba981a0dd0c27ec8b4c0082a159786b8104ede1ca3c4434d1c6ff94
train,4k,52915,a355819cde969d7ec1d7ae8ce0b5b6baeabbadf704b1140e00985950d492fd9f
train,8k,66095,f38b44ed3182d03df43f327ce62fd48d093bfdc8fce79d6028e8ff6923a3860c
train,8k,106108,d057aabd8ee738423d839551f4ab4890977b8359c9bbf12cc4b4a897a2c6f1cd
train,8k,55182,22760447a3c74dd95dbd439946a3884beaa762bf1d0e7a65fde73dbd6d96561b
train,4k,99459,74171b6a871f5576975ea155c6ec03d190e3d3c1cd795800e67822847844c13e
train,8k,140291,fc0f2d2476ba5199dac2703b0fe2cd57d193c44824647900e88ef89b242d6cd0
train,4k,179143,5142d245025fcd9667f283397295b6182b0a9818d914fb02dcc39cac04846cc0
train,4k,60248,110ee5e088bb328122cf352a9e3171ae0db8c289a05c72fc0a565a90a70bcd27
train,4k,87615,5a539c26b62dc3719cdbc0bbbf8f81a2729927c203dadb68f121ed9db5a23b65
train,8k,52943,9390ffd9cf5578ab445ca29c8b30875d361f0dc11061a714ccfb9b4b32a8a894
train,4k,6927,29f4c434ebe20b08f77c06b2c789fbc7d2eb80d6f4b711aa82c8eea023bab4be
train,4k,44549,30204f150527cabdd0e4d1c6fe692a40afa707d15d61797995063a5b29744eb5
train,4k,131920,118798eb797850dcd5fbc5b00d95fbd2ea53914dc8900724da3633aa3a41986b
train,4k,169096,2c067f086b075b888a052fdeb0da8f1ead4b6bf0455064a102d46e4e1850db93
train,4k,180320,0a246e2e4b03f5e36c93fcf645cab37d79e3d0c6c261dc94f81bc107d238f2eb
train,4k,39105,d1db901f7f3ef0312c3b05629e6e0fdfc3cf9adbb679523cfa2486daf0ce6631
train,8k,138228,f0d596db485ab177f2278ea126c9485fa3cca78b158470e1dafea08367cc6ee5
train,4k,53226,09baf82c344abcd1b8722a60c88821421e06fd879b8e25b81dd3d708a96e61e4
train,4k,179226,7f5927ff74ef836a3863a8a788143467e676024e2d71cd50396da6a01313641c
train,8k,72264,a5a1e40fea2a08e77f2da967b304fad1456e6394dfc5cc62b57acd719cd53642
train,8k,697,0bb2c080d114cdca688751cfb8bf3f572b41702665d88ee6d272061fbdbfe802
train,4k,164374,7836ae6dc58d3e96e7adcb64e8f6d5e80e05bc42bb0817966f6fec4018b33c22
train,8k,20685,5d989b62a1e473a67a018d71f446e712ad0018cbcc635c143d37e99258f4e282
train,8k,46697,944613f42eccf1a4f1cbd65deb696b487bc1c34c0a12b48dfc60c73ffcab0891
train,4k,158606,7254469de82e72a731c277ac1378c67d1f4ca427b2baf543273414baf02476c2
train,8k,64834,0a6234a5d10b0aee853cd799822bd96af1b01013d34bf8f1ef736454dcb74745
train,4k,124636,22e2994830ad34384e135f397e2431e2531e88d7f47b68ce7f29669747656a50
train,8k,167487,c70e503955f4e3f693c4de5617954fe9a20a77ee4b3aa0f702151034998c1b59
train,4k,115160,a8cfc5d88ec974a9cb1eb4e009b67180646e5b585f1b2eb7f83c5172c05357d4
train,8k,143532,1eb0868b65c9d17405239445e2479e40b214a8480873da4e3b86fd34be786f1b
train,4k,108316,11bf1c5985ec5624327b93f6a01d50867bd99e716038f7137aa17d6133073a44
train,8k,44947,1bab9538542db8c0bace198f42eb2d84aa1a63d60f5ca8cd883cccfcf0289b83
train,4k,124244,2270723d6814c1e0dad4a5136940e2360587eac12587c90ec9dd3e653f7dc391
train,4k,33302,3ff83b34a7041e1fed55468b44d004f0955dd069da26078f8654654e603c42db
train,4k,74875,780300916f79a9cb117a90fdd9db65f88899ebc1aebd11e565d6f4049ddd5554
train,8k,36823,48c9c11007065d1675929367b4dac2d03dc9534cd1ff96b11f3af9970086d739
train,4k,19799,1a59dfddb500ab6e1e06a13cabe28d4471a8776f9b27f125c41f36c5374a1828
train,8k,102667,b2885e9575630a5fc6f29f9e997ddf2555a64bf6e9342efd241ea684b8bbc5e1
train,8k,11299,eac30c57bbfe87f2e9ce201b083ab59a25d6e0ee19d620ce73af80e470923d37
train,4k,13314,f15c433b62f92ec67b1d9fee60bcea109bf78055a38918fa1d8fa7e73976ea5e
train,8k,91587,766b23eea6a7e68229601c3ac1ecee01cc891b9db84bdb84fd3bc3acdaf65e27
train,4k,65997,098bed0ed44528316d2e568a171c888c6b494e9ff3f9a419bd465ecfe3f00348
train,4k,79939,b4f207b9637427914209a1eaaacab4b0c615fdad1a8e976a599abb3076865db7
train,4k,19299,28c7e252185af0aa0aba0f019859fec1d05004bf87f6572c8c348f23b4f241e8
train,4k,166426,fdb232676a27b4d79c38ac576acd97e9430c0ebcc6ec545103374cd29d7b1025
train,8k,181919,7f131f82d7c58ca72db85654c9540818e83a4bc5b0b91702702764ff6ad2d87e
train,4k,92114,5187e3e675d247b812b32580d15d01424ab88c443ac903e320f47a763759814c
train,4k,164059,14a8d520c8c1530e75fa492901c73a2adc23510df97aeac3576a950895dbd5ee
train,4k,102281,955aff6a49b9e77304e2597c4d49e13dd35e1dc2f201397d67e27aae38a0ca2f
train,4k,13854,af278da5f61b72cca5fb228f1dfe54eb4e2ea87c9d046f80406ee8bd8fcfb4be
train,8k,177770,c37852281b7ab65869362be5dd5a229a0c1dda871f41a59c03848aed3679a690
train,4k,49332,d65e0be69d5aadd3d3e26481630af438e6beb65a4262f5425fa6bcb2195fc144
train,8k,120199,a3a7a68fc0ec569d2ea059a12248f10b14f104217a34b9a1354a3db850081928
train,8k,146617,eee06e2e48f86876b464b66e5057367b06ad68a81ca47bd20641236f1d3bb30b
train,4k,55438,20bfb198bf601476d3bf54cfa6245e0c6bc34d7cf8e477a14468baf6c4965d84
train,8k,170709,163cd02853124ce360684b1ed008657aefda9d1fb30db6abd137d118b1744368
train,4k,91545,91cfbd6f87bf62ecf46d6b760a6d5f37f1aeef9110bcdd9d1162a82d2a7326e0
train,4k,60103,2b8bf3ad10e8f8c3a4cc26e2246f015959d3578ff078c28d5824d163f3fd5732
train,4k,110357,c99e8c587106d492d8ecfa709f5f743c137d4004e6d434ae5f82dd6eceacd1ab
train,8k,62255,0557fcdd702088feec6a44b3ac791f8d17e049af4093fd9773bba490152abba6
train,8k,154058,8fefb0c3806a5998b75cbf54d04ffbc02382ee848ea839328311a775d0477de4
train,4k,1930,c3ce812c3520e563755a861fb03519df413ea1dd9ba8283f5276d45fb6dbf835
train,4k,83491,2b211abc1fb66ef8c551a614ae6560d8702f1007dab09afb6db0802fab766303
train,8k,30891,0c467159119324b9f2b6c19a015406505797dbe7783297cdda7d01ca79117b7f
train,4k,64587,c8a3645ed5b73b1da64b215f0a31b0fc4dbeebfa47b72526b9233435b01f4c63
train,4k,100235,af6f33ed467f8194412fba016b7cc5617541341bc6d60f7112c6c0b69a4dd086
train,4k,78835,0c51037796d1d9fe3cfcc2ed19b17318304837fd59048c968d9874c7ab2db212
train,4k,182610,3aa16b406f01689c8a7b84c776228d516bf1af49be610f1ace9e135b8a1bae36
train,4k,135442,d58afdffd319d5a1a942e43a48da41a040683190f85452a46d6d50f18e8da646
train,4k,65965,14832b736427f632cf83689b998e7ad1933c24decb0ffc5931e1ac7ecf1c1979
train,8k,35282,ea11033b5f541e182897c567e37da2899125e71a77274d086d86e505bb20dd7e
train,4k,10921,b29a6c9394676a51b20d0e8e83a393c07eb736ad1b42c968dc433ce869d941aa
train,8k,126102,fc5234e101d2956861e7206157d1813543d55df405ec45171e87e885c4c2aa88
train,8k,46119,da8686fe9e30aef1642701206a55cb34115a36e6d23701f6e8dac41bfcb55420
train,4k,105892,6d561525f5c5d96b1ffd54ca3eeec76dd5020936d5fbaf380f28ee5ecfaf042b
train,8k,90841,a7f737a2cb1d0821000593f69b8cc49019b931f45075eb26222fdff190b79b47
train,4k,128578,dd1937f53a0f440b2d5249efa5d528d5b130056955d760c0846a31debf002339
train,8k,144682,6aa7df0e47567ea243e829ea8b89bfa9fb30b8e84485e1772251f93754eeed93
train,4k,47454,9be88048de73bbb4f27edcf137a82884132c7126be7590659ff8758ce33e4497
train,8k,133430,c90b9eee4113aa5bdca0cc40639c13464c8736264207a44a2192523b9898d980
train,8k,169426,b25c07986c520a8028e11d5c005374a6b5a02f1944cf27bd877639aa175b6c01
train,4k,12875,52f86dea6bd859c42c6ce811cc54e5855027981e21533114cc63dc40f8d73eec
train,8k,165666,53752c2870fc33cadca51ab6272d394bac493fc2a7562d8a4f1aef11ab397352
train,8k,110258,0492d31e9fd457b8bd7772df3a460c7348e7fc6bf4c79483c42c7d0bf8148ade
train,4k,3544,03355f517069cb7e65a83837dfe01bbe48577d03f196b9387b49592ad33c4869
train,8k,181533,57c62b953f93fed238eadc780cc7cfbdcccf42c541b0375d6729125666445111
train,8k,17366,a2d9b0d1fa774486b81d11e41bea7bab2dfe8b0b524d7fa13a003077f959edf6
train,8k,6088,f1ca8daca554356b11d7082930c15026dde7cc8bdfd6b4905e1c02947f99b972
train,4k,183003,e69b5e12d5212047302a91ce37020f5efd11fd319c9449e69fcb432fa602c8d9
train,8k,121463,0558f31fe80b25d0992498dd737ed04eb1a258d011c6ff7f9a7c6e94e56436b4
train,4k,166685,6471eafac18ec8396a178bb719042f9c318f533ea95ef9746b8e5080f9ea1f1d
train,4k,102019,237454bbec539826512eb129aab3194dddfca2fcf183c897f7832f6719a1a61a
train,8k,165735,e46d723d2e89d1adb4ff4be842b1ccbf9530aeec710429b1951859943bc5fd5b
train,4k,37611,73b9b0e1d1d9525772347f0bcb6610a38057e843a44de00d9b3975a39c29d88c
train,8k,104364,811499802b7c6a16db5e6b2b8bc321cfee379242d5cfb4d180957dbbdc979919
train,4k,145835,36994d795616993e55aa63f4332074c84e8141f3de76029af32be1d88dd925b6
train,8k,75121,c2a9d01a87706743012333b7b73e98c7235d014e8570dc218a5856e1c9b0f5d3
train,4k,163167,c07f498ed5931f57955cf10cf713ba012bd901baf3c0836d3f6de464ee819474
train,8k,99123,eac39687ecc8509656a730e9b1f0b7d7ebf2826fb880837d2ca7794fb285eb25
train,4k,122966,34e2f13c319f01dec385149324512718d89d93500fc2bfb4b9700acb41c6aa79
train,8k,26095,962db8efc005ac0b1b3841fb148cda9b0deeae34f9082113d8a2996bd78a8ba6
train,4k,181182,5fe226536b04d30cc2c337106a6d3eee46e9a2eaab8d89168f0890db53395fce
train,4k,110495,d708db461ea6f4af509064a2464bb08f3334555d6ae0732e8d4e7f9657f48ab8
train,8k,49942,a5afe2c67d3c3d2bb16b78c1608eaf938c70b580221cbb906f277e39fec7e286
train,8k,177179,c47e62754164114f81a53322b9729364b9719ce7f3b06fd791ea4665d0df2c97
train,8k,1620,a49cf02b642d73cea592bd9157c7566969ad0ba590e336262099e5c7ae02fb7c
train,4k,149251,7b0d9bbeb50499c9f7b08ab140fd7de64c1f1b08a78e24a4faea39dab1423c2f
train,8k,159699,c6ad1d43b1e1efdd37bb63bbfea3b1c3666524063090aafd9bc5fbefbc6f4a1f
train,4k,104441,5ece7aa9f59fc820debea52fd2cb0b6c883192b93b47b7bf83ec64c93172cb5a
train,4k,68892,6bc820c709056ffc9dca0e095cd3b1bc90232ae4076b065e71f1eb9d9db53b4a
train,8k,192,59a177a6db8ba8e2191b93b04c7c716b285ef4376cf677ec434f540f0087de87
train,8k,62036,57a55e541ec1ed7602ec3d3c8bfc717da7165537381959102d6831980f60e1db
train,4k,49086,32e0fd449e84c9136286914864b26d280fe107f19caceb1d2a7466933721e980
train,8k,34458,d179aa4ac4f949d340833f5ab7abbe775dfc948b5731016a98e1f96757ec1c3a
train,8k,175368,4b4a9ca77a71aede45c540782efc8e453e4334e6316ec32e56c5e47901726969
train,4k,102562,3445f973f7fc2b906fcf3c4268a5cc094a3dd6a41262439e08684b7abb024d66
train,4k,105676,69721b9fa2bde90f0d05edf0cbe242932c5a3f99dd15e3dfa3215582641e37f6
train,4k,19572,4ee605d7520d9c65eb06b9b4610ac1423dcca82bb98c47029e2c1bddf1059b93
train,4k,183554,8b4a23cbe0ddc4887ec2fd5d2cdbc7d03517a00971404457227c08357905fbf7
train,4k,185489,af2701a026ff8422464d857aa9d7b8108c77395aa17acab41d493f1e3d72ed2e
train,8k,37076,8ed461aef796ec02c8cff2ae951e6628667fc4423f4eb2ec71fe01f0f3289596
train,4k,180072,ce8de0008c6033b211347c2d43e53f0046e2fa3e60898d7fc9c78fe8b9ee470c
train,4k,7843,2ec1881f034c5d28caba3803432e3b0584020b52268e216f6b85a4c36fefa7a4
train,4k,184801,47a1f276fe1b905c0361d12f2ba517d74c0402226214700ba4fa2e1e679f7ac6
train,8k,24630,6b889ce192d3f414f7366e12ce43ae983839d6f36955e7926026e4100940f555
train,8k,124053,69a1eb8397e915df90236528f155ab3b193a29fa2492a396cf3caef13bb1f59a
train,4k,189628,f92834a09fb594aabd9fab5aee5f23e30f51b07a5811393c1ca6bde8fe5c109a
train,4k,101692,cef8483f2ec153c32ddce7cc8ade5a507f14eae65f4ccf5f40a42ebb342b2fac
train,4k,62051,e3cb5557318365847c5d9b77caa8a92390b405ddbebcf49a0dbbe16e9941fa28
train,8k,27476,2bad5915ee75821f396db2389d9b3263281877f4f21c26896b2bc31668ff7e89
train,4k,111091,71a5fad6f076dafe5cc7ffd10539a9bc4d5a5a994309447f5f45a7d1423f6e6f
train,8k,150322,496f8b88f4100bf780dffea56b8d0ae012366e2179968c0cc53f465e228592cf
train,4k,145797,8b0881827e5c82576afd3912d39405e037e26b3594e5821bd1dedc13b4c958fc
train,8k,113375,d5adc53fe541f4ee7fd980b585cc94f12da98040c34f589dd7e6ea6f0567dbdf
train,4k,136276,def50b46b00f156f06d6d41eeb51582fb53089051b6178fc936bbff752a2aca6
train,4k,144636,7e39b299647916866d1213cb3a498c7c30e0ead14c07452abcc67731a08c59b0
train,8k,139072,5bf78fc30226d8975ad9b440b3972e337ed95435a784d4bab771c9ea43f76555
train,8k,55950,05aadba1539d4e4022588f6aa96eb35bcde9f73ec318fd11945f684a6d274439
train,8k,50779,d6b9808a9501e8e94fde9c01129c164c3b8849cdb3c0560635790167b14c3222
train,8k,174227,98d4a98d3c55940c5986caba879ed5ece877bd7f841ceefb7401474e351ae7cd
train,8k,7385,e91effee1f83633e0b41917859b09c9e380b4a44375e9c289afa87b915f4ba29
train,8k,101684,f32cf4211b41054144823b3e4946eeff0f14bc90276de0d1352b2894582fe727
train,4k,97303,94f39db11b998836ffb329e38c9b1dd1ca181d430ad785ce63e55f7a5689fd19
train,8k,6658,9780af9e780d35dd6d14100425c2e11cd619f25ca611f9d956b070a360362b2e
train,8k,171221,f9fc1702384b9c67b00e32b746aa80cec90de9087ec3d10882f5e1785f737aec
train,8k,46957,24cffc1b62effc13b9fba34eab1691135115bfa66eff2ffe64e048b8b139110b
train,4k,103678,9e13bf9bf3cc1ce43cee5526393a51fb55c6e050f0127d2ca45882dc387dd5c0
train,4k,87620,063e13a063024e3ec6672fb9e9b1026dfdccb527b6228de55f757b4eb9ff0dbf
train,8k,10202,02341a2ee2dbab90bb16c57224415d9ccdf03b14d69ac3f8783f2cb6d7d83654
train,4k,72762,13ae435f590da76db9d2143fec80de91dc8b47d1e935f1f7951f6537f98226db
train,8k,109600,75595fd1504990ff6418431c2c24747e707b88114a6bda7da991a7641efbebe1
train,4k,124889,592a26f0d9ed6f71d9f694b6f19b9fa0ca36d65655a06d8a12746682f2f4ff06
train,8k,88157,18dbdd1a587d4b39b7271430632601faa2738558e7428f1c154ec25ce60077a0
train,4k,12411,81a7b1271207b66678fa73f424a64fb44ea27e4e0845768fc97cf472d40cced5
train,8k,20542,7e803fbd1b161c00f08243246c6658563a382820c41bbcc23158df044df5f32f
train,8k,108952,4309d2a801832488ac72b299d87c8dcaf57c086a97e277e995914c1b5026414b
train,8k,101719,4586d0fbd32112bf96e729f8294309fcebc307e862cd0f4a6a10529f06e08395
train,8k,27245,30c0ba7ccd3ff2080606f2f3d479465963634a8ca9f93cb9ecb6c3dab691e9ae
train,8k,53525,cdfef22fa57a8c31c1d037b054f75337b05666b975914b7918c2948fb7fbcf70
train,8k,128684,03486055eacb6b83fdedd1e874bab455638d45c0b53939d6fe5ce53723680c59
train,8k,7523,0667d7a0f47849f068862c7c77504b00ae3cbfdcf741b32fe772f86291cfdfb1
train,8k,11811,b740be4dbb526ba1db8e03a93aaf3556151067c778c67b2de6c4e00102b6f8e8
train,8k,57214,a91cc7b8b0b9a969218942c5d3c65c4d9fd2d67c2fdfa62c8e87c577eb664af0
train,8k,88613,62ba47c35aefd878dca25f86354bcc02486d80b320d019194a5506aa050fd092
train,8k,26958,d1a8584691162e9ecd4bf77c027158d1a2ab2be9e589deb89b1acc2379de1086
train,8k,3603,b016ea9bddeda1d7149a05dcc1592afd4afe3934161fa5782fbb289f5c30b82c
train,8k,124120,993c4af307dc5c5ebabbaae0bbc622ba269f7210191271b696804dc114efd2f8
train,8k,84552,c0958495998aca28f6d204d911a9373c04b3596b72721b10580195777702d25a
train,8k,102171,17524c5d373bcaf083a69a198b1f6295f04b0779273f15cf106718c01a7386a7
train,8k,86851,2efc5c46f64364d9af2946d384ad9d7c71d76e7f9116a798dc7d6fb2f255bc38
train,8k,137364,89a7f34e930dbaa7d268a09247510856c94190ddb063fc524cd0e604173135ea
train,8k,160495,d4a984a13b80b872f0dd1c4d3068a97fa6829fe5727202faf8a850293d0bdeb1
train,8k,73313,7df3a1996d0b92bab27ed9618378eca959afb621ed3a707c13573ff21ec9237f
train,8k,80901,4e498f48c688f46b2951ab37e5649922c315d35edf0aafef2c441f46cef6e132
train,8k,129021,ab6867405874e4e57a39306b181a61c8886344276455514f1d85aaf457f3af5c
train,8k,106523,d7616aa3715a976f2443ae82a514b9b557b5e49846fff9c7f95f20434d7cab28
train,8k,42946,920a660d9fe6bfc834afa8d1ae929458b41c155b4e97a8692c03b49bfc3a521f
train,8k,135560,5824d696aa98b1f6db04367698a14e39e0f2e5e7667d864fd548ad92e8f91931
train,8k,174419,d1aecf91e21d3f538a27af9afb2a9bb744c30683d9e7825dc46a943314138378
train,8k,159111,6c4bd07e6a69d79d4af617544811c074d62ea03334604a8a6d58e01a5d991a33
train,8k,139136,3662ba104cf5b5fcfb14eb7bcbe5d8ad679ac1a2df863bf3b5e8a19cdd3d4d65
train,8k,13292,d3c74d2400a1be0fe6013ce6043823affb2424c605b486467d7cc133fe5e0e5d
train,8k,74459,43a931b82876dc48cf4c205a0fe903a665de6365418ed980e02ec65868d97931
train,8k,99798,2a7edbac755623ffe415891b69c5df1b820444a8d07da97b542e0c4fe26eff88
train,8k,62139,a3f2f8da3d0ae01cb12c9bad3d4fa2983d62db836e5576dda748f35b224b0bea
train,8k,72309,bef710535f32916dffda7f5e5f793d4ebfdd84428233831865767bb77ed37610
train,8k,11789,81b7fde5f910c969afd589fee6c051758e57afff62c1a3c680d39c69ff254773
train,8k,40018,7aa1f8b42aa27af3318db7fd3936651f3110ab70d9f3a3d5a6d0e407e948751d
train,8k,55647,4a0f7b64364f5d5f70989072625eb185588d37a981fdff0ed456ec042753b4ed
train,8k,54864,c093b8553c6358bd64b8087bac5efa6f49e44d3acab543130b18e19e7d5883f0
train,8k,145167,89ace32b68f13fc484d39e1ac48623f20228213d9fe1acb264ea6f388f327366
train,8k,173202,276dd81613727b16b548ed4091f571277b723d8a028864c3ab95b4ecea063aa0
train,8k,58104,1498cbe75927c80c4099dfb44f6a1d3065b900da97a8df8c64079d95ef98f74f
train,8k,174308,f2aef15fd93c872aaa39548aa1098fa3d5b370b2c4d5d2ce8b798ca7c3ae7d02
train,8k,98555,3866a3ab400bb35b14db494773797c82a1cf7da1f304e67deb92b7dd8455e599
train,8k,101746,181a2d2ab31b94e7d47209299538991a1f793a3bc22c1cecec56a969f158f122
train,8k,14448,7f9b58c6566d2175ad09588658eca0698743726ac9b28a7b8d5c4e406a6d0363
train,8k,17695,e475901e554eeca34459de199b398517aaa23860e118b2e97580544d5448e090
train,8k,4329,ff266ec1255f207e9dcaf8e99d08bffcc56c9b84dfbac1643f94765caf89bce5
train,8k,177488,600b806d2168cdbe5d6d9e6aa77277510a3e8a8f079d3bfee00cfe9a17984b14
train,8k,22801,6472c0084b5dbee8aa2ab4eb80ad3a0218362995f960acc21f0a7a916e80bd9e
train,8k,38652,6cf08683b6230264a4a8cb7bbc00cf3065b4970cfc9b17046464deacbaea9be4
train,8k,79527,848b67ff167be53e6f08bc7a4358693fd3a0b820164f5336ab5267f31eaf4cab
train,8k,102263,8a17919fd7230a1d82bd0eeabfdfd5ee52412f3b1376b42f014d108bf2f9c2cd
train,8k,122019,828fe11ee112213685dd96b5388587db6178a9da3e7507931682e62fed9f223e
train,8k,108307,1279cff05f8097139ffcddfe514f72e5175d0376b2fb8d2d543418248965cab5
train,8k,66992,af71979a98c7518ff9f6d79babe7b81044d6f1eeb9a059ea2e5d3ba60ea7cb2e
train,8k,71627,7858cee0141d2f8179de3495ca25ca3a95ca49192d3cc85fb155229688b29ab1
train,8k,129181,8dd0654181e6d3053db5bf215236c48c489f8e44f961ed8233825e4c483ec9bd
train,8k,80916,1df2995ccc87e9253c8f72144b190fd5e6ed76e2fc544ff1bf2acf52f02e9036
train,8k,82222,8110bffdc7e6cb46c6489da72223a18a0e899fb14c3ed0cdc0fee47819e838d7
train,8k,138118,8d2b10011302ddcd4e7bb777cb6c24812c4a721261820f503e6222d84e1b83e7
train,8k,9455,97da9c56c9354c1a81df0855247bac7427196b293bd0cbfc43f4657b44dae942
train,8k,170958,0073dc55e8264033bae7bc7ab29e10d84c7f372b35efb4f573fb6e0c322a8883
train,8k,171427,15cf7b185a44bebbca802f29ffc24b34308158ea3fba35657b6f0ab0d063cdda
train,8k,92528,f6214023088f2d8dc8cdbf99f314be7ca977f33a84f4583cdc9fb2b550dfb630
train,8k,144773,7a844e5a9ca8b2d55d27bcec6689e0f94cb743cea82686314c486572749a75f3
train,8k,128365,cc8ddb61899b128dafb99bb31124d06342b8664e5c427fc030da5bb28e27e7e2
train,8k,53781,321a543a2cb68bab98cf7d4078ae2697938fb9969d3990f0bb02024856c3c598
train,8k,142843,a4c55dfceed5fc0e73ebc2d31e2bc577b4b62f92b71d80b6f68729e36d394be4
train,8k,177688,1897fd3a202fee5b99227352c7b43d6ee443378098d68ab42ccdd42a4e258bd4
train,8k,148504,6ec32cddbc57b34c4c7219c7b352347d5670802e4955884e55b19825bf8f2ddf
train,8k,143427,fa201c8bc4b031fc49cba1114fe01693cb1b0b52609fd226f4e58da66158d1bb
train,8k,136028,61b257595d12fb869cd5e66549f9ef093e61526342606aec7abf3de3d52bbd38
train,8k,52976,d3af742ec2d5eb08ba19055258ae41a785a9a2584c4a2b00c9d80594a61cb870
train,8k,157335,6dcccbcda063c2b2e045d0662b8e0a78778a3567cfa249ee3b2b3940522f36e8
train,8k,109233,ce16e57bc698bd370cbf748cd37857327abc2a5c2f1984f2a9638fe417049dee
train,8k,27503,922e0e9c94bcc0e8350fc2516c9e32a1f6f0961f23999ee9c45d13cc1e4114c4
train,8k,77158,b265f5d51616591232c847a6dfa6147f23d01c6ce264f680457584bc3da1ac02
train,8k,155159,e1d1e6e925d85efcceffd36879b9a968dd2b1cbe9e467561f30c4085d673a2d1
train,8k,88769,d96fd53189358914ce251d66005010dabba6b861c0a6ae7ed16301dbb0a39548
train,8k,170743,5716ea90c0f50eb814db3028394caa62abb0a58361ffbb30dce6d9ffe4596268
train,8k,179285,db201be413b6b686033c40e7531a06ce6ea9df30ee5295d0daa3ce7c71270986
train,8k,171802,b4c7444e77697dbbf717d9130f7c97492cf2dab91fa900865b6ea14ac018ee5c
train,8k,64363,644100dcbf961fbd907546ce969fb092ca9e0ada4a5eda02cd15a32f8872fa68
train,8k,12057,c9f71b88cbe5cb247d96e9205872fb95d56d9c72e5397944b21648e1ec2755c8
train,8k,152218,6a1943eb80771e607ac97c2a1ca8780dcc098a1bc0b3b3550988b8bacd0031ea
train,8k,89475,f13ee547046940576981a837f9cf6bd340fac731d0efd016f9e710b85e96ccd9
train,8k,179074,e6e0f92b0ff5a7dbcebb84cb035b98ef0ac3e8748f0eab0855e63d4af1a5a3a6
train,8k,142062,65fac4467dd625f4998850fa9c6a715304400b8aa35e50c36702fc9de3d35b13
train,8k,176193,e8061ee47d4563181b9be8540ad890bbb2acfd9b588d05d995ac1b08d75b7255
train,8k,65164,d6207f77cf1c4edf72566a12089e2104004d8f0aac6bc0abf0b64dd6f98351b0
train,8k,135955,3a306f271aae6ac02933c1a26f4b96d1c451edfc3b06676043f10f5a414de2bc
train,8k,84874,814eb8807f7e6cc6670db826c16be20eb74d7665733c8c356d4470454d4a6192
train,8k,24899,acf12e3c6dd64384160d61c5c3f9e250e058f68235a425cc16bcccf77a5fadad
train,8k,133271,2e3e4564b352feb577d7e8f1665f675e9fa6e9c2897af6b433d53e1ccdbea6c5
train,8k,127219,a7e9d68c05a4d40e82c062c53dcd72ed58c30468942c041d3f258c034f9a129d
train,8k,144567,2ad806f51c1a99392bf11414c0b175c34534b1ff9e4bee2f173a8da1986437ac
train,8k,151955,90813e9bc66de3fd348eb57bdc2c02468c7a919659725247afa91f3cd32a49d3
train,8k,88410,d2d6b24c6a3f4386f284005e134bdca16e173988d38486511dad8abc84290f44
train,8k,75821,bcce247acb3ab3621228478a7cc99955025c44d3bb7fb964a9d4d341bca0205f
train,8k,97310,2d0d34ecd6c6efebd3e24dc95563f081ce40cbfcd8e3d356365a3c534eeec842
train,8k,106787,ddb62cf8c0353278a9bb89000e5ccf15efa6e51d2c4d68d19cbf311202b82563
train,8k,12070,4196079818638743fb9e146d4e3395acc81c05882cfdfbf8475733c51a0ce7af
train,8k,32999,3c469f4db5bc37b34512dc77d75c4b5e33f73a3b96073998bec4aa1290394a65
train,8k,146605,3d5387214c8d1f5c49905827aaef636819f258a405a824d799e9bdef8aaf64ab
train,8k,3332,3320d4587c06090c625c558494d02bec27f402b0d4c5b369bb37af6af666d319
train,8k,101764,48f97bcc7a6bc32618307722bcd9aed12fb8fff0d2fa1ba9f2c506bf4e8d9aad
train,8k,62217,e0208d64b1fd580bc4e8540e7d82a0527e8681f486a53c3c6b9f6ce90ddd996a
train,8k,179503,0d4a3897e5ccb8cdb5bc3e0ad02b3092b6f253d24a1cff75bd8e6e991c073cfd
train,8k,149249,8a65337b8044c54b4dfab92b12b59021f196e0caea0dcd109efa61a597a3d7af
train,8k,143328,afdaf26e9d62c20e524b5008a579d956f23e9c8309be6288663a69b9a590ea3c
train,8k,148315,8d062303546fdbf6871058bb88f8c861fa84717c475da836514996a0033e6733
train,8k,118885,6de4aaf42f3d8022627da57d21d60e8f61fa84939013ef9aac7fb995c66d9607
train,8k,51475,0c64f70cf20a641a1adf3d5ae06d35df2c67c31f015a20ae978a4f4d89b33c2a
train,8k,38835,15b0cdabb7255f1c86ae52b61f4edf68038e244b4bb05b3cc08856cfdd84da84
train,8k,142541,2ad58db614b558ee1e7527aa1ef50306d39f75e9a05159c146e0c374082e9c65
train,8k,124857,0a603719c66da9ef8c2db3d839acc8ff6af54f7e0f0184971239f398c53c0cbd
train,8k,82928,9498a0dc5f7d8f2f4bfc35d637c47068df01ec6f27c08d22097cca607c8fc350
train,8k,156123,28471cc4966ff89b6170920af48a446f36c3f9c5da1fd475f84c47e671f3e89e
train,8k,159182,108da752bb9988bd18adaeb9e5e6d4d5d25a5f6757c74b152f8d04dc075a87e0
train,8k,64998,5302d871fed145b0e3e689c36246d4fa13d45370ec690679225723cfc50e09e2
train,8k,117582,768798cb3a91029bd9390e76193dbf46e9fa186c46c977e49f4c418604ffa7ff
train,8k,51825,d5f5f7cb5a673f2d2d7ea09259a053337c97c0b83ecacc771ae237120c0d8043
train,8k,155648,abf69bfedc54a3f0d6d77e5f184685af3960e61f1870467716b515d7f998b1ec
train,8k,109532,da463b7519152a8b11bd40c8271c036e48676ab7ed0d18f7dcdbc9830bf88129
train,8k,21131,d18f1440c784f77f438d93b63e6858997ae06ce6e0b7b10aaa004adf49675b14
train,8k,159109,171deb052a5d5f57b8eb4cfc9c5436bd5e442ab10ebe22fc47b443ef35ed531c
train,8k,138702,c35fe8d2be34508ffa0395d2552951d4bc43177eea45303de04e8600bb01370b
train,8k,43260,ebd6b09715786a958b1eef1faff885d3811d644fe4d10e11f86ef061bf5b350f
train,8k,115401,4137546a59089f2dfda6f96d5979098969ffa5b1dd32a5c39b827acdc1af6ca3
train,8k,135908,3a9b05e190eda2014bee7a649ab4c9351a27bc112bb97f108649c41a06c2787d
train,8k,174595,39ac004a58c4ec0fd4874bc75f1bc08807f57185532ca24c5bc0ef8bcd7e8ecf
train,8k,75480,b0fc1e7727706796841953b30c3817905eb2ae1a216f68994b2020490eb33e36
train,8k,111934,e81237c842f5a26503130022f361848987bbab440bb0fa580daa01a6e6493f77
train,8k,86536,d33e8eb748db484a61cfcdf5ba905d88f7410d8ed22c9113dc59f9d4151f5aed
train,8k,108359,6aeb775ad9c5c3f5f56f9b4b4c77f5bbf3ba6be3b3a5dee5026257abed8c5296
train,8k,43601,1dc0d6cd594c14e76de04fbf39ba9ce194714dc06478e3836ccfe11c4b5139c7
train,8k,162051,5ef7340fdbd00cf4481ee9111faf76f357c97b7fcfa50d1ad645f0dcd2f76323
train,8k,134112,4f53ce29d279941dcddee7427758a87f2dba919a7eee1cb03d1547dd73fa3242
train,8k,25182,6bc1b7d3f775074cef2730010ad36123a2b1194c7025f182ec73e898105cd0ce
train,8k,51186,51bbe55a8c973dc6fe421103b0fe521e6149095d0b02ffffc3df42e73e79226f
train,8k,64940,57b40f88a176a479a111c38b8ad13171c9bb8d78a8bbc3af7c8b15646cd1b389
train,8k,148121,9f75d7acfa9ccdcd17d1d4f0aa19e2c954fe84e300ece089bbfcf3409069ce0a
train,8k,60377,ce971602c0d9a47682469f74e39e5a1138f8a3c1fed062c59140bc6a4b879bf1
train,8k,15260,cf000b996e753056e414b29c900b430df42e78aef27e094172563508281989d1
train,8k,178046,9856fe7eef0b03d41bb046b8c288a17c94dd7370c7b9eb48946b7c7a48f931aa
train,8k,114208,dd1626f9f985d3eff969bc4b0a06a8a0753d8a835c0126ee15cf2311c3af5f31
train,8k,114671,bd7ef1d67d7cef4d70a20591e9692505b08b2ca06f81c134bd8c77b5601be1da
train,8k,124085,95d60a7c6e335b34b249893a777ecfe051f8515bf3212e06ff3d1cbfcc352cb6
train,8k,178813,f7a08c1986bc16111ea61dbe1b0d975394ddab758ce240f56f09b127b9e44b1d
train,8k,84866,0840c82155c2d9e57eb0db2fb5a470b6e4cd4657fb9b225cdc3b76a293602c26
train,8k,91884,559a473eaba639e33ada898c6aee8bb6ae8f8a07940e04e20a5d7227a6f9fac4
train,8k,18144,028f131fe3520f4867a68643c7794514ec338e054d493921cbbc94f0950d6cf3
train,8k,121714,d6fac88d6ee9af10f8566c44ed781d37f9ffafbf747bd3effc2a2148eb9b9dfc
train,8k,155107,05320377048a3975b5ecce484f40c2ee7194269ce38211ae387d636c7079719e
train,8k,150893,64ce4368229f6a2a14c23a0b73dc97e53189d8823000c9b0c6cbe330e024bf12
train,8k,111803,80ec22fa0027e91207f054874ea95c04838e998c0925ce254658fc1b6c562f9a
train,8k,33775,4afe3fbea5cef7a3818becd33ebf8ec2ea5af2fb6794eea1c7055a708d2afbfa
train,8k,69025,d65bf2e819d5fc46731a13bb068c8a9f2072b81e792400d4301247ccdb80b666
train,8k,122687,5ded4bfb6f1c17cf4ab692d1f5f7fd0d2a8c7d8bcfeb3412db50c8159a1ac38a
train,8k,129343,d43dab342a3979a0b54b8fde1ff1cb36a5288fdc18cc270de32fbd6084ec98bb
train,8k,89715,173611f25732e5d0fd9dedd1a85529a81322a346c43c22ba942b5cda3eaa8c1f
train,8k,95255,d16defc8a14380491df817e497f97a32696b1bb6076114d25c30882bc939fefc
train,8k,167291,a354a419ff731f4bac3285f89ed77801fa095fca14715ff3a867d3e67d843c8f
train,8k,161590,1929f99f75acfc3e7347f3ad193dbc9d53e44b647cf5328440038ef859378b90
train,8k,180721,8c7457ee764a463fe7d3967b08a302d5e38e3aa6167c7008752ba5870cde6fde
train,8k,115954,d56a66da33348148d55aedfad11f0fca0ab68613b23cbea6c266db5e5ab9a60b
train,8k,177952,be7cbc251a9b38cb20fb72241e3d72fe727c28c56b4c648e1e3bf3d95354a9e8
train,8k,131378,b2f4218e6e78e27c5e0ac0fd44a1a567dfe056d0bdca7946c04923a5bcf12345
train,8k,115735,8d0a688eee8d634a6251f4dd4b8cd48e159ed82dc6d67d191f210d65e53aa27f
train,8k,37633,4c80d725ff6d6d13f7a982e46cfed6dbe1439f86d2f6653bdc2b435baa9a5f9c
train,8k,13691,22e1aa52da4fc0fa3c47f6839cc5a8ad242055038a2f34044d8bf807295b188c
train,8k,168672,9d8e09f5bfec28805758e7f37266b5ea7e7d59c15c24f543db8403c1fd2726a8
train,8k,124902,982e6113292cc15c793a5b2a1fc91d0a5d052aa9fb838e68c6ed316b943f09c2
train,8k,29490,1fb66b19ad5a2ef5e4d45d03f554c222fd828960c0f9ab6fc1a4f0dde6a797c8
train,8k,81118,8ed9e8ab75f53330c0a67c3b23ef12e0abe5870c076426b8d9c0b6e53373ee2d
train,8k,169775,7e8b675c2d78540cc42b298e0562f79550e9295733383efe37ac7a55fd9666aa
train,8k,89982,ac9a707e0f63cc36623097fa685052397bae119743d2fa41ec4cbd64b2f72999
train,8k,68346,15a165f830c6e8b0c420a1f531ab25e84dd96de65804076ee45816a22a711e6d
train,8k,87463,e1a5c795cc01361ce42ce8eb1188dfe2efdcbf3daece0788f57feb521e9e6016
train,8k,119122,872337bb8b9916eab08829b7e7c2f3a1f9176088395a51e38e085d9ea06bcdcd
train,8k,95939,56f2b5aaaf911f916dc99a5dd07f8412881d4758f56e3889cae45dbd2f121116
train,8k,18860,9204aa391a9f789c7b67356f63a25d757806f9470531a768db1c2a5605a4efa9
train,8k,140248,8ca49db7ccfb6e6d5bfc67acf6c0cecbd2d40c146fad924dfab34c407346e50c
train,8k,104176,c1d44fe6b1b1c535b96e6efb96717f45f7db67017ce1f421601eda7915256e44
train,8k,67169,8813079a1941832ce560ace25a177bb0f30816780e5400694adb6fb676f0079f
train,8k,130891,9b3740ac9d663943c5c2ba239b31543eea3abd868e1f53d5d99197436251e300
train,8k,181768,5c605b15b66273c56beca19713249613bb14f0ae8822b180d93c6af5e1d2a9f1
train,8k,12549,ca47e44f615afefe6854059df0f3024825ced4ba44484fd8a250cf2fa26719c2
train,8k,144279,de2ee0250edeb034baaa73ef27bd04d9f19687818ec73d28c8a38436729a4610
train,8k,125577,4ac634cc4a44450528a539e3b147aaa7008bdff50eba15a80791cf317c810155
train,8k,33482,80999b363d86793ec4ae930ce4f5b929c6c1ecd8f99cf2e6e919bbf7ba354911
train,8k,174166,b89f026ed8bce7f543aff6753ccc50d99e309cf7d6820208adb17af042b180b6
train,8k,176903,c061474b46a8192363e95b68f3c2767f62677b38e79869d9e47657ee6f35acec
train,8k,174253,b13f7b2e34797cb07e40c8092aa6f054585aebc8d0b84c02719d9eecb133f7f5
train,8k,171681,51aaa8329a5ffc1de900aaedc88def8a9f5579c022d8062153b78cc108e17523
train,8k,124363,025770f70f90c18f2227b4bc31fbd1c0c997a80f2d0c50e190c83a23075f7339
train,8k,151850,eec811f14d2df55c679e6c29e8f08273d701b09841b1241e2f8740160719324a
train,8k,38377,36e2336f59abcbb5c3f2c992fa6ba24e1300299ca76c357b3fedc53ec736e95b
train,8k,104950,09a5cb4aebc9e6376480c3f2effab23241158f808b114357a38811647e8d7974
train,8k,12982,3923e00c30711a69dc21170be1b4a88397c34491c9ae1afc911652c3c06f4783
train,8k,30684,fb297d402a513dc2ac197b8c8aa13e25f6f9cda1c458ea90373e72372d3cdc2b
train,8k,11852,090584aafcb9d564f03a98eda6548ed2a4f947f4e7849ade67d17d6a715ea4db
train,8k,18257,4e145c92a92ed8c8aba89e2f3bf611bb11606fc5a8e6b590b2f7af986962376b
train,8k,110885,ff2ea357d9b00ccaac8ea77d57d56824c4175911b31bd2e4103c4daf6e5fbf8e
train,8k,142157,b1b680f3ee61d64b83f271f72707bc39303bdae7e678e263e7ad115505781c5a
train,8k,97339,70708e337946d94b0855e2509751fd4627fb095a0653a09b805839a4a7ebbd1c
train,8k,13983,55a76b226845ed541daec15021607f73822a28e66e3121243c7934599c652a97
train,8k,3984,89bdaba6d5e6bde5933a37147199e4922efd3186511155f67ec768bb93aeb29a
train,8k,177177,92317e6f47f16e60c8f35aa34ac8bc9b64d79d547ce150b358ddcc32f3e1ab53
train,8k,142863,86286a9a870a541604ac3f06f04656b4c29fcb218c8def61cc6fbc9bf79c4ecd
train,8k,31506,89a8af1b395714ad034e7be6ba6e63deaf32b47e4936117d489085f61b9cbe53
train,8k,86577,8fabad26dae4e2f7b7b627889591b58b1f2829ca660f118eb094507acc4bfbd3
train,8k,135634,ca0ba1d73f7131307d0ef6d68339d00488f3cecf41dc30f133423e1d2269d888
train,8k,120571,3c02d0d432a9796bbaef1b6f5c619c20342a908ccf0aa5fd91467df3647835ad
train,8k,147584,a2eebae650fa76b47207120eac4b12672e6a8cea81526f8cb52ecef3b33496a6
train,8k,22243,b3afcfe8cb98956c4812d65292a1e63330f51b2d319ed22c975ec8e029a3add4
train,8k,23993,e4d5d19bbf385e252911e526df1fe5316b1357485c3492ccafc86aa8686b3e38
train,8k,91307,24906af2b52d41192e63561c626bde36173bfdd929a59e4e8a36ec7f798a129b
train,8k,40772,39c6cb2a198748f70ea438b91007cdc9b7bdffee8c83ec083a1678496ba2f6c8
train,8k,177095,17688d1ff9fd59f5b4e47f7789fa828136b1d047a89b55f04b9898e727d0a299
train,8k,3334,0843a4a813290e2c34f0df6ec9fdd9c383d3a2a973d75c838801eb1d4cebae58
train,8k,109748,bfa523c1f5fdb3bde9e66cece7f671d2d4fe6bd7cf386bb9aec583dd4b37a10b
train,8k,79490,c150336251297ee6352845c4186df4d417f11de3f7d614259179f6f2d1832c7d
train,8k,58554,da789889d2e04d15f71c28990733f44c0bb2e397ecee733fc5eb17c5fcaf6758
train,8k,16703,a5894a26990215ea8a99187e7b492606cfbb290e0aff4f3683488a01716a0e54
train,8k,2362,435b4847851080bd779cc6a8ff37f4a9f6484e8af1abe0ce1c9b9ff8620308b4
train,8k,143812,bf373f775c09652a653d97eec9dde311ddb2ec0ca2616d68648a84312ec06cb1
train,8k,106353,1916ffc5c8646f94d8453d946b0d728ed00961dc08b265ae1962fd56880afd79
train,8k,27382,2d27b8f6dcc5253907b7ce3a47c0b23c99f324a0c49be1ec9f404e46d3ab73e0
train,8k,90877,622612de13f46b16f0b2caf941dc06b16183d7679bb89775d1980db98a7b363f
train,8k,116316,d196a109b1157830cd6c9aa38bb19b3f1c5017d3d5ff574262311b4260bc8d1c
train,8k,24527,2b1157c094e9cd85e8bd6307cc28101c081ff9284c03a006bdd27ae16971eb95
train,8k,113567,6d1b55e970c4e1bf1c1056c469b1523478f5c85aad70654acc3893f3dcdf121e
train,8k,41815,cde0c45fd4a66c3fd1506b7194cfacb12ab419313419978e886b60e5ba5a7ff3
train,8k,67138,05397d9be6dfc84e07f3f1d7d32a2ffbc72702eb500659846377caf0722dacc8
train,8k,171026,0796915a248bbbf1fd38fe5147730df8cd31cf238324055f5cdfbf526daaf3c3
train,8k,58384,26967fe311f54a925782cea6667800909cbb5f5be3ec24dd1fe490b58a79bfd4
train,8k,15335,a6034c4b2819adfe905e9f74b2a72e47d07109ec69e7a142fff2588a035044b0
train,8k,90096,bc95b68f7110d8bd0dd076ce3ff92b2fd9ae8c0f1915f49afe2d6c94b58596c7
train,8k,38405,db66e1a60fbfcb57f97e804efd96acd2c5830f3ae7df3a064521988c4c458b8b
train,8k,71147,6374692b598bda83bbad671cfc7420f8a6d83f0a46cee4870fc5045dea6d759a
train,8k,39872,35763c79e66c45b62216de72440391c7de0780c3de7ea8b31a991f182a24e749
train,8k,84312,81ac85a849dcc48778ace8334714193cbb65eea042e98821e9f621ff5d2e5652
train,8k,159584,7590cbcda96dfbbb46d364fe732b2a0ed372457254ee3c5dda0125afb501b2b2
train,8k,85254,a0bf9b24efcb7b373843069824a253e506c99b04278783dd3f9c01f52a15d373
train,8k,121985,4e45ad93ce391aa2160abf9ebb5faed1699974d9d3ec1243343dfc0246aef9e5
train,8k,94963,173e680fd6144f84e5779489044503ffcd83f6a4ae83585db15bf470fb253b1e
train,8k,50981,8219b6297f372074f67eb8ec0786bce5438494f46f9971a181faf6b507417a30
train,8k,155918,28a1b8cd9b1f8814407a392ca1e939c3727b142fc3ea5a4e59e9ff47986c099f
train,8k,95124,12b5ef80e912d7f77c0a4f7c8a97d71b23c8cea77c782dfb9be14efb4317445b
train,8k,146086,02b3b29bd8fe105a3e5e586eb81ef220ee496ccd781b64519d3a8e4d595ec5be
train,8k,14197,809d568d117129c1f51276eac6c6a8155436c9de842f29f83d4de48c4d1a42c6
train,8k,9020,c90f7c856b11d40ac39b5c28fdadbd5d56d06f7a1b407a9bd0d32771329e2541
train,8k,76168,385239cd66c469e5d6e9d02f74dd5fd2824c52e2a8a9ef1f3b2c91b06e6db130
train,8k,57440,92971006e672fef3d95bee0b39cf33fe580aa864478c4feb580233de4a28f773
train,8k,101324,e09b50d1ae28afbe5e64cee582cb701f455b7a1ec78ef34d7ccff7981063a7aa
train,8k,13830,5ef7e0f421488d5002f1800a7d3e604932b5f79ff24ac333ce4b87bfca750daf
train,8k,78569,ca06b95288bef5641bbde714c99c94b18e2790f2dcbd149d3a777e7f6044be4f
train,8k,101736,93dcf9229fc40b8f0cef490dfa4ff48410a7705e392585d35314f29e42730ede
train,8k,176637,8ef3144a54032dad8191d09f2319024999a6d98ad6bc65325c3fac8a677564c5
train,8k,47827,56699386aca9ef1d5f726dcbfa2177a890387f96b4a1b2808f3462c97ee94154
train,8k,30278,787e4e5f2cf9988136fa923157938fbd32076e755a8d3c691a00c9fad0df4443
train,8k,72932,a5606f496e845aa9ae4afb57a2281287f2047b87672f7370c174a91f345621c8
train,8k,4511,1a4e44e238516d61a0fffb7d280b953a56ae742312df67807ae75092a6a1449f
train,8k,64366,93f7562dee691962555beacbaa8fd8c3d7c51e4a346a4fa47ac92690ae508415
train,8k,130830,bb36e86499b870cf986f95ddb9163e113dc7b7190aef60c83401e4c6f4a97fd7
train,8k,89973,f55712386183b7611dc71bd562fcf8bfe91f87f3f86e5e61b36aa62d950b2a75
train,8k,4981,2a0e5f66ceeff557bf662643901dbc9b42206544627f9031e96237909415805d
train,8k,5356,c7670fc041fb191f42187e42fd6736832092b2695082b6ae14fda6b80f5a5061
validation,8k,10630,ad2727c283251c2c841b4c330db77ec035d38a1ed99693822af08c1722a48389
validation,8k,62913,92dea3929172af16e4e67c88e3ea2168d2c21cd6d076f4258b3003c7b3702239
validation,4k,173765,0f3626a89568264d1ffbf8153f4bd1bda4dac0308ddd6152325effe2401b6f5f
validation,4k,31150,cc8ff91ee96c0f778a8adf5445b045cb5fe9c5fc554fb6ba43db3cacf2ba00ef
validation,4k,133111,afebdf1b6a47d70523f4e745be3c0198dd9376a4e6c07fd5e4834aa7a2b4a580
validation,8k,175359,ef407adfab5666098b447ddafec2f8f89dd420f5fd669e1a0bcf1e5ecc63bb23
validation,4k,63236,5a1c41d3db49e97b73cae374aefa4b136a21f1264360cb0561c8125a9be26822
validation,8k,181175,3c1477b79359e35e4ed251db6c85f6478257d23b137d2bef55973b29c7ebdc1f
validation,4k,22120,555ea2b22901cf6a55de28f56f3f8a7e5e6c4608e9e4cb58d363af31c373d237
validation,8k,106537,9a5a146c1af8472480b82b5f33485abf4bef48a911d5b65a5a9832ef89d80b1b
validation,8k,51915,7836c5ca9094db6890e8db77b72d1fae85f9ae84fa00ff8eef302109fe863ead
validation,4k,152089,636f46f7bce2b555475d45b1b56434cc1e4814340e0939a642a830dbf051b119
validation,4k,44148,b6e6363bf79605c347bd7482dff5731b232c9499b95b843cfbcae06dded20390
validation,4k,70343,d74484a2e4398f140df443f73763f32b68a9d665cb4b4e14de80a43208483acb
validation,8k,98274,0ca54ed8fd77b6d3b0c1d941a38081add50e6ca29fe7b5e4b11c81ee1308475c
validation,8k,69698,b6d4beb7d821b257377b3cb9a9ef70a289b8cdd5f18e0a200663388e1ddc27c3
validation,8k,167959,4adc3025fca0438c5ed2288914f5a3588f206366d04a24d4601d3b00cf9464ab
validation,4k,25660,e6d48149c0f4f8628ff3a726c64c076f84bc20f06424d9ca02046900cc4147ef
validation,4k,27163,0acdeeb351bed8db232ae0f305880fbe65687b80134a09dbed1f43e695b05e70
validation,8k,81206,ebd850949963a02708d94b2ab904c0e65f7bfd71b15d2eeff23a6eebdd98e883
validation,8k,172641,e04b9336ed5e1391b756e042b0f4aa7c77a6d2585e639c9427708bfed0a7fae8
validation,4k,188050,9c9e5a0af0169cd9f04eeff23c26e15836be7e606817958a7421feef66e99cb1
validation,4k,152677,15f25a16f150c9f3ff39642db3936c27c1a403edda56601beb5dd587d3369c31
validation,4k,45122,6ada1f59bff82ba99ac3b6092bd0ece2f9ba5592033b8cb6aa6f7d4b374147b8
validation,8k,119857,5c147df02866d2dd6fb1f63d73656b7141c29f86f34495b0c1fe90967740ed27
validation,4k,39908,d0ffae9b17b8c5f5fe11f88dfecb80bda137b16025202e629b7b2a2fbc7968b6
validation,8k,83678,89e0ad8f275e5197853a465a5bc47b2d0a274b19c5f23a5a5240f339b6060ead
validation,4k,75601,1509a14069e5056eee055ac5ca016cbc83adf2e0d7292e2c1f84531fbeefa7b6
validation,8k,111292,1690959ea6b5ce0ff9adb6a68364c5ee0f9e801fe2eae3a4704a1b5ba7be11d2
validation,8k,17488,0c05f18f34ad9c43444ac49570d72a854322726aea91b8834508f820528b7e50
validation,8k,66182,f51f5508833f185899bca3f2e9aad6e2ba1de5f4a9b34326fc4734cd14be4dbc
validation,4k,189394,1f238d4620f493d678bf3a36ee9be5a23a96d604ac314fce9cb1c8d151a6adff
validation,8k,147323,711299933a685a21e2cd1f27067c04803cadd9b8e12f766313abd4a5144f6e0f
validation,4k,128331,52d70d2d8f7685daa2778ab9c7d8d6f99562e8879c9c51e6a6750bedbd47eec1
validation,4k,136257,7cd01d76b5036cbebd98cc5e5c44402122676d7719ee240c09c906439b812496
validation,4k,40688,c29d3b4cc92cfd1a4ec48d58c294cfef9d4ba2ea94c0c2ed266d832cfe510a8c
validation,8k,11719,625923e030751e998fe76123ed382cef221b012eecdaa680a41b9732318b55c1
validation,4k,117143,f24b434ad9c3a2685460dfc514e4fc912cd9a82817f993a84f1ce918f003340d
validation,4k,12150,3ddfd8d58c041695f5424c05642927bae55f4624e74173ccff2e7c697c41d008
validation,8k,45316,0f97574f43705e633bfcb2384a19de148e63d86ee438cffd99e858a5495a0f41
validation,8k,151962,b8e8864afa3be40abd13adb934fb1400620d150a5df5009ced3a72934d432c67
validation,8k,35651,9b22fa111cb2ce81454c8a1f32ed5de3792229db2dc2ec79f46235cfeaef5a2c
validation,8k,106308,99bfa25cd8de96a1275b5c7f8426a0788af57abaf49d89de1ccfa632b840fd92
validation,8k,103170,e1d2077ac007e4d1f35d3afa3153744b30ce1c7435ca2917390f9067a64153cc
validation,4k,74265,a9ad8918a12b21c3e6fa473c615458a2c1a548d1c673760f158732b718097d8e
validation,8k,140962,77ee7d256ba96074ad8ae361b1b680ecae557b0c5f8b161ec48f962a593bab71
validation,4k,26192,f36fb2146a27d5414e9d809791ba2a0dbd3b9d89a8c16e99baa5a04628e7e035
validation,8k,71085,76b1857d608419a90f81e0cbc315b7dd5499e33a78f772ca40f219571ec86a82
validation,8k,144374,08e11be5555ca5bdb5550e55cb339fae8f21acabf8e31a9cf54cd7a04f938496
validation,4k,101656,1923252a16ed4abc274f720cc53066fcd2f61e24a11b35d43b7c71f1d8999ebf
validation,4k,113638,aa0352d364373654f49dc5067787cd1f6543b0e2243d059d418ef492142880c3
validation,4k,148036,1609dba5b5f05e01bf6496fb00a50e236d7ed20eae42b37a10fe2a76917b14a3
validation,8k,44317,c2a985100bf7b85864d75fbe8312d694d9ff5f474b5f379c6b94753421f48617
validation,8k,153344,2766d5bfe05d7258674aee0f81d91efb393130c430cd3bba3ac539d93d489f6a
validation,8k,129506,6b0edcefbc44cb306bd169b5ee46fdf95f1dcd74cb06accdc55a6cd86d908dfc
validation,4k,164480,54468c8aae22de5882771eead5e3352b8cc6d80511c35a89dd065e3b33f5bd50
validation,4k,125624,f6f6cc8140b050b7dccc8cfca879df49ceb0916bbc45359e69647d1666d3f6ca
validation,8k,33825,6126f831d76992695c5099bc9ca1640cd382652ee31e04f610baf38ade154877
validation,4k,153133,4145b7c752392092feeaddac70dff4daf5100b3374de94d3a9fa52726867ec22
validation,8k,61963,ea3f0f32238c063e258daf0e6188d0edf6d0ae873fa05dcec790094c963b06dc
validation,8k,181022,c72ee9f60cacf6f16253a02988a32bf4ffab368e439cc2630d33db38611b629c
validation,4k,117351,64dc0ec6cb608354378d78e3571a4a2e95308a10775aa4d15a7fb3687b35fdd1
validation,4k,31185,5bd46d0b52a7bfa262f4587fd847e4150610b3ae60be7bed3bd7139b17b784f0
validation,8k,75330,b5320296cde395bb22317c997a27e85da009e944d4279c733231ac7da64f8e33
validation,4k,60244,0c68d428e1c04b05293f112b0479725602798b028602df1386e88531cbe09273
validation,4k,172633,5562e82023a4dd73a813063700ec08d31aa0ddb68ad91d062892811a3d3c23bd
validation,4k,179791,cabf65c6a57a57da624728f024fa83048b3cb94c5cb5388e15e892d2fb2d783b
validation,8k,100725,b5c58c1ca8406cb8465b79b6e6b91c69accac2054d3694fd0be3ae9c1f2428ba
validation,8k,30024,f114aad7ca16f2643e7c8bdc79fa9278afea0cf9c7fc6e501170291069607fb6
validation,4k,60643,72c04f591e3bcb8466f8c6e34bc0198f1d40e238eba1840f61fa2cd1c2321c4e
validation,8k,1315,a68b8a604507d50c4318fe212920099c88cbedb6676c174fb05aa9ef58bf92f0
validation,8k,94682,9cb8f1a94bac6d5b3b389f020a68d64dbd6f34c4329358d0a6bc7562f7c36268
validation,4k,51446,85fd81f34df458fab00ba6024c0478378ab22ae40b9f60eed9961f68f51dce02
validation,4k,86318,c7252dd9ec55663a735897b3c6b9ee165464ab332790c554d7c71f621c924f30
validation,8k,13038,9ec487e048c2380dd02a7ad074831daec2f8017e2c9d9a722906de8c435d1ba4
validation,8k,180059,1af5cdb430b5abcbf02179bc5fff2ae8e5d50a4e8f94724b30a79308268c8f54
validation,4k,143218,889de7e4e94b0b349d2b8f8d6c4f1c709d90b43b99ca742103f4075760ea509b
validation,8k,87367,0631ba47f69efcf1b5a3f6fd1a831664e88efc2d24a6e01749fb396411b85c89
validation,4k,54443,ef2b63340d751831c1a09075c9f7c3c583303d209afc089f72c0adedffd6cebe
validation,8k,61853,d9d94d559b01f106e01c44e43d7fb931bef200424e2854ba7d57341ab0cb1aec
validation,8k,114420,90defb9696e914d8f52c936a9f1bd29e15e386375eb9378179dbacd8d9157cde
validation,4k,112646,14342b19ce1280f59d4966208b00dd8bc8d132463e50d2a48ae478eeece74a2a
validation,8k,69892,bb9c8e7d062579b01dd6357ead286e66261fa531d48fce16781f6f12858470d8
validation,4k,84500,0bf1d1169a7f042f6bb6d8504bd5affb0c4aaa1c37498c1996e0387736bdd7bc
validation,4k,187819,fabd20f1810979e4b1b56f08ab9967aaf94d2bdd3cb7335671d4817e489e9b20
validation,8k,12808,13093ab667b7e148d36dc5c1102cd83f40938d830802476b6cd3b52606aa945b
validation,4k,15559,09d419832b5207a1c62916892065bb1db9635c660992b5f824a8254448bd6f6b
validation,8k,114489,8f72b48a392b8d93e11b7a3d23ed14cf2a9f313b0fe5c6715dc3b298f7ed35ca
validation,4k,115986,064f4f8443b5b31bae19602afd12c0dd3c91f3b9a9cad1bed45b60cb318738a7
validation,4k,5731,d536f87b2bb17145414160c05bece37a82a685dce67d50044076bbb3963e8534
validation,4k,67991,4a84f321eb2c9a40c5f75605034e35d234d0da10f9842d48365fa7d7f5f3fd7b
validation,4k,46042,1cdfe675e1b407b089c267fb09901dba2703b2f3a358b8c5e36e35822ca1fd2c
validation,8k,140296,9ed72beed0d3902acbfca0ac87c3f9cc337e475bff746abae17f1f0bf65f5439
validation,4k,73875,ebd54293dd1528c0e87321b01fc2313be5140211721b3991bfa9b5be3389d18d
validation,8k,41195,5dcaaecfca5be6560abc8e2bc36abcfb3bbddc729422b6a13677b225e4b72e61
validation,8k,145685,9217ea71fd0f6176e7bee539aa267b6ad2bc770ec32289fbf059585a2727433c
validation,8k,128076,7d2b7ab22fb08d037d62db0ed4b7aa5132e4fef6a31cef8f25296511fb926150
validation,8k,38726,608d270d1e1f9e3bbcaa62fe2c36e767b618037501fa9f01847f07c325a9ce0a
validation,4k,90762,8757a4d8a314471252a1a9e5b6a3e8a3454b5ac4f91159285b3a510e39183077
validation,8k,110854,de6de449fb336c47cc71aea8a24cc624327a4fc5d8cd6e83f0906222726544ad
validation,8k,63091,d6cbb5a04ece846ad511a83564eeee054c7fb924ea21eba122f968267c762206
validation,4k,64895,d31b408875120f5e5b1721c551a85a97987eed41ff129191ae7f2185ebea9a91
validation,4k,104801,cc382031679b2c2e6848cef878595e5eeb6f6f8f6325dc8a48c64250e0667188
validation,4k,60627,38cb5c5a40d9c7911ef445498ee9c6a968603d0d83bbf0859cccdcea81b01179
validation,8k,25679,0275bc1b1eff5ddd38b566746eda8ab773dd75fc36996d2923687723ee11ff63
validation,4k,89953,19a81d949f30d49626ff7ed1e21d2e5b193a8626b43ab5df2bb2d1f6b3b96df1
validation,8k,146965,f66b6b3460648a8230720cd9de7123a34b2b26322a6cb570303d19f95a9aa030
validation,8k,137515,07f4f5309fee4bf8f9a85346292df222dc097ac4af1679899bbbc605f86fd4aa
validation,8k,70898,0e2daf206cf8093fc6bcb5e95692c4ba1af0c2735af3548eafb60d3a17f16690
validation,4k,11339,554663f30aed40fba91ff4c2fb9ae1c61daf2e00b84e0aa6a8e9a9b8dca3e068
validation,8k,112295,23ecdaa7a8bb194c0330c1b92e79eb2cb3f7b2f379f38248b2c345d6ad0bbbc0
validation,8k,115546,1793db90d8541d86f6c5d14208fb0c33b66afea507273b161ff2420fad4526eb
validation,4k,158521,b96ed59e30b79d87f32cec05998f67ae8135cd4a6c914eb8683503d8cfb59cf5
validation,4k,66414,839514fd700f72553034025bdb76e4a1d165ae48d2efaf59b70f314ff18e8af3
validation,4k,58139,6cb7fa63c3cce9860c10fe615092c8305dc6b506fc79a32fe8ea2d5e0db23a58
validation,4k,12554,57d2f06e4457b76981ef42f1b02be5d2cfc892b5a4b951a6758b8aea945e4748
validation,4k,95818,e5fe0dbfaca100ce197077f90329701475d1b2b3a7374fc4c9322ea14c54f7ef
validation,4k,25813,ebd754422b0e1124db1812e713634d983210a11b08aaece4ca4add87d3e050f1
validation,8k,31525,9d65bfaf019ad8832e5c8442d70e7ebe42fecb31ae1371afabb1840233e2d019
validation,4k,186029,a407796e568bd37ae34c1ee4e2eaa372bc29430de171e059847ff9f520a4c58f
validation,8k,15079,93d8d3989d16540118a446a687da3996031f60d7e83ad08f2eaa89df788d49c6
validation,8k,105309,8544a24ae79deece318705014ffc3b83e9e27aad30901147505dff3aa1737f4c
validation,4k,58379,f51f7c9faf56183e0e149c1339f9e9042f2700bb9ec50909323b8f318c5ca945
validation,4k,68001,f32c442858a7c135a921c5cb8539e16d59d647a9c5b0e69558071eac5a7c6419
validation,8k,168850,f2ac821be3d7b5b864a94d859b4e3793ceef2301c7e3c269ab7dceaa5c985abc
validation,4k,39293,f2bdc289ff7765d86694157a89e159614e9caa12da2011477df0b75ac3be4c8c
validation,8k,24328,1f49f89e84388a14c9b894fda27784e8ddf631a855b22bac7eab565e075a829e
validation,8k,76688,41d410d5a82fd68b1b57eca4acf36cff9ab188a972eba22d03442ad20f52bbc0
validation,4k,32962,e91512c46a4bd5cf3b5eb3a0334e26bf9856994fed9c894943ea081b774c0da4
validation,4k,5627,0fad6356c02c02ab97fa5797d2393422147188b9e1e0c9a3306a6107fe9086cd
validation,8k,31330,9086a23ba494a3642919a49b6d0a2b856ba0401605082fb24eed4174ef6bcef1
validation,8k,121679,2a739d56c9e70065ac441257a94bb941dacb8563611e62c319c067c6f0ba2581
validation,8k,69807,01660259a430c003765ee4778c46fe7aeddf787d13aeb64951f3376faf74a40c
validation,8k,138968,41a11f45304e9f905072e6d13ca4ad3bb3e31462ac09e581427e71757111ac5e
validation,4k,36575,955f51c7cb30c42afa14e2c1c9ac012ba6c1b8f2107b401b6b62b8d8e3778b4c
validation,4k,37906,2ac4c4eab3075b1c06510f212786ba27d46588c56246b87f0c8ea5451ecfc415
validation,4k,16222,0333c1190a86a81a1c396cd17c2db5e6e72e175515bbe5b1cc8fb95bb7129130
validation,4k,97773,f3759411fc1acde47f800999dea31df5479898e5914e4e64ef56e3470ffb395e
validation,4k,192376,7c9df90255cf36d0756726c0b980e30d8fabcd7aaa421d379e0c9692f42e65d5
validation,4k,172,40cae633bd26e2312f5e8b7342b69074618c7932c5460fe3d554f29957a639b2
validation,8k,111650,9f1206d74ae32bcfdda3f1a73e65cedbb0df5b1e904d42183515ce1c2daa00ca
validation,8k,54862,b279a94eba921ad627228057d47ab6a200e7ebecf2ee23aa325bb9459e27fc04
validation,4k,21202,1e4e4880147a6d9f2145b884d0fd58d62700c9e30d122754dd8f756dacc7b238
validation,8k,117109,4e502d88e3917f8867749fb83565a5950c0f2a7c1705d591cf48894279c493bf
validation,4k,117585,8b0c5e19bb4b4f0045b0bebe623d260fdf7517a1a79f2639ed194e2a93bbb8aa
validation,4k,95437,c9b9234e07e9a39866ea3d29fb101d25ed70140407733d03ff299cf674d6a184
validation,8k,51992,a391be08cf64d2749975cd9f206aaaac431d38c413de30e1b7174b5f3f85256f
validation,8k,100502,49f24a460c7d1e43e8a3d4d6faa0892b3260cb6b6544bbcc4cd09dae6d652e9c
validation,8k,156911,5d34007a86d9067e3beda5a9ba43da824dde8f6efaf96cad343718c96f01b6d5
validation,8k,178249,2050a34ec0a8daa744fc27f09e5e01a5d609fc03c91449548858e44f9cf4cc06
validation,4k,97923,fdc4320f6bd5b392267e36d6c0722365b784286f21e5a558cd05fa087acd069c
validation,4k,172564,5bfea06965c01091490a1afcc8028e2ad8c65a5fcfcc9689a9f8ed7a00842ebe
validation,8k,104674,4863729be3c81542106ecc88ae06d76e17c9624d3463395c2061e96f58a78235
validation,8k,124320,85c95a9dffa75c8136bc812835d0b91d45438315b4709335e3223d87eb32cf8d
validation,8k,5888,5bfd94cf0a3e267e745afeb7f40a5cd981da457f673d0abb7b723a3e73e523c1
validation,8k,151536,8ef6c6278da6237bd03474e9aa802083c2c2aabdf5c92fd276a5fe59d380afaf
validation,8k,135594,4eb7d593904995fcde670a53dd098c135ef08b48cec8bd4875a1192e6a2994f2
validation,8k,40636,988d8c010ec6335ce5bb335efb22f2c7b1045c43e01dc60784db31bc930b743d
validation,4k,96317,536d276bfa80b5f87ab3b3c909edb45f20563c5797c76eb090237685cf786719
validation,4k,20394,7a01e6ad4d0428019d9aa3b207d60c02ed79ec86a8746af7156397b854c2718d
validation,8k,56585,1f814f7405502a12a8f445dd165657a9b0921b991ce81b98673d02218732b15a
validation,4k,118364,92b69f5ccf059ad64451a50954d3a99a7e564488a01e90d76be9745317ea06fc
validation,8k,15502,07f06a00a89f939307805fde57b0b7e47df5ea6ff6b16b31de0a8b0a5702fe27
validation,4k,64467,173cb6bc4fa8e9865b2716776dfc15b13cf4c8c09c50dc699aca2d9e33b18caa
validation,8k,67555,7cca9e2408b98f6eea6def738da56f4ded48576cd8aaa04d2d815c9891a2e7e9
validation,4k,155035,c45e086ec8ed60c667562901e24ce29bec0b9f659baa792f4038e4cb066a73a1
validation,4k,40419,835611e47f50a76fa2d0f70766c8418dd187f0a044ee7402f500ea909c466992
validation,4k,26805,b3584cc2192c245239c3f24f1a73dbf4c1899e3b993855d6c962699df3418ed6
validation,4k,28679,e7dfa13812d8ec40cd4bf7902ddd616848507383c3157552f9d5d415e50ae59f
validation,4k,3265,74a58fa11d92c8f82eadd245e7bd0ecfca4af8a44ad9eec3cd27186946e6277e
validation,4k,73912,82ac92934ffe766423e696de43d2d2baf879011ca7b34e66395afa47826d3e45
validation,8k,51805,34130f89b6d16af8a419701481c8b0c7cb63e60ab0c706e26c00f226de623b90
validation,8k,6332,3d8a8ac2166ca8103c2d1c873d599824ebd8a3c2ea6df6d7e85558f992348acf
validation,4k,53104,af46a48841046f8a490ffc8f7c2d60700c7ceb41e971c665b57d8f734a97655b
validation,8k,156456,07a0fcea910d58dedd086b8c8840512468e57cff174ce78e9e188c30149d751e
validation,4k,34936,2441d12ab8c11c741de1dbf7cfdf2a402acc9837392e179143622d3216ea57a0
validation,4k,112386,5761957dbace7f280780904ff0bfa6a3c3ff6176b1f038ea489eb425b79e5b0f
validation,8k,131183,f6ded7be3158fa4eef9ef6826f84a234528eee5cfd4a227616ada761fb910e76
validation,8k,172002,5a39e499a8a1a1decffc511e79206a5ee4c3cd1929abe68dcbf93e8ea3c20c9f
validation,8k,107878,c93cf079981a3bc8a110ed147a260834d20bea6c1f0179268d0b8bcc95152485
validation,8k,61412,b14fe2fc217aa5afcc392ed4729588ca0e2e0306dda42c66e4ec1a748b46ba76
validation,4k,20165,ed4b0e9771ed13f70f02ea8c6c752a70451cbb36f5b7b6f3aa090e5d242e8c2f
validation,4k,77498,e56200c8caa675a576995fa5ff8db1fc935fb4406421cd4c67fe94f2c85db817
validation,4k,106100,c17aec5435daf752f5363c806e767d59abaebc6abd38fbfb717c408eca1fced8
validation,4k,2863,6f33f74b47439606d5d6aa44896d561af45f82304a6465c4ab72dd40fc5d60d3
validation,4k,112129,b99bd44abc20f0c12f7160636dc83df41297095323fd0b96578d585e81a3db1f
validation,4k,64468,556946dba25c467b3ff171affe83670332f924935c9f80bb70111c70da727739
validation,8k,136348,da652c1ab2ef30e7669e9c5ec03db24aa594c4efc3c9ac7639dedad6c6168773
validation,4k,143617,5cf45622f97a7305ff90e4bad787c196fe7ebb16650007c3e4a84d43498493e5
validation,8k,175521,435892dd927a8981ce44863944658c17ac0861a931f2a1c903931f646179966b
validation,4k,121084,d2b4f3c41cb9380843fe1b3b4275f52b2b33f1891583cae0ae9db78d3ec3b640
validation,4k,35242,5fe64f50cbfe05a37f8dde68f8fb7f3e01e0177d2c2b56c94447da155a481583
validation,4k,139569,67acfdef93dbb89a67bba379264893596a2ae69effc669a2eee12589f706a833
validation,4k,61133,c0faf9a9afb2e64c47d8b6027e56933d91501512cd31acfb0f9149e35559bab7
validation,8k,165848,a53b35747ca8c324ce3be1522281d1ae4542294673ae1a610d7fb153698ce7fc
validation,4k,105010,b9722f85c8e83f4bc0451180db554ecdde19b8037c71b5a999261a9aa26251d9
validation,8k,15770,5929b8e79afd4cd771ff7adec1842852c9481d47d79268dabcc64b87e5615f35
validation,8k,42330,c6d0662f11eebf538e52404f04c81a804de068f600927b15dd0daf0b0f4dbd53
validation,4k,109765,2fe99da46e15f6e8d116e48011c931dbfe0cdf20a1bccfe65fc3c51b9728e043
validation,4k,20529,4e2c5ebce95e142a6735de2fa918be65fa6c538e863542b5c9c0826cfec1540d
validation,8k,127203,cdda713332085b2e32a6ac0d91db378bf23442b3951c2f358291e46d2476a94b
validation,8k,83843,dd49787776950adde745e6a1108516f03378038faa7f3deace8346e404bb32fb
validation,4k,150408,dbde2762a7274d44efa6f80945854fc0c5a94fb8b78627900c963be2972a8e7f
validation,4k,116617,ef39ac571968e0bdd5835768acf4f2bb90a5e5f5697252746793f30c0623ae03
validation,8k,59264,6d8464ea5377a9d7c84037bad162c17913cbf0542c2d2137cfd5d1af72c34f5a
validation,4k,103404,940976cfd9c0dc28d5a924f1ebf15dec2a09179d7d0592da2505fdf52af531cf
validation,4k,72776,cefa5197ac90e14a83617e075766f194fb620afe69a8f7af18c56d4b1b45b4ca
validation,4k,14878,007410183bebdc9701340d27c5e10a665d08ee9b0256650fa05855fe421d60d0
validation,4k,26932,3df95a57382b684e0b9e46ee68a750d79b98fb309e9c1f132738b4872c6df620
validation,4k,102676,5cc3e4fd7e62891d68274c689a651416f23e68b8b46039f94a939fa25f89f415
